position_id,game_id,band,H,actions,saturation,cells,unresolved_cells,hidden_mse_lower,hidden_mse_upper,revealed_mse_lower,revealed_mse_upper,prediction_gain_lower,prediction_gain_upper
100003444:164,100003444,mid,24,10,varied,5120,0,0.02208251953125,0.02208251953125,0.019677734375,0.019677734375,0.00240478515625,0.00240478515625
100003809:112,100003809,mid,29,8,all_win,4096,0,0.0,0.0,0.0,0.0,0.0,0.0
100003809:44,100003809,high,42,4,varied,2048,0,0.13111495971679688,0.13111495971679688,0.125762939453125,0.125762939453125,0.005352020263671875,0.005352020263671875
100015660:108,100015660,mid,21,6,varied,3072,0,0.18310546875,0.18310546875,0.15596516927083334,0.15596516927083334,0.027140299479166668,0.027140299479166668
100015660:12,100015660,high,59,2,varied,1024,0,0.24024200439453125,0.24024200439453125,0.22650146484375,0.22650146484375,0.01374053955078125,0.01374053955078125
100021952:103,100021952,low,13,6,all_win,3072,0,0.0,0.0,0.0,0.0,0.0,0.0
100021952:61,100021952,mid,34,7,varied,3584,0,0.2557487487792969,0.2557487487792969,0.21416800362723215,0.21416800362723215,0.04158074515206473,0.04158074515206473
100022686:103,100022686,mid,28,4,all_win,2048,0,0.0,0.0,0.0,0.0,0.0,0.0
100022686:81,100022686,high,35,8,varied,4096,0,0.19757652282714844,0.19757652282714844,0.1779632568359375,0.1779632568359375,0.019613265991210938,0.019613265991210938
100034997:37,100034997,high,44,8,varied,4096,0,0.086761474609375,0.086761474609375,0.079803466796875,0.079803466796875,0.0069580078125,0.0069580078125
100034997:70,100034997,mid,22,3,varied,1536,0,0.009821573893229166,0.009821573893229166,0.007853190104166666,0.007853190104166666,0.0019683837890625,0.0019683837890625
100034997:98,100034997,low,13,12,varied,6144,0,0.029338836669921875,0.029338836669921875,0.00017293294270833334,0.00017293294270833334,0.029165903727213543,0.029165903727213543
100035714:118,100035714,low,13,3,varied,1536,0,0.0616912841796875,0.0616912841796875,0.047322591145833336,0.047322591145833336,0.014368693033854166,0.014368693033854166
100054515:5,100054515,high,59,7,varied,3584,0,0.17920357840401785,0.17920357840401785,0.17965262276785715,0.17965262276785715,-0.0004490443638392857,-0.0004490443638392857
100054515:81,100054515,mid,33,7,varied,3584,0,0.04506138392857143,0.04506138392857143,0.04380580357142857,0.04380580357142857,0.0012555803571428572,0.0012555803571428572
100062609:84,100062609,high,39,4,all_win,2048,0,0.0,0.0,0.0,0.0,0.0,0.0
100069709:127,100069709,low,14,7,varied,3584,0,0.061274937220982144,0.061274937220982144,0.014508928571428572,0.014508928571428572,0.04676600864955357,0.04676600864955357
100076296:162,100076296,mid,21,7,varied,3584,0,0.10170200892857142,0.10170200892857142,0.09102957589285714,0.09102957589285714,0.010672433035714286,0.010672433035714286
100076296:23,100076296,high,53,3,varied,1536,0,0.0019785563151041665,0.0019785563151041665,0.0020751953125,0.0020751953125,-9.663899739583333e-05,-9.663899739583333e-05
100101680:115,100101680,mid,27,5,varied,2560,0,0.179998779296875,0.179998779296875,0.1384765625,0.1384765625,0.041522216796875,0.041522216796875
100101680:165,100101680,low,12,6,varied,3072,0,0.013371785481770834,0.013371785481770834,0.004923502604166667,0.004923502604166667,0.008448282877604166,0.008448282877604166
100101680:43,100101680,high,47,5,varied,2560,0,0.0381072998046875,0.0381072998046875,0.0386474609375,0.0386474609375,-0.0005401611328125,-0.0005401611328125
100102283:108,100102283,low,11,8,all_win,4096,0,0.0,0.0,0.0,0.0,0.0,0.0
100126490:114,100126490,mid,15,10,all_win,5120,0,0.0,0.0,0.0,0.0,0.0,0.0
100126490:53,100126490,high,45,7,varied,3584,0,0.22872052873883927,0.22872052873883927,0.22869001116071427,0.22869001116071427,3.0517578125e-05,3.0517578125e-05
100128374:108,100128374,mid,24,6,varied,3072,0,0.07562001546223958,0.07562001546223958,0.06333414713541667,0.06333414713541667,0.012285868326822916,0.012285868326822916
100128374:64,100128374,high,37,6,varied,3072,0,0.20614115397135416,0.20614115397135416,0.17154947916666666,0.17154947916666666,0.0345916748046875,0.0345916748046875
100153576:19,100153576,high,52,8,varied,4096,0,0.048311710357666016,0.048311710357666016,0.046772003173828125,0.046772003173828125,0.0015397071838378906,0.0015397071838378906
100153576:59,100153576,mid,32,9,varied,4608,0,0.0004374186197916667,0.0004374186197916667,0.0004611545138888889,0.0004611545138888889,-2.3735894097222223e-05,-2.3735894097222223e-05
100211170:218,100211170,low,12,3,all_loss,1536,0,0.0,0.0,0.0,0.0,0.0,0.0
100211288:5,100211288,high,59,5,varied,2560,0,0.1125244140625,0.1125244140625,0.110595703125,0.110595703125,0.0019287109375,0.0019287109375
100211288:79,100211288,mid,34,6,varied,3072,0,0.1752497355143229,0.1752497355143229,0.10996500651041667,0.10996500651041667,0.06528472900390625,0.06528472900390625
100213160:101,100213160,mid,26,5,varied,2560,0,0.0772247314453125,0.0772247314453125,0.0617919921875,0.0617919921875,0.0154327392578125,0.0154327392578125
100213160:131,100213160,low,10,9,all_win,4608,0,0.0,0.0,0.0,0.0,0.0,0.0
100213160:79,100213160,high,37,2,varied,1024,0,0.2492828369140625,0.2492828369140625,0.149169921875,0.149169921875,0.1001129150390625,0.1001129150390625
100238615:122,100238615,low,14,6,varied,3072,0,0.11368052164713542,0.11368052164713542,0.02044677734375,0.02044677734375,0.09323374430338542,0.09323374430338542
100256265:48,100256265,high,47,7,varied,3584,0,0.023707798549107144,0.023707798549107144,0.022879464285714284,0.022879464285714284,0.0008283342633928571,0.0008283342633928571
100267203:123,100267203,low,12,3,all_win,1536,0,0.0,0.0,0.0,0.0,0.0,0.0
100285357:130,100285357,low,13,6,all_win,3072,0,0.0,0.0,0.0,0.0,0.0,0.0
100286773:99,100286773,low,13,7,varied,3584,0,0.0008479527064732143,0.0008479527064732143,0.0008893694196428571,0.0008893694196428571,-4.141671316964286e-05,-4.141671316964286e-05
100331811:126,100331811,mid,17,3,varied,1536,0,0.09343465169270833,0.09343465169270833,0.093994140625,0.093994140625,-0.0005594889322916666,-0.0005594889322916666
100331811:152,100331811,low,9,7,varied,3584,0,0.22909763881138392,0.22909763881138392,0.017281668526785716,0.017281668526785716,0.21181597028459823,0.21181597028459823
100331811:21,100331811,high,54,7,varied,3584,0,0.05652509416852679,0.05652509416852679,0.058680943080357144,0.058680943080357144,-0.002155848911830357,-0.002155848911830357
100338609:123,100338609,low,8,5,all_win,2560,0,0.0,0.0,0.0,0.0,0.0,0.0
100369970:108,100369970,low,14,7,all_win,3584,0,0.0,0.0,0.0,0.0,0.0,0.0
100381890:113,100381890,low,9,2,all_loss,1024,0,0.0,0.0,0.0,0.0,0.0,0.0
100381890:7,100381890,high,59,7,varied,3584,0,0.12209211077008929,0.12209211077008929,0.11617606026785714,0.11617606026785714,0.005916050502232143,0.005916050502232143
100381890:70,100381890,mid,23,12,varied,6144,0,0.22501754760742188,0.22501754760742188,0.08460489908854167,0.08460489908854167,0.14041264851888022,0.14041264851888022
100395176:145,100395176,low,12,3,varied,1536,0,0.17702738444010416,0.17702738444010416,0.024698893229166668,0.024698893229166668,0.1523284912109375,0.1523284912109375
100425466:38,100425466,high,51,9,varied,4608,0,0.019390530056423612,0.019390530056423612,0.0194091796875,0.0194091796875,-1.864963107638889e-05,-1.864963107638889e-05
100425466:90,100425466,mid,29,12,varied,6144,0,0.00098419189453125,0.00098419189453125,0.00103759765625,0.00103759765625,-5.340576171875e-05,-5.340576171875e-05
100435086:176,100435086,low,14,4,varied,2048,0,0.002437591552734375,0.002437591552734375,0.002410888671875,0.002410888671875,2.6702880859375e-05,2.6702880859375e-05
100447373:124,100447373,low,13,2,all_win,1024,0,0.0,0.0,0.0,0.0,0.0,0.0
100461382:55,100461382,high,47,3,varied,1536,0,0.251861572265625,0.251861572265625,0.13509114583333334,0.13509114583333334,0.11677042643229167,0.11677042643229167
100472932:100,100472932,low,14,6,varied,3072,0,0.19944254557291666,0.19944254557291666,0.14424641927083334,0.14424641927083334,0.055196126302083336,0.055196126302083336
100477671:83,100477671,low,12,11,all_win,5632,0,0.0,0.0,0.0,0.0,0.0,0.0
100485052:103,100485052,mid,18,12,varied,6144,0,0.1776911417643229,0.1776911417643229,0.07529703776041667,0.07529703776041667,0.10239410400390625,0.10239410400390625
100485052:109,100485052,low,13,9,varied,4608,0,0.0922359890407986,0.0922359890407986,0.027167426215277776,0.027167426215277776,0.06506856282552083,0.06506856282552083
100485052:43,100485052,high,40,3,varied,1536,0,0.201568603515625,0.201568603515625,0.1845703125,0.1845703125,0.016998291015625,0.016998291015625
100499941:137,100499941,low,10,4,all_win,2048,0,0.0,0.0,0.0,0.0,0.0,0.0
100509022:30,100509022,high,48,6,varied,3072,0,0.007254282633463542,0.007254282633463542,0.007334391276041667,0.007334391276041667,-8.0108642578125e-05,-8.0108642578125e-05
100509022:87,100509022,mid,31,6,varied,3072,0,0.014331181844075521,0.014331181844075521,0.014897664388020834,0.014897664388020834,-0.0005664825439453125,-0.0005664825439453125
100543794:115,100543794,low,14,5,varied,2560,0,0.050872802734375,0.050872802734375,0.016162109375,0.016162109375,0.034710693359375,0.034710693359375
100547717:19,100547717,high,56,2,varied,1024,0,0.12929534912109375,0.12929534912109375,0.11236572265625,0.11236572265625,0.01692962646484375,0.01692962646484375
100547717:97,100547717,mid,28,9,all_win,4608,0,0.0,0.0,0.0,0.0,0.0,0.0
100554897:135,100554897,mid,25,2,varied,1024,0,0.2151947021484375,0.2151947021484375,0.08935546875,0.08935546875,0.1258392333984375,0.1258392333984375
100554897:24,100554897,high,50,9,varied,4608,0,0.10725233289930555,0.10725233289930555,0.058186848958333336,0.058186848958333336,0.049065483940972224,0.049065483940972224
100593679:127,100593679,low,12,2,all_win,1024,0,0.0,0.0,0.0,0.0,0.0,0.0
100593679:96,100593679,mid,23,4,varied,2048,0,0.24962234497070312,0.24962234497070312,0.193206787109375,0.193206787109375,0.056415557861328125,0.056415557861328125
100598549:6,100598549,high,59,5,varied,2560,0,0.1098602294921875,0.1098602294921875,0.1142333984375,0.1142333984375,-0.0043731689453125,-0.0043731689453125
100598549:64,100598549,mid,18,12,all_win,6144,0,0.0,0.0,0.0,0.0,0.0,0.0
100635884:129,100635884,low,8,3,varied,1536,0,0.1640625,0.1640625,0.0,0.0,0.1640625,0.1640625
100648184:95,100648184,low,14,4,all_win,2048,0,0.0,0.0,0.0,0.0,0.0,0.0
100691279:127,100691279,mid,17,7,varied,3584,0,0.13244846888950892,0.13244846888950892,0.06952776227678571,0.06952776227678571,0.06292070661272321,0.06292070661272321
100691279:24,100691279,high,54,6,varied,3072,0,0.1831232706705729,0.1831232706705729,0.17128499348958334,0.17128499348958334,0.011838277180989584,0.011838277180989584
100729412:38,100729412,high,44,4,varied,2048,0,0.309295654296875,0.309295654296875,0.08294677734375,0.08294677734375,0.226348876953125,0.226348876953125
100729412:83,100729412,mid,29,6,all_win,3072,0,0.0,0.0,0.0,0.0,0.0,0.0
100741782:146,100741782,mid,32,10,varied,5120,0,0.06026458740234375,0.06026458740234375,0.05496826171875,0.05496826171875,0.00529632568359375,0.00529632568359375
100741782:99,100741782,high,39,12,varied,6144,0,0.007239341735839844,0.007239341735839844,0.007601420084635417,0.007601420084635417,-0.00036207834879557293,-0.00036207834879557293
100807649:146,100807649,mid,20,7,varied,3584,0,0.17252894810267858,0.17252894810267858,0.06295340401785714,0.06295340401785714,0.10957554408482142,0.10957554408482142
100807649:162,100807649,low,14,10,all_loss,5120,0,0.0,0.0,0.0,0.0,0.0,0.0
100807649:80,100807649,high,35,3,varied,1536,0,0.06254069010416667,0.06254069010416667,0.064697265625,0.064697265625,-0.0021565755208333335,-0.0021565755208333335
100818309:12,100818309,high,59,3,varied,1536,0,0.08533732096354167,0.08533732096354167,0.08610026041666667,0.08610026041666667,-0.000762939453125,-0.000762939453125
100818309:147,100818309,mid,19,5,varied,2560,0,0.1956756591796875,0.1956756591796875,0.1050048828125,0.1050048828125,0.0906707763671875,0.0906707763671875
100818309:210,100818309,low,10,9,varied,4608,0,0.0,0.0,0.0,0.0,0.0,0.0
100847705:110,100847705,low,12,5,all_win,2560,0,0.0,0.0,0.0,0.0,0.0,0.0
100858844:82,100858844,low,12,8,all_win,4096,0,0.0,0.0,0.0,0.0,0.0,0.0
100886487:201,100886487,mid,16,11,all_win,5632,0,0.0,0.0,0.0,0.0,0.0,0.0
100886487:41,100886487,high,46,7,varied,3584,0,0.04742268153599331,0.04742268153599331,0.040165492466517856,0.040165492466517856,0.007257189069475446,0.007257189069475446
100904280:118,100904280,low,8,9,all_win,4608,0,0.0,0.0,0.0,0.0,0.0,0.0
100904280:13,100904280,high,56,7,varied,3584,0,0.22996738978794642,0.22996738978794642,0.22628348214285715,0.22628348214285715,0.0036839076450892855,0.0036839076450892855
100904280:93,100904280,mid,18,5,varied,2560,0,0.0015625,0.0015625,0.0015625,0.0015625,0.0,0.0
100917533:104,100917533,mid,34,6,varied,3072,0,0.2384796142578125,0.2384796142578125,0.2197265625,0.2197265625,0.0187530517578125,0.0187530517578125
100917533:23,100917533,high,51,10,varied,5120,0,0.210797119140625,0.210797119140625,0.214111328125,0.214111328125,-0.003314208984375,-0.003314208984375
100926307:181,100926307,mid,23,9,all_loss,4608,0,0.0,0.0,0.0,0.0,0.0,0.0
100926307:67,100926307,high,47,6,varied,3072,0,0.05402247111002604,0.05402247111002604,0.053507486979166664,0.053507486979166664,0.000514984130859375,0.000514984130859375
100948542:16,100948542,high,57,9,varied,4608,0,0.1010165744357639,0.1010165744357639,0.0969509548611111,0.0969509548611111,0.004065619574652778,0.004065619574652778
100948542:82,100948542,mid,27,12,varied,6144,0,0.000164031982421875,0.000164031982421875,0.00017293294270833334,0.00017293294270833334,-8.900960286458334e-06,-8.900960286458334e-06
100948542:98,100948542,low,14,6,all_win,3072,0,0.0,0.0,0.0,0.0,0.0,0.0
100989634:53,100989634,high,42,5,varied,2560,0,0.09608154296875,0.09608154296875,0.07607421875,0.07607421875,0.02000732421875,0.02000732421875
101036806:24,101036806,high,45,5,varied,2560,0,0.04052886962890625,0.04052886962890625,0.03653564453125,0.03653564453125,0.00399322509765625,0.00399322509765625
101036806:51,101036806,mid,28,4,all_win,2048,0,0.0,0.0,0.0,0.0,0.0,0.0
101036806:93,101036806,low,9,8,all_win,4096,0,0.0,0.0,0.0,0.0,0.0,0.0
101041879:134,101041879,mid,21,4,varied,2048,0,0.002506256103515625,0.002506256103515625,0.002471923828125,0.002471923828125,3.4332275390625e-05,3.4332275390625e-05
101041879:21,101041879,high,54,3,varied,1536,0,0.10209147135416667,0.10209147135416667,0.097412109375,0.097412109375,0.004679361979166667,0.004679361979166667
101067118:118,101067118,mid,23,5,varied,2560,0,0.005706787109375,0.005706787109375,0.003955078125,0.003955078125,0.001751708984375,0.001751708984375
101067118:15,101067118,high,56,8,varied,4096,0,0.22658157348632812,0.22658157348632812,0.201202392578125,0.201202392578125,0.025379180908203125,0.025379180908203125
101086291:210,101086291,low,11,4,all_win,2048,0,0.0,0.0,0.0,0.0,0.0,0.0
101091245:11,101091245,high,59,3,varied,1536,0,0.247406005859375,0.247406005859375,0.22908528645833334,0.22908528645833334,0.018320719401041668,0.018320719401041668
101091245:145,101091245,low,7,2,all_win,1024,0,0.0,0.0,0.0,0.0,0.0,0.0
101091245:50,101091245,mid,33,4,varied,2048,0,0.13254547119140625,0.13254547119140625,0.1273193359375,0.1273193359375,0.00522613525390625,0.00522613525390625
101109907:133,101109907,low,5,5,all_win,2560,0,0.0,0.0,0.0,0.0,0.0,0.0
101123163:108,101123163,low,7,4,all_win,2048,0,0.0,0.0,0.0,0.0,0.0,0.0
101123163:49,101123163,mid,34,8,varied,4096,0,0.007305145263671875,0.007305145263671875,0.0076904296875,0.0076904296875,-0.000385284423828125,-0.000385284423828125
101123163:7,101123163,high,58,2,varied,1024,0,0.1418304443359375,0.1418304443359375,0.107666015625,0.107666015625,0.0341644287109375,0.0341644287109375
101150147:104,101150147,low,12,8,all_win,4096,0,0.0,0.0,0.0,0.0,0.0,0.0
101175147:123,101175147,low,12,10,varied,5120,0,0.0491546630859375,0.0491546630859375,0.0100830078125,0.0100830078125,0.0390716552734375,0.0390716552734375
101193575:65,101193575,low,14,8,all_win,4096,0,0.0,0.0,0.0,0.0,0.0,0.0
101222192:115,101222192,mid,21,8,varied,4096,0,0.1432170867919922,0.1432170867919922,0.0790252685546875,0.0790252685546875,0.06419181823730469,0.06419181823730469
101222192:36,101222192,high,44,4,varied,2048,0,0.1710662841796875,0.1710662841796875,0.16827392578125,0.16827392578125,0.0027923583984375,0.0027923583984375
101242039:158,101242039,low,11,4,all_win,2048,0,0.0,0.0,0.0,0.0,0.0,0.0
101266156:115,101266156,low,2,7,all_win,3584,0,0.0,0.0,0.0,0.0,0.0,0.0
101266156:43,101266156,high,44,3,varied,1536,0,0.13447952270507812,0.13447952270507812,0.11351521809895833,0.11351521809895833,0.020964304606119793,0.020964304606119793
101266156:63,101266156,mid,28,4,varied,2048,0,0.06165313720703125,0.06165313720703125,0.0279541015625,0.0279541015625,0.03369903564453125,0.03369903564453125
101273261:71,101273261,high,36,7,varied,3584,0,0.21801103864397323,0.21801103864397323,0.1453857421875,0.1453857421875,0.07262529645647321,0.07262529645647321
101273261:97,101273261,mid,31,6,varied,3072,0,0.16542561848958334,0.16542561848958334,0.07100423177083333,0.07100423177083333,0.09442138671875,0.09442138671875
101277896:106,101277896,mid,32,11,all_win,5632,0,0.0,0.0,0.0,0.0,0.0,0.0
101277896:60,101277896,high,40,10,varied,5120,0,0.0003936767578125,0.0003936767578125,0.0004150390625,0.0004150390625,-2.13623046875e-05,-2.13623046875e-05
101289492:87,101289492,low,10,6,varied,3072,0,0.01782989501953125,0.01782989501953125,0.00396728515625,0.00396728515625,0.01386260986328125,0.01386260986328125
101289587:44,101289587,high,40,5,varied,2560,0,0.031756591796875,0.031756591796875,0.033056640625,0.033056640625,-0.001300048828125,-0.001300048828125
101289587:75,101289587,mid,16,8,varied,4096,0,0.0027332305908203125,0.0027332305908203125,0.0026397705078125,0.0026397705078125,9.34600830078125e-05,9.34600830078125e-05
101289587:81,101289587,low,14,9,varied,4608,0,0.00225830078125,0.00225830078125,0.0015733506944444445,0.0015733506944444445,0.0006849500868055555,0.0006849500868055555
101298334:61,101298334,mid,29,10,varied,5120,0,0.000787353515625,0.000787353515625,0.00078125,0.00078125,6.103515625e-06,6.103515625e-06
101298334:9,101298334,high,56,9,varied,4608,0,0.09850396050347222,0.09850396050347222,0.09819878472222222,0.09819878472222222,0.00030517578125,0.00030517578125
101309020:107,101309020,mid,25,4,all_loss,2048,0,0.0,0.0,0.0,0.0,0.0,0.0
101309020:25,101309020,high,48,6,varied,3072,0,0.10490163167317708,0.10490163167317708,0.10516357421875,0.10516357421875,-0.0002619425455729167,-0.0002619425455729167
101326680:9,101326680,high,59,3,varied,1536,0,0.1839141845703125,0.1839141845703125,0.18257649739583334,0.18257649739583334,0.0013376871744791667,0.0013376871744791667
101326680:93,101326680,mid,25,12,varied,6144,0,0.1260655721028646,0.1260655721028646,0.045186360677083336,0.045186360677083336,0.08087921142578125,0.08087921142578125
101328909:22,101328909,high,53,3,varied,1536,0,0.10914103190104167,0.10914103190104167,0.10530598958333333,0.10530598958333333,0.0038350423177083335,0.0038350423177083335
101328909:97,101328909,mid,24,6,all_win,3072,0,0.0,0.0,0.0,0.0,0.0,0.0
101328936:107,101328936,low,10,6,all_win,3072,0,0.0,0.0,0.0,0.0,0.0,0.0
101328936:26,101328936,high,54,3,varied,1536,0,0.1478271484375,0.1478271484375,0.140625,0.140625,0.0072021484375,0.0072021484375
101328936:96,101328936,mid,24,4,varied,2048,0,0.017940521240234375,0.017940521240234375,0.016021728515625,0.016021728515625,0.001918792724609375,0.001918792724609375
101344767:31,101344767,high,49,6,varied,3072,0,0.11976114908854167,0.11976114908854167,0.11055501302083333,0.11055501302083333,0.009206136067708334,0.009206136067708334
101344767:90,101344767,mid,30,9,varied,4608,0,0.1872033013237847,0.1872033013237847,0.19361707899305555,0.19361707899305555,-0.006413777669270833,-0.006413777669270833
101393339:113,101393339,low,14,4,all_loss,2048,0,0.0,0.0,0.0,0.0,0.0,0.0
101393339:45,101393339,high,44,2,varied,1024,0,0.1958770751953125,0.1958770751953125,0.1837158203125,0.1837158203125,0.0121612548828125,0.0121612548828125
101393339:97,101393339,mid,18,8,varied,4096,0,0.030038833618164062,0.030038833618164062,0.0261383056640625,0.0261383056640625,0.0039005279541015625,0.0039005279541015625
101406213:104,101406213,low,14,11,all_win,5632,0,0.0,0.0,0.0,0.0,0.0,0.0
101406213:17,101406213,high,52,10,varied,5120,0,0.098406982421875,0.098406982421875,0.0996826171875,0.0996826171875,-0.001275634765625,-0.001275634765625
101406213:68,101406213,mid,23,8,varied,4096,0,0.012882232666015625,0.012882232666015625,0.0125732421875,0.0125732421875,0.000308990478515625,0.000308990478515625
101410588:151,101410588,low,13,5,varied,2560,0,0.242852783203125,0.242852783203125,0.2359375,0.2359375,0.006915283203125,0.006915283203125
101429829:101,101429829,mid,23,7,all_win,3584,0,0.0,0.0,0.0,0.0,0.0,0.0
101429829:12,101429829,high,59,3,varied,1536,0,0.010335286458333334,0.010335286458333334,0.011067708333333334,0.011067708333333334,-0.000732421875,-0.000732421875
101499492:140,101499492,low,9,8,all_loss,4096,0,0.0,0.0,0.0,0.0,0.0,0.0
101499934:210,101499934,low,14,12,all_win,6144,0,0.0,0.0,0.0,0.0,0.0,0.0
101511932:15,101511932,high,49,6,varied,3072,0,0.20700200398763022,0.20700200398763022,0.20142618815104166,0.20142618815104166,0.005575815836588542,0.005575815836588542
101523307:57,101523307,high,41,7,varied,3584,0,0.1260528564453125,0.1260528564453125,0.08710588727678571,0.08710588727678571,0.03894696916852679,0.03894696916852679
101523307:59,101523307,mid,25,3,varied,1536,0,0.14809672037760416,0.14809672037760416,0.13716634114583334,0.13716634114583334,0.010930379231770834,0.010930379231770834
101526616:8,101526616,high,59,6,varied,3072,0,0.24138895670572916,0.24138895670572916,0.22115071614583334,0.22115071614583334,0.020238240559895832,0.020238240559895832
101526616:95,101526616,mid,29,7,varied,3584,0,0.043858119419642856,0.043858119419642856,0.03846958705357143,0.03846958705357143,0.005388532366071429,0.005388532366071429
101551174:121,101551174,mid,16,3,varied,1536,0,0.17825826009114584,0.17825826009114584,0.11869303385416667,0.11869303385416667,0.059565226236979164,0.059565226236979164
101551174:143,101551174,low,12,3,all_win,1536,0,0.0,0.0,0.0,0.0,0.0,0.0
101551174:41,101551174,high,46,5,varied,2560,0,0.24176406860351562,0.24176406860351562,0.233135986328125,0.233135986328125,0.008628082275390626,0.008628082275390626
101584681:129,101584681,low,9,6,all_win,3072,0,0.0,0.0,0.0,0.0,0.0,0.0
101599688:209,101599688,low,9,5,varied,2560,0,0.15,0.15,0.0,0.0,0.15,0.15
101613238:127,101613238,low,14,7,all_win,3584,0,0.0,0.0,0.0,0.0,0.0,0.0
101619264:189,101619264,low,10,4,varied,2048,0,0.14083099365234375,0.14083099365234375,0.03729248046875,0.03729248046875,0.10353851318359375,0.10353851318359375
101619460:10,101619460,high,58,7,varied,3584,0,0.015595572335379464,0.015595572335379464,0.015738351004464284,0.015738351004464284,-0.00014277866908482144,-0.00014277866908482144
101619460:152,101619460,mid,22,3,varied,1536,0,0.24523544311523438,0.24523544311523438,0.16240437825520834,0.16240437825520834,0.08283106486002605,0.08283106486002605
101622431:111,101622431,low,13,6,all_win,3072,0,0.0,0.0,0.0,0.0,0.0,0.0
101636119:146,101636119,low,13,11,all_win,5632,0,0.0,0.0,0.0,0.0,0.0,0.0
101659263:133,101659263,low,14,4,all_win,2048,0,0.0,0.0,0.0,0.0,0.0,0.0
101664283:156,101664283,low,8,3,all_win,1536,0,0.0,0.0,0.0,0.0,0.0,0.0
101664283:53,101664283,high,43,10,varied,5120,0,0.16115875244140626,0.16115875244140626,0.14339599609375,0.14339599609375,0.01776275634765625,0.01776275634765625
101664283:93,101664283,mid,31,4,varied,2048,0,0.11641693115234375,0.11641693115234375,0.07421875,0.07421875,0.04219818115234375,0.04219818115234375
101670848:202,101670848,low,11,5,all_loss,2560,0,0.0,0.0,0.0,0.0,0.0,0.0
101687484:126,101687484,mid,29,12,unresolved,6144,34,0.02875542640686035,0.034666587909062706,0.0287322998046875,0.03495661417643229,-0.00620118776957194,0.005934288104375203
101687484:16,101687484,high,54,10,unresolved,5120,151,0.0313913106918335,0.06403075456619263,0.03264312744140625,0.06664810180664063,-0.03525679111480713,0.03138762712478638
101693480:103,101693480,mid,25,3,varied,1536,0,0.2037200927734375,0.2037200927734375,0.18111165364583334,0.18111165364583334,0.022608439127604168,0.022608439127604168
101693480:141,101693480,low,8,7,all_win,3584,0,0.0,0.0,0.0,0.0,0.0,0.0
101693480:38,101693480,high,49,5,varied,2560,0,0.24894027709960936,0.24894027709960936,0.236944580078125,0.236944580078125,0.011995697021484375,0.011995697021484375
101720634:17,101720634,high,52,10,varied,5120,0,0.024708938598632813,0.024708938598632813,0.0243194580078125,0.0243194580078125,0.0003894805908203125,0.0003894805908203125
101720634:85,101720634,mid,32,4,varied,2048,0,0.22679710388183594,0.22679710388183594,0.1835174560546875,0.1835174560546875,0.04327964782714844,0.04327964782714844
101786904:179,101786904,low,10,4,all_win,2048,0,0.0,0.0,0.0,0.0,0.0,0.0
101794879:118,101794879,mid,26,3,varied,1536,0,0.011205037434895834,0.011205037434895834,0.0106201171875,0.0106201171875,0.0005849202473958334,0.0005849202473958334
101794879:46,101794879,high,39,4,varied,2048,0,0.014309883117675781,0.014309883117675781,0.01413726806640625,0.01413726806640625,0.00017261505126953125,0.00017261505126953125
101795922:46,101795922,high,36,8,varied,4096,0,0.11160469055175781,0.11160469055175781,0.0964813232421875,0.0964813232421875,0.015123367309570312,0.015123367309570312
101795922:50,101795922,mid,34,12,varied,6144,0,0.12535730997721353,0.12535730997721353,0.078704833984375,0.078704833984375,0.04665247599283854,0.04665247599283854
101795922:91,101795922,low,14,6,all_win,3072,0,0.0,0.0,0.0,0.0,0.0,0.0
101796748:130,101796748,mid,23,7,varied,3584,0,0.009240286690848214,0.009240286690848214,0.009817940848214286,0.009817940848214286,-0.0005776541573660714,-0.0005776541573660714
101796748:17,101796748,high,54,7,varied,3584,0,0.07930483136858259,0.07930483136858259,0.07814679827008929,0.07814679827008929,0.0011580330984933035,0.0011580330984933035
101803163:27,101803163,high,47,5,varied,2560,0,0.1514068603515625,0.1514068603515625,0.1654052734375,0.1654052734375,-0.0139984130859375,-0.0139984130859375
101805011:100,101805011,mid,15,7,all_win,3584,0,0.0,0.0,0.0,0.0,0.0,0.0
101805011:110,101805011,low,13,6,all_win,3072,0,0.0,0.0,0.0,0.0,0.0,0.0
101805011:16,101805011,high,49,5,varied,2560,0,0.25868682861328124,0.25868682861328124,0.23248291015625,0.23248291015625,0.02620391845703125,0.02620391845703125
101806643:9,101806643,high,58,8,varied,4096,0,0.23530960083007812,0.23530960083007812,0.237152099609375,0.237152099609375,-0.001842498779296875,-0.001842498779296875
101806643:92,101806643,mid,29,2,varied,1024,0,0.25934600830078125,0.25934600830078125,0.14630126953125,0.14630126953125,0.11304473876953125,0.11304473876953125
101832539:138,101832539,mid,27,11,all_win,5632,0,0.0,0.0,0.0,0.0,0.0,0.0
101859574:131,101859574,low,8,4,all_win,2048,0,0.0,0.0,0.0,0.0,0.0,0.0
101886537:130,101886537,low,8,10,all_win,5120,0,0.0,0.0,0.0,0.0,0.0,0.0
101895256:142,101895256,mid,20,11,all_win,5632,0,0.0,0.0,0.0,0.0,0.0,0.0
101895256:194,101895256,low,11,10,all_win,5120,0,0.0,0.0,0.0,0.0,0.0,0.0
101895256:28,101895256,high,51,10,varied,5120,0,0.03199844360351563,0.03199844360351563,0.033245849609375,0.033245849609375,-0.001247406005859375,-0.001247406005859375
101898563:108,101898563,mid,23,3,varied,1536,0,0.07213338216145833,0.07213338216145833,0.056477864583333336,0.056477864583333336,0.015655517578125,0.015655517578125
101898563:147,101898563,low,11,6,varied,3072,0,0.006655375162760417,0.006655375162760417,0.0027872721354166665,0.0027872721354166665,0.00386810302734375,0.00386810302734375
101898563:72,101898563,high,42,3,varied,1536,0,0.2987467447916667,0.2987467447916667,0.06884765625,0.06884765625,0.22989908854166666,0.22989908854166666
101907975:131,101907975,mid,15,4,varied,2048,0,0.01488494873046875,0.01488494873046875,0.01055908203125,0.01055908203125,0.00432586669921875,0.00432586669921875
101907975:145,101907975,low,9,4,varied,2048,0,0.2330780029296875,0.2330780029296875,0.10736083984375,0.10736083984375,0.1257171630859375,0.1257171630859375
101907975:38,101907975,high,45,6,varied,3072,0,0.23578898111979166,0.23578898111979166,0.19291178385416666,0.19291178385416666,0.042877197265625,0.042877197265625
101947565:99,101947565,low,13,12,all_win,6144,0,0.0,0.0,0.0,0.0,0.0,0.0
101948716:106,101948716,mid,15,4,varied,2048,0,0.00098419189453125,0.00098419189453125,0.00103759765625,0.00103759765625,-5.340576171875e-05,-5.340576171875e-05
101948716:124,101948716,low,14,5,all_win,2560,0,0.0,0.0,0.0,0.0,0.0,0.0
101948716:7,101948716,high,59,5,varied,2560,0,0.228076171875,0.228076171875,0.15244140625,0.15244140625,0.075634765625,0.075634765625
101987891:107,101987891,low,14,5,all_win,2560,0,0.0,0.0,0.0,0.0,0.0,0.0
101987891:37,101987891,high,46,5,varied,2560,0,0.0611358642578125,0.0611358642578125,0.0450927734375,0.0450927734375,0.0160430908203125,0.0160430908203125
101987891:78,101987891,mid,20,3,varied,1536,0,0.0006561279296875,0.0006561279296875,0.0006917317708333334,0.0006917317708333334,-3.5603841145833336e-05,-3.5603841145833336e-05
102048706:157,102048706,mid,28,5,all_loss,2560,0,0.0,0.0,0.0,0.0,0.0,0.0
102048706:19,102048706,high,51,8,varied,4096,0,0.04763460159301758,0.04763460159301758,0.040332794189453125,0.040332794189453125,0.007301807403564453,0.007301807403564453
102055181:48,102055181,high,37,2,varied,1024,0,0.04656982421875,0.04656982421875,0.0439453125,0.0439453125,0.00262451171875,0.00262451171875
102055181:60,102055181,mid,26,8,varied,4096,0,0.02288818359375,0.02288818359375,0.0184326171875,0.0184326171875,0.00445556640625,0.00445556640625
102055181:86,102055181,low,14,5,all_win,2560,0,0.0,0.0,0.0,0.0,0.0,0.0
102066443:25,102066443,high,53,6,varied,3072,0,0.045023600260416664,0.045023600260416664,0.042317708333333336,0.042317708333333336,0.0027058919270833335,0.0027058919270833335
102066443:75,102066443,mid,30,10,varied,5120,0,0.0064910888671875,0.0064910888671875,0.0072998046875,0.0072998046875,-0.0008087158203125,-0.0008087158203125
102072319:183,102072319,low,6,5,all_loss,2560,0,0.0,0.0,0.0,0.0,0.0,0.0
102083882:105,102083882,low,14,6,all_loss,3072,0,0.0,0.0,0.0,0.0,0.0,0.0
102115482:21,102115482,high,50,5,varied,2560,0,0.19892578125,0.19892578125,0.175146484375,0.175146484375,0.023779296875,0.023779296875
102115482:68,102115482,mid,34,4,varied,2048,0,0.2648735046386719,0.2648735046386719,0.226348876953125,0.226348876953125,0.038524627685546875,0.038524627685546875
102135824:108,102135824,low,13,6,all_win,3072,0,0.0,0.0,0.0,0.0,0.0,0.0
102135824:120,102135824,mid,15,7,all_win,3584,0,0.0,0.0,0.0,0.0,0.0,0.0
102135824:7,102135824,high,57,9,varied,4608,0,0.12700059678819445,0.12700059678819445,0.12605794270833334,0.12605794270833334,0.0009426540798611111,0.0009426540798611111
102147426:107,102147426,mid,28,6,varied,3072,0,0.16141255696614584,0.16141255696614584,0.15397135416666666,0.15397135416666666,0.007441202799479167,0.007441202799479167
102147426:30,102147426,high,43,8,varied,4096,0,0.0319671630859375,0.0319671630859375,0.03318023681640625,0.03318023681640625,-0.00121307373046875,-0.00121307373046875
102159780:123,102159780,mid,27,5,varied,2560,0,0.0194427490234375,0.0194427490234375,0.0130615234375,0.0130615234375,0.0063812255859375,0.0063812255859375
102159780:157,102159780,low,11,8,all_win,4096,0,0.0,0.0,0.0,0.0,0.0,0.0
102159780:41,102159780,high,43,6,varied,3072,0,0.10418955485026042,0.10418955485026042,0.08949788411458333,0.08949788411458333,0.014691670735677084,0.014691670735677084
102177016:58,102177016,high,35,7,varied,3584,0,0.21971348353794642,0.21971348353794642,0.1943359375,0.1943359375,0.025377546037946428,0.025377546037946428
102177016:73,102177016,mid,30,6,varied,3072,0,0.1686528523763021,0.1686528523763021,0.13104248046875,0.13104248046875,0.037610371907552086,0.037610371907552086
102199412:34,102199412,high,42,10,varied,5120,0,0.1038970947265625,0.1038970947265625,0.0831787109375,0.0831787109375,0.0207183837890625,0.0207183837890625
102199412:85,102199412,mid,16,3,all_win,1536,0,0.0,0.0,0.0,0.0,0.0,0.0
102199412:99,102199412,low,13,4,all_win,2048,0,0.0,0.0,0.0,0.0,0.0,0.0
102218292:105,102218292,low,9,8,all_win,4096,0,0.0,0.0,0.0,0.0,0.0,0.0
102225466:120,102225466,low,13,6,varied,3072,0,0.04296875,0.04296875,0.0,0.0,0.04296875,0.04296875
102225466:15,102225466,high,52,8,varied,4096,0,0.10733413696289062,0.10733413696289062,0.089385986328125,0.089385986328125,0.017948150634765625,0.017948150634765625
102225466:82,102225466,mid,31,5,varied,2560,0,0.116387939453125,0.116387939453125,0.097021484375,0.097021484375,0.019366455078125,0.019366455078125
102234180:119,102234180,low,10,8,all_win,4096,0,0.0,0.0,0.0,0.0,0.0,0.0
102291230:117,102291230,low,14,11,varied,5632,0,0.022800792347301136,0.022800792347301136,0.005160245028409091,0.005160245028409091,0.017640547318892044,0.017640547318892044
102307715:13,102307715,high,54,9,varied,4608,0,0.04512363009982639,0.04512363009982639,0.04574924045138889,0.04574924045138889,-0.0006256103515625,-0.0006256103515625
102307715:135,102307715,mid,20,3,varied,1536,0,0.0019785563151041665,0.0019785563151041665,0.0018310546875,0.0018310546875,0.00014750162760416666,0.00014750162760416666
102318400:37,102318400,high,53,9,varied,4608,0,0.24435255262586805,0.24435255262586805,0.2177056206597222,0.2177056206597222,0.026646931966145832,0.026646931966145832
102329941:159,102329941,mid,21,8,varied,4096,0,0.09223556518554688,0.09223556518554688,0.037353515625,0.037353515625,0.054882049560546875,0.054882049560546875
102329941:171,102329941,low,13,7,all_win,3584,0,0.0,0.0,0.0,0.0,0.0,0.0
102329941:48,102329941,high,41,9,varied,4608,0,0.005884806315104167,0.005884806315104167,0.0059814453125,0.0059814453125,-9.663899739583333e-05,-9.663899739583333e-05
102345490:38,102345490,high,47,3,varied,1536,0,0.2581990559895833,0.2581990559895833,0.15657552083333334,0.15657552083333334,0.10162353515625,0.10162353515625
102357080:122,102357080,low,14,5,all_win,2560,0,0.0,0.0,0.0,0.0,0.0,0.0
102357080:47,102357080,high,42,4,varied,2048,0,0.23196029663085938,0.23196029663085938,0.073699951171875,0.073699951171875,0.15826034545898438,0.15826034545898438
102357080:72,102357080,mid,29,6,varied,3072,0,0.1360041300455729,0.1360041300455729,0.12603759765625,0.12603759765625,0.009966532389322916,0.009966532389322916
102385014:181,102385014,low,13,2,all_win,1024,0,0.0,0.0,0.0,0.0,0.0,0.0
102421633:102,102421633,mid,29,3,varied,1536,0,0.032379150390625,0.032379150390625,0.02783203125,0.02783203125,0.004547119140625,0.004547119140625
102421633:147,102421633,low,14,6,varied,3072,0,0.023775736490885418,0.023775736490885418,0.024515787760416668,0.024515787760416668,-0.00074005126953125,-0.00074005126953125
102426185:114,102426185,mid,33,4,varied,2048,0,0.24804973602294922,0.24804973602294922,0.18610382080078125,0.18610382080078125,0.06194591522216797,0.06194591522216797
102426185:87,102426185,high,41,2,varied,1024,0,0.17902565002441406,0.17902565002441406,0.1800689697265625,0.1800689697265625,-0.0010433197021484375,-0.0010433197021484375
102433210:43,102433210,high,38,9,varied,4608,0,0.052729288736979164,0.052729288736979164,0.0560302734375,0.0560302734375,-0.0033009847005208335,-0.0033009847005208335
102433210:60,102433210,mid,25,7,varied,3584,0,0.0163116455078125,0.0163116455078125,0.017351422991071428,0.017351422991071428,-0.0010397774832589285,-0.0010397774832589285
102433210:86,102433210,low,13,7,all_win,3584,0,0.0,0.0,0.0,0.0,0.0,0.0
102445746:131,102445746,low,4,2,all_win,1024,0,0.0,0.0,0.0,0.0,0.0,0.0
102457308:117,102457308,mid,32,7,all_win,3584,0,0.0,0.0,0.0,0.0,0.0,0.0
102457308:30,102457308,high,53,12,varied,6144,0,0.010168711344401041,0.010168711344401041,0.010019938151041666,0.010019938151041666,0.000148773193359375,0.000148773193359375
102461285:130,102461285,low,14,6,varied,3072,0,0.07990264892578125,0.07990264892578125,0.008890787760416666,0.008890787760416666,0.07101186116536458,0.07101186116536458
102472063:119,102472063,low,14,10,varied,5120,0,0.134661865234375,0.134661865234375,0.13818359375,0.13818359375,-0.003521728515625,-0.003521728515625
102472063:17,102472063,high,50,6,varied,3072,0,0.10744222005208333,0.10744222005208333,0.09871419270833333,0.09871419270833333,0.00872802734375,0.00872802734375
102472063:66,102472063,mid,28,8,varied,4096,0,0.03766822814941406,0.03766822814941406,0.0184173583984375,0.0184173583984375,0.019250869750976562,0.019250869750976562
102488127:13,102488127,high,55,6,varied,3072,0,0.23996988932291666,0.23996988932291666,0.2506103515625,0.2506103515625,-0.010640462239583334,-0.010640462239583334
102488127:49,102488127,mid,27,7,varied,3584,0,0.16462271554129465,0.16462271554129465,0.10280064174107142,0.10280064174107142,0.06182207380022321,0.06182207380022321
102508682:28,102508682,high,48,7,varied,3584,0,0.13884626116071427,0.13884626116071427,0.14069475446428573,0.14069475446428573,-0.0018484933035714285,-0.0018484933035714285
102508682:79,102508682,mid,29,12,varied,6144,0,0.055002848307291664,0.055002848307291664,0.04449462890625,0.04449462890625,0.010508219401041666,0.010508219401041666
102520243:90,102520243,low,11,4,all_win,2048,0,0.0,0.0,0.0,0.0,0.0,0.0
102525391:110,102525391,low,6,7,all_win,3584,0,0.0,0.0,0.0,0.0,0.0,0.0
102545604:112,102545604,low,13,8,varied,4096,0,0.06046295166015625,0.06046295166015625,0.033416748046875,0.033416748046875,0.02704620361328125,0.02704620361328125
102545604:23,102545604,high,56,5,varied,2560,0,0.190472412109375,0.190472412109375,0.177197265625,0.177197265625,0.013275146484375,0.013275146484375
102545604:82,102545604,mid,28,4,varied,2048,0,0.08538055419921875,0.08538055419921875,0.0517578125,0.0517578125,0.03362274169921875,0.03362274169921875
102550217:155,102550217,low,8,8,all_win,4096,0,0.0,0.0,0.0,0.0,0.0,0.0
102555060:113,102555060,low,14,4,varied,2048,0,0.014473915100097656,0.014473915100097656,0.00742340087890625,0.00742340087890625,0.007050514221191406,0.007050514221191406
102555060:52,102555060,high,39,4,varied,2048,0,0.24754619598388672,0.24754619598388672,0.23596954345703125,0.23596954345703125,0.011576652526855469,0.011576652526855469
102555060:74,102555060,mid,26,6,varied,3072,0,0.2007452646891276,0.2007452646891276,0.19522603352864584,0.19522603352864584,0.0055192311604817705,0.0055192311604817705
102557422:76,102557422,high,35,6,varied,3072,0,0.011175155639648438,0.011175155639648438,0.0128021240234375,0.0128021240234375,-0.0016269683837890625,-0.0016269683837890625
102557422:87,102557422,mid,32,7,varied,3584,0,0.0005623953683035714,0.0005623953683035714,0.0005929129464285714,0.0005929129464285714,-3.0517578125e-05,-3.0517578125e-05
102584391:249,102584391,low,7,4,varied,2048,0,0.0,0.0,0.0,0.0,0.0,0.0
102585807:108,102585807,low,12,3,all_win,1536,0,0.0,0.0,0.0,0.0,0.0,0.0
102586144:135,102586144,low,12,6,all_win,3072,0,0.0,0.0,0.0,0.0,0.0,0.0
102590839:44,102590839,high,48,5,varied,2560,0,0.07347412109375,0.07347412109375,0.07626953125,0.07626953125,-0.00279541015625,-0.00279541015625
102590839:88,102590839,mid,29,4,varied,2048,0,0.13641738891601562,0.13641738891601562,0.090118408203125,0.090118408203125,0.046298980712890625,0.046298980712890625
102602423:131,102602423,mid,17,5,all_win,2560,0,0.0,0.0,0.0,0.0,0.0,0.0
102602423:139,102602423,low,12,7,all_win,3584,0,0.0,0.0,0.0,0.0,0.0,0.0
102602423:20,102602423,high,49,3,varied,1536,0,0.056610107421875,0.056610107421875,0.058512369791666664,0.058512369791666664,-0.0019022623697916667,-0.0019022623697916667
102614033:101,102614033,low,14,6,all_win,3072,0,0.0,0.0,0.0,0.0,0.0,0.0
102627177:145,102627177,mid,15,10,varied,5120,0,0.22420501708984375,0.22420501708984375,0.10748291015625,0.10748291015625,0.11672210693359375,0.11672210693359375
102627177:183,102627177,low,12,3,varied,1536,0,0.008270263671875,0.008270263671875,0.007080078125,0.007080078125,0.001190185546875,0.001190185546875
102627177:8,102627177,high,59,2,varied,1024,0,0.2453155517578125,0.2453155517578125,0.2406005859375,0.2406005859375,0.0047149658203125,0.0047149658203125
102657161:167,102657161,mid,20,5,varied,2560,0,0.091522216796875,0.091522216796875,0.04296875,0.04296875,0.048553466796875,0.048553466796875
102657161:26,102657161,high,52,4,varied,2048,0,0.000492095947265625,0.000492095947265625,0.000518798828125,0.000518798828125,-2.6702880859375e-05,-2.6702880859375e-05
102666960:126,102666960,mid,22,8,all_win,4096,0,0.0,0.0,0.0,0.0,0.0,0.0
102666960:22,102666960,high,53,4,varied,2048,0,0.2787284851074219,0.2787284851074219,0.226287841796875,0.226287841796875,0.052440643310546875,0.052440643310546875
102678588:109,102678588,mid,20,5,varied,2560,0,0.0003936767578125,0.0003936767578125,0.0004150390625,0.0004150390625,-2.13623046875e-05,-2.13623046875e-05
102678588:21,102678588,high,50,10,varied,5120,0,0.1593536376953125,0.1593536376953125,0.1605224609375,0.1605224609375,-0.0011688232421875,-0.0011688232421875
102684783:120,102684783,low,14,4,varied,2048,0,0.001983642578125,0.001983642578125,0.00189208984375,0.00189208984375,9.1552734375e-05,9.1552734375e-05
102684783:58,102684783,high,40,11,varied,5632,0,0.08681696111505682,0.08681696111505682,0.08058860085227272,0.08058860085227272,0.006228360262784091,0.006228360262784091
102684783:83,102684783,mid,28,8,varied,4096,0,0.03116607666015625,0.03116607666015625,0.0262451171875,0.0262451171875,0.00492095947265625,0.00492095947265625
102690680:125,102690680,low,7,4,all_win,2048,0,0.0,0.0,0.0,0.0,0.0,0.0
102702242:15,102702242,high,54,4,varied,2048,0,0.002468109130859375,0.002468109130859375,0.002593994140625,0.002593994140625,-0.000125885009765625,-0.000125885009765625
102702242:95,102702242,mid,28,2,varied,1024,0,0.1647491455078125,0.1647491455078125,0.1063232421875,0.1063232421875,0.0584259033203125,0.0584259033203125
102708477:103,102708477,low,5,4,all_win,2048,0,0.0,0.0,0.0,0.0,0.0,0.0
102708477:33,102708477,high,45,6,varied,3072,0,0.1957728068033854,0.1957728068033854,0.18878173828125,0.18878173828125,0.006991068522135417,0.006991068522135417
102708477:68,102708477,mid,21,7,varied,3584,0,0.18747602190290177,0.18747602190290177,0.1348876953125,0.1348876953125,0.05258832659040179,0.05258832659040179
102746571:106,102746571,mid,22,3,all_loss,1536,0,0.0,0.0,0.0,0.0,0.0,0.0
102746571:6,102746571,high,58,9,varied,4608,0,0.2108544243706597,0.2108544243706597,0.2049289279513889,0.2049289279513889,0.005925496419270833,0.005925496419270833
102762562:171,102762562,low,13,12,all_win,6144,0,0.0,0.0,0.0,0.0,0.0,0.0
102774092:183,102774092,low,14,6,varied,3072,0,0.2591145833333333,0.2591145833333333,0.0,0.0,0.2591145833333333,0.2591145833333333
102777628:78,102777628,mid,29,3,varied,1536,0,0.2563883463541667,0.2563883463541667,0.14078776041666666,0.14078776041666666,0.1156005859375,0.1156005859375
102777628:8,102777628,high,59,5,varied,2560,0,0.1794036865234375,0.1794036865234375,0.1655029296875,0.1655029296875,0.0139007568359375,0.0139007568359375
102777683:37,102777683,high,48,3,varied,1536,0,0.24947611490885416,0.24947611490885416,0.1654052734375,0.1654052734375,0.08407084147135417,0.08407084147135417
102777683:80,102777683,mid,33,9,varied,4608,0,0.2143707275390625,0.2143707275390625,0.16898600260416666,0.16898600260416666,0.045384724934895836,0.045384724934895836
102797622:113,102797622,mid,25,5,all_win,2560,0,0.0,0.0,0.0,0.0,0.0,0.0
102797622:164,102797622,low,14,9,all_win,4608,0,0.0,0.0,0.0,0.0,0.0,0.0
102797622:44,102797622,high,47,6,varied,3072,0,0.014406840006510416,0.014406840006510416,0.014750162760416666,0.014750162760416666,-0.00034332275390625,-0.00034332275390625
102813534:129,102813534,mid,20,5,varied,2560,0,0.339459228515625,0.339459228515625,0.051171875,0.051171875,0.288287353515625,0.288287353515625
102813534:134,102813534,low,13,4,varied,2048,0,0.17481231689453125,0.17481231689453125,0.01031494140625,0.01031494140625,0.16449737548828125,0.16449737548828125
102813534:49,102813534,high,51,3,varied,1536,0,0.24373881022135416,0.24373881022135416,0.1856689453125,0.1856689453125,0.058069864908854164,0.058069864908854164
102827707:107,102827707,low,13,5,all_win,2560,0,0.0,0.0,0.0,0.0,0.0,0.0
102847480:5,102847480,high,59,3,varied,1536,0,0.0719146728515625,0.0719146728515625,0.0452880859375,0.0452880859375,0.0266265869140625,0.0266265869140625
102864816:113,102864816,mid,23,6,varied,3072,0,0.02734375,0.02734375,0.0,0.0,0.02734375,0.02734375
102864816:16,102864816,high,56,3,varied,1536,0,0.18375142415364584,0.18375142415364584,0.18705240885416666,0.18705240885416666,-0.0033009847005208335,-0.0033009847005208335
102876381:26,102876381,high,52,10,varied,5120,0,0.2123565673828125,0.2123565673828125,0.2004638671875,0.2004638671875,0.0118927001953125,0.0118927001953125
102876381:98,102876381,mid,27,6,varied,3072,0,0.2426478068033854,0.2426478068033854,0.21482340494791666,0.21482340494791666,0.02782440185546875,0.02782440185546875
102881274:51,102881274,high,35,6,varied,3072,0,0.2118504842122396,0.2118504842122396,0.19215901692708334,0.19215901692708334,0.01969146728515625,0.01969146728515625
102881274:97,102881274,mid,19,8,varied,4096,0,0.0067234039306640625,0.0067234039306640625,0.0019073486328125,0.0019073486328125,0.0048160552978515625,0.0048160552978515625
102903403:108,102903403,low,13,7,all_win,3584,0,0.0,0.0,0.0,0.0,0.0,0.0
102926966:98,102926966,low,9,4,all_win,2048,0,0.0,0.0,0.0,0.0,0.0,0.0
102928014:111,102928014,low,12,4,all_win,2048,0,0.0,0.0,0.0,0.0,0.0,0.0
102928014:27,102928014,high,45,7,varied,3584,0,0.17227826799665177,0.17227826799665177,0.16055733816964285,0.16055733816964285,0.011720929827008928,0.011720929827008928
102928014:85,102928014,mid,20,4,varied,2048,0,0.01080322265625,0.01080322265625,0.01043701171875,0.01043701171875,0.0003662109375,0.0003662109375
102929685:104,102929685,mid,17,3,all_win,1536,0,0.0,0.0,0.0,0.0,0.0,0.0
102929685:124,102929685,low,11,3,all_win,1536,0,0.0,0.0,0.0,0.0,0.0,0.0
102976387:104,102976387,low,14,3,all_win,1536,0,0.0,0.0,0.0,0.0,0.0,0.0
102976387:17,102976387,high,51,7,varied,3584,0,0.003123692103794643,0.003123692103794643,0.0031912667410714285,0.0031912667410714285,-6.757463727678572e-05,-6.757463727678572e-05
102976387:87,102976387,mid,18,10,all_win,5120,0,0.0,0.0,0.0,0.0,0.0,0.0
102978291:114,102978291,low,14,5,varied,2560,0,0.1693511962890625,0.1693511962890625,0.1537841796875,0.1537841796875,0.0155670166015625,0.0155670166015625
102978291:23,102978291,high,53,4,varied,2048,0,0.17756271362304688,0.17756271362304688,0.183319091796875,0.183319091796875,-0.005756378173828125,-0.005756378173828125
102978291:75,102978291,mid,34,2,varied,1024,0,0.26702880859375,0.26702880859375,0.21435546875,0.21435546875,0.05267333984375,0.05267333984375
102990387:125,102990387,mid,16,5,all_win,2560,0,0.0,0.0,0.0,0.0,0.0,0.0
103007993:135,103007993,mid,15,7,all_win,3584,0,0.0,0.0,0.0,0.0,0.0,0.0
103007993:149,103007993,low,5,5,all_win,2560,0,0.0,0.0,0.0,0.0,0.0,0.0
103007993:33,103007993,high,45,3,varied,1536,0,0.12232462565104167,0.12232462565104167,0.09619140625,0.09619140625,0.026133219401041668,0.026133219401041668
103010841:100,103010841,mid,33,4,all_loss,2048,0,0.0,0.0,0.0,0.0,0.0,0.0
103010841:42,103010841,high,46,6,varied,3072,0,0.163543701171875,0.163543701171875,0.15299479166666666,0.15299479166666666,0.010548909505208334,0.010548909505208334
103027623:259,103027623,low,12,12,varied,6144,0,0.0,0.0,0.0,0.0,0.0,0.0
103048717:99,103048717,low,13,4,all_loss,2048,0,0.0,0.0,0.0,0.0,0.0,0.0
103050772:8,103050772,high,57,6,varied,3072,0,0.09610239664713542,0.09610239664713542,0.09641520182291667,0.09641520182291667,-0.00031280517578125,-0.00031280517578125
103050772:96,103050772,mid,21,4,varied,2048,0,0.273834228515625,0.273834228515625,0.21270751953125,0.21270751953125,0.061126708984375,0.061126708984375
103063120:109,103063120,low,13,2,all_win,1024,0,0.0,0.0,0.0,0.0,0.0,0.0
103095469:220,103095469,mid,15,2,varied,1024,0,0.01065826416015625,0.01065826416015625,0.01043701171875,0.01043701171875,0.00022125244140625,0.00022125244140625
103122807:135,103122807,mid,16,10,varied,5120,0,0.0125213623046875,0.0125213623046875,0.0016357421875,0.0016357421875,0.0108856201171875,0.0108856201171875
103122807:140,103122807,low,14,8,varied,4096,0,0.013671875,0.013671875,0.0,0.0,0.013671875,0.013671875
103122807:25,103122807,high,52,9,varied,4608,0,0.08487616644965278,0.08487616644965278,0.08843315972222222,0.08843315972222222,-0.0035569932725694445,-0.0035569932725694445
103157923:119,103157923,low,6,6,all_win,3072,0,0.0,0.0,0.0,0.0,0.0,0.0
103157923:41,103157923,high,35,7,varied,3584,0,0.24464198521205358,0.24464198521205358,0.200927734375,0.200927734375,0.04371425083705357,0.04371425083705357
103157923:62,103157923,mid,20,9,varied,4608,0,0.12320624457465278,0.12320624457465278,0.10942925347222222,0.10942925347222222,0.013776991102430556,0.013776991102430556
103161679:206,103161679,low,10,9,all_win,4608,0,0.0,0.0,0.0,0.0,0.0,0.0
103196343:114,103196343,low,13,3,varied,1536,0,0.0477142333984375,0.0477142333984375,0.050740559895833336,0.050740559895833336,-0.0030263264973958335,-0.0030263264973958335
103219971:123,103219971,low,14,2,all_win,1024,0,0.0,0.0,0.0,0.0,0.0,0.0
103258275:174,103258275,low,12,5,varied,2560,0,0.184375,0.184375,0.0,0.0,0.184375,0.184375
103269053:123,103269053,low,13,7,all_win,3584,0,0.0,0.0,0.0,0.0,0.0,0.0
103315848:118,103315848,low,13,3,all_win,1536,0,0.0,0.0,0.0,0.0,0.0,0.0
103327399:141,103327399,low,13,4,all_win,2048,0,0.0,0.0,0.0,0.0,0.0,0.0
103336540:137,103336540,mid,16,5,varied,2560,0,0.0875,0.0875,0.0,0.0,0.0875,0.0875
103336540:165,103336540,low,11,3,all_loss,1536,0,0.0,0.0,0.0,0.0,0.0,0.0
103336540:65,103336540,high,39,4,varied,2048,0,0.21147918701171875,0.21147918701171875,0.2066650390625,0.2066650390625,0.00481414794921875,0.00481414794921875
103337098:4,103337098,high,59,4,varied,2048,0,0.24689483642578125,0.24689483642578125,0.1942138671875,0.1942138671875,0.05268096923828125,0.05268096923828125
103348144:113,103348144,low,14,4,all_win,2048,0,0.0,0.0,0.0,0.0,0.0,0.0
103375777:105,103375777,mid,25,6,varied,3072,0,0.25763193766276044,0.25763193766276044,0.21046956380208334,0.21046956380208334,0.047162373860677086,0.047162373860677086
103375777:145,103375777,low,13,2,varied,1024,0,0.35504913330078125,0.35504913330078125,0.02996826171875,0.02996826171875,0.32508087158203125,0.32508087158203125
103378536:58,103378536,high,48,12,varied,6144,0,0.031308492024739586,0.031308492024739586,0.01519775390625,0.01519775390625,0.016110738118489582,0.016110738118489582
103380269:122,103380269,mid,27,4,varied,2048,0,0.20993804931640625,0.20993804931640625,0.207275390625,0.207275390625,0.00266265869140625,0.00266265869140625
103380269:45,103380269,high,43,6,varied,3072,0,0.08655293782552083,0.08655293782552083,0.07722981770833333,0.07722981770833333,0.0093231201171875,0.0093231201171875
103383933:115,103383933,mid,26,10,varied,5120,0,0.00175018310546875,0.00175018310546875,0.00177001953125,0.00177001953125,-1.983642578125e-05,-1.983642578125e-05
103383933:6,103383933,high,59,10,varied,5120,0,0.22920989990234375,0.22920989990234375,0.20758056640625,0.20758056640625,0.02162933349609375,0.02162933349609375
103391612:210,103391612,low,13,5,varied,2560,0,0.010601806640625,0.010601806640625,0.011083984375,0.011083984375,-0.000482177734375,-0.000482177734375
103413060:100,103413060,low,14,11,varied,5632,0,0.023789839311079544,0.023789839311079544,0.008855646306818182,0.008855646306818182,0.014934193004261364,0.014934193004261364
103430735:40,103430735,high,39,3,varied,1536,0,0.15673319498697916,0.15673319498697916,0.10542805989583333,0.10542805989583333,0.051305135091145836,0.051305135091145836
103430735:76,103430735,mid,27,3,varied,1536,0,0.21309916178385416,0.21309916178385416,0.21024576822916666,0.21024576822916666,0.0028533935546875,0.0028533935546875
103441180:60,103441180,high,38,6,varied,3072,0,0.19124348958333334,0.19124348958333334,0.0301513671875,0.0301513671875,0.16109212239583334,0.16109212239583334
103450438:43,103450438,high,43,9,varied,4608,0,0.12326558430989583,0.12326558430989583,0.12593587239583334,0.12593587239583334,-0.0026702880859375,-0.0026702880859375
103450438:90,103450438,mid,27,11,varied,5632,0,0.11887151544744318,0.11887151544744318,0.10640092329545454,0.10640092329545454,0.012470592151988636,0.012470592151988636
103452680:75,103452680,low,10,5,all_win,2560,0,0.0,0.0,0.0,0.0,0.0,0.0
103453343:30,103453343,high,50,3,varied,1536,0,0.0758209228515625,0.0758209228515625,0.0777587890625,0.0777587890625,-0.0019378662109375,-0.0019378662109375
103453343:69,103453343,mid,33,5,varied,2560,0,0.213818359375,0.213818359375,0.123486328125,0.123486328125,0.09033203125,0.09033203125
103469730:126,103469730,low,13,9,all_win,4608,0,0.0,0.0,0.0,0.0,0.0,0.0
103481310:114,103481310,mid,25,5,varied,2560,0,0.040167236328125,0.040167236328125,0.026220703125,0.026220703125,0.013946533203125,0.013946533203125
103481310:85,103481310,high,37,4,varied,2048,0,0.22112655639648438,0.22112655639648438,0.200714111328125,0.200714111328125,0.020412445068359375,0.020412445068359375
103483099:137,103483099,mid,19,6,all_win,3072,0,0.0,0.0,0.0,0.0,0.0,0.0
103483099:35,103483099,high,50,6,varied,3072,0,0.018310546875,0.018310546875,0.016927083333333332,0.016927083333333332,0.0013834635416666667,0.0013834635416666667
103494457:145,103494457,mid,20,7,varied,3584,0,0.13119724818638392,0.13119724818638392,0.06059919084821429,0.06059919084821429,0.07059805733816964,0.07059805733816964
103494457:28,103494457,high,50,3,varied,1536,0,0.0149688720703125,0.0149688720703125,0.015828450520833332,0.015828450520833332,-0.0008595784505208334,-0.0008595784505208334
103503665:149,103503665,low,8,3,varied,1536,0,0.0234375,0.0234375,0.0,0.0,0.0234375,0.0234375
103515271:105,103515271,mid,29,9,varied,4608,0,0.0008680555555555555,0.0008680555555555555,0.0009223090277777778,0.0009223090277777778,-5.425347222222222e-05,-5.425347222222222e-05
103515271:208,103515271,low,13,8,varied,4096,0,0.03926849365234375,0.03926849365234375,0.00469970703125,0.00469970703125,0.03456878662109375,0.03456878662109375
103515271:36,103515271,high,49,11,varied,5632,0,0.007424094460227273,0.007424094460227273,0.007501775568181818,0.007501775568181818,-7.768110795454545e-05,-7.768110795454545e-05
103543248:103,103543248,mid,32,10,varied,5120,0,0.17275466918945312,0.17275466918945312,0.061285400390625,0.061285400390625,0.11146926879882812,0.11146926879882812
103543248:7,103543248,high,58,2,varied,1024,0,0.020860671997070312,0.020860671997070312,0.0203399658203125,0.0203399658203125,0.0005207061767578125,0.0005207061767578125
103555748:105,103555748,low,9,6,all_win,3072,0,0.0,0.0,0.0,0.0,0.0,0.0
103567725:108,103567725,low,14,8,varied,4096,0,0.07527923583984375,0.07527923583984375,0.0440673828125,0.0440673828125,0.03121185302734375,0.03121185302734375
103567725:14,103567725,high,59,3,varied,1536,0,0.18866984049479166,0.18866984049479166,0.187255859375,0.187255859375,0.0014139811197916667,0.0014139811197916667
103567725:68,103567725,mid,22,4,varied,2048,0,0.1757659912109375,0.1757659912109375,0.11041259765625,0.11041259765625,0.0653533935546875,0.0653533935546875
103575313:107,103575313,low,8,6,all_win,3072,0,0.0,0.0,0.0,0.0,0.0,0.0
103575584:93,103575584,low,10,4,all_win,2048,0,0.0,0.0,0.0,0.0,0.0,0.0
103621326:106,103621326,mid,22,9,all_win,4608,0,0.0,0.0,0.0,0.0,0.0,0.0
103621326:29,103621326,high,46,7,varied,3584,0,0.009319305419921875,0.009319305419921875,0.009892054966517858,0.009892054966517858,-0.0005727495465959821,-0.0005727495465959821
103634870:116,103634870,mid,33,3,varied,1536,0,0.2652842203776042,0.2652842203776042,0.1807861328125,0.1807861328125,0.08449808756510417,0.08449808756510417
103634870:12,103634870,high,58,11,varied,5632,0,0.17746665261008523,0.17746665261008523,0.18158513849431818,0.18158513849431818,-0.004118485884232955,-0.004118485884232955
103646451:40,103646451,high,37,5,varied,2560,0,0.0043487548828125,0.0043487548828125,0.0044189453125,0.0044189453125,-7.01904296875e-05,-7.01904296875e-05
103646451:58,103646451,mid,25,6,varied,3072,0,0.00032806396484375,0.00032806396484375,0.0003458658854166667,0.0003458658854166667,-1.7801920572916668e-05,-1.7801920572916668e-05
103646451:76,103646451,low,14,6,all_win,3072,0,0.0,0.0,0.0,0.0,0.0,0.0
103658040:6,103658040,high,59,6,varied,3072,0,0.23305257161458334,0.23305257161458334,0.2318115234375,0.2318115234375,0.0012410481770833333,0.0012410481770833333
103658040:66,103658040,mid,31,7,varied,3584,0,0.14734104701450892,0.14734104701450892,0.1412353515625,0.1412353515625,0.006105695452008929,0.006105695452008929
103692887:126,103692887,low,6,7,all_win,3584,0,0.0,0.0,0.0,0.0,0.0,0.0
103729197:153,103729197,low,10,3,all_win,1536,0,0.0,0.0,0.0,0.0,0.0,0.0
103729511:164,103729511,mid,18,10,varied,5120,0,0.001568603515625,0.001568603515625,0.001611328125,0.001611328125,-4.2724609375e-05,-4.2724609375e-05
103729511:198,103729511,low,10,7,all_win,3584,0,0.0,0.0,0.0,0.0,0.0,0.0
103729511:30,103729511,high,50,4,varied,2048,0,0.005466461181640625,0.005466461181640625,0.005401611328125,0.005401611328125,6.4849853515625e-05,6.4849853515625e-05
103764389:177,103764389,low,10,11,varied,5632,0,0.0,0.0,0.0,0.0,0.0,0.0
103764710:151,103764710,low,7,5,all_win,2560,0,0.0,0.0,0.0,0.0,0.0,0.0
103764710:8,103764710,high,59,2,varied,1024,0,0.196197509765625,0.196197509765625,0.1689453125,0.1689453125,0.027252197265625,0.027252197265625
103764710:95,103764710,mid,23,6,varied,3072,0,0.07980600992838542,0.07980600992838542,0.053080240885416664,0.053080240885416664,0.02672576904296875,0.02672576904296875
103791961:119,103791961,mid,24,6,varied,3072,0,0.00429534912109375,0.00429534912109375,0.004414876302083333,0.004414876302083333,-0.00011952718098958333,-0.00011952718098958333
103791961:147,103791961,low,12,5,all_win,2560,0,0.0,0.0,0.0,0.0,0.0,0.0
103791961:21,103791961,high,50,10,varied,5120,0,0.1048919677734375,0.1048919677734375,0.09794921875,0.09794921875,0.0069427490234375,0.0069427490234375
103794350:28,103794350,high,52,7,varied,3584,0,0.005320957728794643,0.005320957728794643,0.005528041294642857,0.005528041294642857,-0.00020708356584821428,-0.00020708356584821428
103794350:95,103794350,mid,28,11,all_win,5632,0,0.0,0.0,0.0,0.0,0.0,0.0
103811548:180,103811548,low,9,9,all_win,4608,0,0.0,0.0,0.0,0.0,0.0,0.0
103831399:109,103831399,mid,28,12,all_win,6144,0,0.0,0.0,0.0,0.0,0.0,0.0
103831399:55,103831399,high,45,9,varied,4608,0,0.013604482014973959,0.013604482014973959,0.012047661675347222,0.012047661675347222,0.001556820339626736,0.001556820339626736
103842941:107,103842941,mid,32,9,varied,4608,0,0.027986314561631944,0.027986314561631944,0.007175021701388889,0.007175021701388889,0.020811292860243056,0.020811292860243056
103842941:13,103842941,high,56,5,varied,2560,0,0.003912353515625,0.003912353515625,0.00419921875,0.00419921875,-0.000286865234375,-0.000286865234375
103858117:100,103858117,low,11,7,all_win,3584,0,0.0,0.0,0.0,0.0,0.0,0.0
103873481:117,103873481,low,13,3,all_win,1536,0,0.0,0.0,0.0,0.0,0.0,0.0
103877863:154,103877863,low,10,3,all_loss,1536,0,0.0,0.0,0.0,0.0,0.0,0.0
103888053:142,103888053,mid,24,6,varied,3072,0,0.019379933675130207,0.019379933675130207,0.017486572265625,0.017486572265625,0.0018933614095052083,0.0018933614095052083
103888053:52,103888053,high,39,7,varied,3584,0,0.05633817400251116,0.05633817400251116,0.05873761858258929,0.05873761858258929,-0.002399444580078125,-0.002399444580078125
103889437:30,103889437,high,52,7,varied,3584,0,0.1698455810546875,0.1698455810546875,0.13656180245535715,0.13656180245535715,0.033283778599330356,0.033283778599330356
103889437:69,103889437,mid,33,7,all_win,3584,0,0.0,0.0,0.0,0.0,0.0,0.0
103901019:210,103901019,low,14,10,all_win,5120,0,0.0,0.0,0.0,0.0,0.0,0.0
103987064:103,103987064,high,42,11,varied,5632,0,0.04642486572265625,0.04642486572265625,0.046331232244318184,0.046331232244318184,9.363347833806819e-05,9.363347833806819e-05
103987064:149,103987064,mid,32,8,all_win,4096,0,0.0,0.0,0.0,0.0,0.0,0.0
103998613:43,103998613,high,43,10,varied,5120,0,0.092138671875,0.092138671875,0.08828125,0.08828125,0.003857421875,0.003857421875
103998613:88,103998613,mid,28,3,varied,1536,0,0.15158589680989584,0.15158589680989584,0.1134033203125,0.1134033203125,0.038182576497395836,0.038182576497395836
104074467:108,104074467,mid,20,12,varied,6144,0,0.01590728759765625,0.01590728759765625,0.010294596354166666,0.010294596354166666,0.005612691243489583,0.005612691243489583
104074467:158,104074467,low,14,5,varied,2560,0,0.306591796875,0.306591796875,0.004296875,0.004296875,0.302294921875,0.302294921875
104074467:51,104074467,high,36,5,varied,2560,0,0.21041641235351563,0.21041641235351563,0.139361572265625,0.139361572265625,0.07105484008789062,0.07105484008789062
104087585:80,104087585,low,10,3,all_win,1536,0,0.0,0.0,0.0,0.0,0.0,0.0
104111292:29,104111292,high,52,6,varied,3072,0,0.006421407063802083,0.006421407063802083,0.00506591796875,0.00506591796875,0.0013554890950520833,0.0013554890950520833
104111292:81,104111292,mid,31,8,varied,4096,0,0.020681381225585938,0.020681381225585938,0.0205841064453125,0.0205841064453125,9.72747802734375e-05,9.72747802734375e-05
104124426:77,104124426,high,35,8,varied,4096,0,0.05563688278198242,0.05563688278198242,0.052532196044921875,0.052532196044921875,0.003104686737060547,0.003104686737060547
104169193:165,104169193,mid,16,5,all_win,2560,0,0.0,0.0,0.0,0.0,0.0,0.0
104169193:204,104169193,low,14,6,all_win,3072,0,0.0,0.0,0.0,0.0,0.0,0.0
104169193:49,104169193,high,39,9,varied,4608,0,0.010772705078125,0.010772705078125,0.011393229166666666,0.011393229166666666,-0.0006205240885416666,-0.0006205240885416666
104188803:117,104188803,mid,17,7,varied,3584,0,0.0,0.0,0.0,0.0,0.0,0.0
104188803:41,104188803,high,44,10,varied,5120,0,0.02688140869140625,0.02688140869140625,0.02740478515625,0.02740478515625,-0.00052337646484375,-0.00052337646484375
104218207:123,104218207,low,12,8,all_win,4096,0,0.0,0.0,0.0,0.0,0.0,0.0
104221817:111,104221817,mid,21,4,varied,2048,0,0.15670394897460938,0.15670394897460938,0.062103271484375,0.062103271484375,0.09460067749023438,0.09460067749023438
104221817:51,104221817,high,36,7,varied,3584,0,0.1829833984375,0.1829833984375,0.16444614955357142,0.16444614955357142,0.018537248883928572,0.018537248883928572
104229908:133,104229908,mid,29,4,all_win,2048,0,0.0,0.0,0.0,0.0,0.0,0.0
104233490:113,104233490,low,11,10,varied,5120,0,0.0,0.0,0.0,0.0,0.0,0.0
104254432:217,104254432,low,14,2,all_loss,1024,0,0.0,0.0,0.0,0.0,0.0,0.0
104288749:187,104288749,mid,24,2,all_loss,1024,0,0.0,0.0,0.0,0.0,0.0,0.0
104288749:49,104288749,high,39,10,varied,5120,0,0.04061431884765625,0.04061431884765625,0.04093017578125,0.04093017578125,-0.00031585693359375,-0.00031585693359375
104300861:140,104300861,low,9,3,all_win,1536,0,0.0,0.0,0.0,0.0,0.0,0.0
104300861:6,104300861,high,59,3,varied,1536,0,0.07282511393229167,0.07282511393229167,0.07568359375,0.07568359375,-0.0028584798177083335,-0.0028584798177083335
104300861:80,104300861,mid,22,2,varied,1024,0,0.066680908203125,0.066680908203125,0.0550537109375,0.0550537109375,0.011627197265625,0.011627197265625
104317945:101,104317945,mid,27,3,varied,1536,0,0.0019683837890625,0.0019683837890625,0.0020751953125,0.0020751953125,-0.0001068115234375,-0.0001068115234375
104317945:21,104317945,high,56,3,varied,1536,0,0.23581949869791666,0.23581949869791666,0.22135416666666666,0.22135416666666666,0.01446533203125,0.01446533203125
104372508:180,104372508,mid,20,7,all_win,3584,0,0.0,0.0,0.0,0.0,0.0,0.0
104372508:33,104372508,high,51,4,varied,2048,0,0.001476287841796875,0.001476287841796875,0.001556396484375,0.001556396484375,-8.0108642578125e-05,-8.0108642578125e-05
104398280:81,104398280,low,13,10,all_win,5120,0,0.0,0.0,0.0,0.0,0.0,0.0
104427127:88,104427127,low,13,4,varied,2048,0,0.09933090209960938,0.09933090209960938,0.077850341796875,0.077850341796875,0.021480560302734375,0.021480560302734375
104445780:36,104445780,high,44,9,varied,4608,0,0.012982262505425347,0.012982262505425347,0.013770209418402778,0.013770209418402778,-0.0007879469129774305,-0.0007879469129774305
104445780:86,104445780,mid,31,5,all_win,2560,0,0.0,0.0,0.0,0.0,0.0,0.0
104455710:130,104455710,low,11,8,varied,4096,0,0.029296875,0.029296875,0.0,0.0,0.029296875,0.029296875
96103311:101,96103311,mid,15,4,varied,2048,0,0.05338287353515625,0.05338287353515625,0.01507568359375,0.01507568359375,0.03830718994140625,0.03830718994140625
96103311:108,96103311,low,14,9,varied,4608,0,0.009112887912326388,0.009112887912326388,0.0018310546875,0.0018310546875,0.007281833224826389,0.007281833224826389
96103311:75,96103311,high,39,2,varied,1024,0,0.0440521240234375,0.0440521240234375,0.04052734375,0.04052734375,0.0035247802734375,0.0035247802734375
96126952:128,96126952,low,13,7,all_win,3584,0,0.0,0.0,0.0,0.0,0.0,0.0
96131093:142,96131093,low,11,4,varied,2048,0,0.22265625,0.22265625,0.0,0.0,0.22265625,0.22265625
96202928:12,96202928,high,59,5,varied,2560,0,0.1878875732421875,0.1878875732421875,0.1870361328125,0.1870361328125,0.0008514404296875,0.0008514404296875
96202928:79,96202928,mid,34,7,varied,3584,0,0.24497767857142858,0.24497767857142858,0.17626953125,0.17626953125,0.06870814732142858,0.06870814732142858
96215317:110,96215317,mid,26,9,all_win,4608,0,0.0,0.0,0.0,0.0,0.0,0.0
96215317:6,96215317,high,59,4,varied,2048,0,0.012233734130859375,0.012233734130859375,0.012847900390625,0.012847900390625,-0.000614166259765625,-0.000614166259765625
96231199:142,96231199,mid,23,8,varied,4096,0,0.13521289825439453,0.13521289825439453,0.12375640869140625,0.12375640869140625,0.011456489562988281,0.011456489562988281
96231199:26,96231199,high,45,8,varied,4096,0,0.051326751708984375,0.051326751708984375,0.04332733154296875,0.04332733154296875,0.007999420166015625,0.007999420166015625
96237238:159,96237238,mid,21,10,varied,5120,0,0.02265625,0.02265625,0.0,0.0,0.02265625,0.02265625
96254358:105,96254358,mid,15,3,varied,1536,0,0.2624613444010417,0.2624613444010417,0.13517252604166666,0.13517252604166666,0.127288818359375,0.127288818359375
96254358:125,96254358,low,9,6,varied,3072,0,0.16360982259114584,0.16360982259114584,0.10929361979166667,0.10929361979166667,0.054316202799479164,0.054316202799479164
96254358:19,96254358,high,47,3,varied,1536,0,0.22335306803385416,0.22335306803385416,0.2257080078125,0.2257080078125,-0.0023549397786458335,-0.0023549397786458335
96263820:24,96263820,high,44,5,varied,2560,0,0.1066986083984375,0.1066986083984375,0.1072509765625,0.1072509765625,-0.0005523681640625,-0.0005523681640625
96263820:90,96263820,mid,23,4,varied,2048,0,0.11887359619140625,0.11887359619140625,0.07061767578125,0.07061767578125,0.04825592041015625,0.04825592041015625
96274045:103,96274045,mid,25,4,all_loss,2048,0,0.0,0.0,0.0,0.0,0.0,0.0
96274045:9,96274045,high,58,2,varied,1024,0,0.08119964599609375,0.08119964599609375,0.07598876953125,0.07598876953125,0.00521087646484375,0.00521087646484375
96297691:148,96297691,mid,22,5,all_win,2560,0,0.0,0.0,0.0,0.0,0.0,0.0
96297691:229,96297691,low,8,3,all_win,1536,0,0.0,0.0,0.0,0.0,0.0,0.0
96314654:21,96314654,high,51,10,varied,5120,0,0.25712890625,0.25712890625,0.2164306640625,0.2164306640625,0.0406982421875,0.0406982421875
96314654:73,96314654,mid,32,4,varied,2048,0,0.15010452270507812,0.15010452270507812,0.127655029296875,0.127655029296875,0.022449493408203125,0.022449493408203125
96326448:104,96326448,low,14,12,all_win,6144,0,0.0,0.0,0.0,0.0,0.0,0.0
96360835:16,96360835,high,52,5,varied,2560,0,0.0088958740234375,0.0088958740234375,0.0090576171875,0.0090576171875,-0.0001617431640625,-0.0001617431640625
96360835:164,96360835,mid,26,4,varied,2048,0,0.1770477294921875,0.1770477294921875,0.0782470703125,0.0782470703125,0.0988006591796875,0.0988006591796875
96373258:150,96373258,low,14,9,varied,4608,0,0.009311252170138888,0.009311252170138888,0.009195963541666666,0.009195963541666666,0.00011528862847222222,0.00011528862847222222
96385308:96,96385308,low,14,4,all_win,2048,0,0.0,0.0,0.0,0.0,0.0,0.0
96385593:118,96385593,low,9,7,all_win,3584,0,0.0,0.0,0.0,0.0,0.0,0.0
96416393:88,96416393,low,13,8,all_win,4096,0,0.0,0.0,0.0,0.0,0.0,0.0
96454420:126,96454420,low,11,6,all_win,3072,0,0.0,0.0,0.0,0.0,0.0,0.0
96458917:109,96458917,low,14,2,all_loss,1024,0,0.0,0.0,0.0,0.0,0.0,0.0
96504724:29,96504724,high,48,3,varied,1536,0,0.24517313639322916,0.24517313639322916,0.21822102864583334,0.21822102864583334,0.026952107747395832,0.026952107747395832
96504724:98,96504724,mid,29,5,varied,2560,0,0.238409423828125,0.238409423828125,0.225048828125,0.225048828125,0.013360595703125,0.013360595703125
96516570:103,96516570,mid,29,11,all_win,5632,0,0.0,0.0,0.0,0.0,0.0,0.0
96516570:88,96516570,high,35,6,varied,3072,0,0.0006561279296875,0.0006561279296875,0.0006917317708333334,0.0006917317708333334,-3.5603841145833336e-05,-3.5603841145833336e-05
96518821:19,96518821,high,52,10,varied,5120,0,0.01197662353515625,0.01197662353515625,0.01246337890625,0.01246337890625,-0.00048675537109375,-0.00048675537109375
96518821:99,96518821,mid,34,8,varied,4096,0,0.02199554443359375,0.02199554443359375,0.01104736328125,0.01104736328125,0.01094818115234375,0.01094818115234375
96528351:110,96528351,mid,31,9,varied,4608,0,0.12463548448350695,0.12463548448350695,0.055216471354166664,0.055216471354166664,0.06941901312934028,0.06941901312934028
96528351:53,96528351,high,44,3,varied,1536,0,0.037790934244791664,0.037790934244791664,0.037679036458333336,0.037679036458333336,0.00011189778645833333,0.00011189778645833333
96536686:112,96536686,low,13,3,varied,1536,0,0.004491170247395833,0.004491170247395833,0.0045166015625,0.0045166015625,-2.5431315104166668e-05,-2.5431315104166668e-05
96545224:153,96545224,low,12,4,all_win,2048,0,0.0,0.0,0.0,0.0,0.0,0.0
96625730:34,96625730,high,48,11,varied,5632,0,0.025830355557528408,0.025830355557528408,0.020652077414772728,0.020652077414772728,0.005178278142755682,0.005178278142755682
96625730:91,96625730,mid,29,10,all_win,5120,0,0.0,0.0,0.0,0.0,0.0,0.0
96637030:103,96637030,low,14,4,all_win,2048,0,0.0,0.0,0.0,0.0,0.0,0.0
96637576:34,96637576,high,52,3,varied,1536,0,0.1616973876953125,0.1616973876953125,0.1483154296875,0.1483154296875,0.0133819580078125,0.0133819580078125
96637576:97,96637576,mid,27,5,all_win,2560,0,0.0,0.0,0.0,0.0,0.0,0.0
96675912:145,96675912,mid,24,7,varied,3584,0,0.19258335658482142,0.19258335658482142,0.19939313616071427,0.19939313616071427,-0.006809779575892857,-0.006809779575892857
96675912:27,96675912,high,48,3,varied,1536,0,0.010416666666666666,0.010416666666666666,0.010986328125,0.010986328125,-0.0005696614583333334,-0.0005696614583333334
96675933:151,96675933,low,13,9,varied,4608,0,0.0546875,0.0546875,0.0,0.0,0.0546875,0.0546875
96675933:32,96675933,high,44,5,varied,2560,0,0.154638671875,0.154638671875,0.109716796875,0.109716796875,0.044921875,0.044921875
96675933:94,96675933,mid,30,10,varied,5120,0,0.01731109619140625,0.01731109619140625,0.01671142578125,0.01671142578125,0.00059967041015625,0.00059967041015625
96683308:175,96683308,mid,25,9,varied,4608,0,0.04402499728732639,0.04402499728732639,0.020846896701388888,0.020846896701388888,0.0231781005859375,0.0231781005859375
96683308:194,96683308,low,10,11,all_loss,5632,0,0.0,0.0,0.0,0.0,0.0,0.0
96683308:67,96683308,high,37,10,varied,5120,0,0.05415802001953125,0.05415802001953125,0.05245361328125,0.05245361328125,0.00170440673828125,0.00170440673828125
96685558:152,96685558,mid,17,10,all_win,5120,0,0.0,0.0,0.0,0.0,0.0,0.0
96685558:59,96685558,high,40,7,varied,3584,0,0.0013841901506696428,0.0013841901506696428,0.0014125279017857143,0.0014125279017857143,-2.833775111607143e-05,-2.833775111607143e-05
96686250:169,96686250,mid,27,6,varied,3072,0,0.11950620015462239,0.11950620015462239,0.0551910400390625,0.0551910400390625,0.06431516011555989,0.06431516011555989
96686250:24,96686250,high,53,5,varied,2560,0,0.009356689453125,0.009356689453125,0.00966796875,0.00966796875,-0.000311279296875,-0.000311279296875
96701532:137,96701532,low,12,12,all_win,6144,0,0.0,0.0,0.0,0.0,0.0,0.0
96735729:95,96735729,mid,34,11,varied,5632,0,0.23438887162642044,0.23438887162642044,0.19905783913352273,0.19905783913352273,0.03533103249289773,0.03533103249289773
96737817:106,96737817,mid,27,4,varied,2048,0,0.03907012939453125,0.03907012939453125,0.0211181640625,0.0211181640625,0.01795196533203125,0.01795196533203125
96737817:13,96737817,high,57,7,varied,3584,0,0.0744171142578125,0.0744171142578125,0.07475934709821429,0.07475934709821429,-0.0003422328404017857,-0.0003422328404017857
96737817:130,96737817,low,14,4,all_win,2048,0,0.0,0.0,0.0,0.0,0.0,0.0
96741755:117,96741755,low,14,4,all_win,2048,0,0.0,0.0,0.0,0.0,0.0,0.0
96756449:125,96756449,low,14,6,varied,3072,0,0.18007914225260416,0.18007914225260416,0.0513916015625,0.0513916015625,0.12868754069010416,0.12868754069010416
96774015:114,96774015,low,10,3,varied,1536,0,0.0,0.0,0.0,0.0,0.0,0.0
96780575:135,96780575,low,4,9,all_win,4608,0,0.0,0.0,0.0,0.0,0.0,0.0
96780575:69,96780575,high,38,8,varied,4096,0,0.09082603454589844,0.09082603454589844,0.0860748291015625,0.0860748291015625,0.0047512054443359375,0.0047512054443359375
96780575:89,96780575,mid,30,10,varied,5120,0,0.14049835205078126,0.14049835205078126,0.06834716796875,0.06834716796875,0.07215118408203125,0.07215118408203125
96785234:147,96785234,low,12,4,varied,2048,0,0.015766143798828125,0.015766143798828125,0.001373291015625,0.001373291015625,0.014392852783203125,0.014392852783203125
96790515:78,96790515,low,11,5,all_win,2560,0,0.0,0.0,0.0,0.0,0.0,0.0
96800679:123,96800679,low,13,9,all_win,4608,0,0.0,0.0,0.0,0.0,0.0,0.0
96806041:108,96806041,mid,32,8,varied,4096,0,0.1651167869567871,0.1651167869567871,0.15611648559570312,0.15611648559570312,0.009000301361083984,0.009000301361083984
96833632:27,96833632,high,53,4,varied,2048,0,0.10889434814453125,0.10889434814453125,0.11395263671875,0.11395263671875,-0.00505828857421875,-0.00505828857421875
96833632:78,96833632,mid,30,5,varied,2560,0,0.1936370849609375,0.1936370849609375,0.1892822265625,0.1892822265625,0.0043548583984375,0.0043548583984375
96863027:132,96863027,mid,17,8,varied,4096,0,0.24394989013671875,0.24394989013671875,0.051727294921875,0.051727294921875,0.19222259521484375,0.19222259521484375
96863027:147,96863027,low,13,4,all_win,2048,0,0.0,0.0,0.0,0.0,0.0,0.0
96863027:38,96863027,high,50,4,varied,2048,0,0.22639846801757812,0.22639846801757812,0.192779541015625,0.192779541015625,0.033618927001953125,0.033618927001953125
96897214:14,96897214,high,53,6,varied,3072,0,0.1605199178059896,0.1605199178059896,0.13612874348958334,0.13612874348958334,0.02439117431640625,0.02439117431640625
96897214:71,96897214,mid,23,7,varied,3584,0,0.003980364118303571,0.003980364118303571,0.004080636160714286,0.004080636160714286,-0.00010027204241071428,-0.00010027204241071428
96909044:103,96909044,low,14,3,varied,1536,0,0.202423095703125,0.202423095703125,0.06656901041666667,0.06656901041666667,0.13585408528645834,0.13585408528645834
96909044:29,96909044,high,45,3,varied,1536,0,0.21590169270833334,0.21590169270833334,0.19913736979166666,0.19913736979166666,0.016764322916666668,0.016764322916666668
96909044:85,96909044,mid,22,4,varied,2048,0,0.1241455078125,0.1241455078125,0.05914306640625,0.05914306640625,0.06500244140625,0.06500244140625
96920273:125,96920273,low,10,8,varied,4096,0,0.03485298156738281,0.03485298156738281,0.0262298583984375,0.0262298583984375,0.008623123168945312,0.008623123168945312
96924149:144,96924149,low,10,9,all_win,4608,0,0.0,0.0,0.0,0.0,0.0,0.0
96940496:113,96940496,mid,28,3,varied,1536,0,0.14663187662760416,0.14663187662760416,0.13871256510416666,0.13871256510416666,0.0079193115234375,0.0079193115234375
96940496:74,96940496,high,40,5,varied,2560,0,0.10201416015625,0.10201416015625,0.09150390625,0.09150390625,0.01051025390625,0.01051025390625
96940682:116,96940682,low,13,7,varied,3584,0,0.20153590611049108,0.20153590611049108,0.15853445870535715,0.15853445870535715,0.04300144740513393,0.04300144740513393
96940682:17,96940682,high,53,3,varied,1536,0,0.21711222330729166,0.21711222330729166,0.1904296875,0.1904296875,0.026682535807291668,0.026682535807291668
96940682:77,96940682,mid,34,11,varied,5632,0,0.2681954123757102,0.2681954123757102,0.1709317294034091,0.1709317294034091,0.09726368297230113,0.09726368297230113
96951370:133,96951370,low,10,5,varied,2560,0,0.0377655029296875,0.0377655029296875,0.0062255859375,0.0062255859375,0.0315399169921875,0.0315399169921875
96952466:14,96952466,high,54,6,varied,3072,0,0.008616765340169271,0.008616765340169271,0.0091400146484375,0.0091400146484375,-0.0005232493082682291,-0.0005232493082682291
96952466:142,96952466,mid,27,11,all_win,5632,0,0.0,0.0,0.0,0.0,0.0,0.0
96964745:47,96964745,high,41,7,varied,3584,0,0.02020754132952009,0.02020754132952009,0.022099086216517856,0.022099086216517856,-0.0018915448869977678,-0.0018915448869977678
96964745:97,96964745,mid,33,10,varied,5120,0,0.0007781982421875,0.0007781982421875,0.000830078125,0.000830078125,-5.18798828125e-05,-5.18798828125e-05
96975261:26,96975261,high,52,6,varied,3072,0,0.18305206298828125,0.18305206298828125,0.17803955078125,0.17803955078125,0.00501251220703125,0.00501251220703125
96975261:85,96975261,mid,31,6,varied,3072,0,0.2410558064778646,0.2410558064778646,0.18813069661458334,0.18813069661458334,0.05292510986328125,0.05292510986328125
96988671:137,96988671,mid,25,8,varied,4096,0,0.2004103660583496,0.2004103660583496,0.20586013793945312,0.20586013793945312,-0.005449771881103516,-0.005449771881103516
96988671:226,96988671,low,13,9,varied,4608,0,0.15561421712239584,0.15561421712239584,0.10215250651041667,0.10215250651041667,0.053461710611979164,0.053461710611979164
96988671:8,96988671,high,59,9,varied,4608,0,0.025432162814670138,0.025432162814670138,0.026563856336805556,0.026563856336805556,-0.0011316935221354167,-0.0011316935221354167
97018050:132,97018050,mid,30,12,varied,6144,0,0.0028635660807291665,0.0028635660807291665,0.00299072265625,0.00299072265625,-0.00012715657552083334,-0.00012715657552083334
97018050:65,97018050,high,41,11,varied,5632,0,0.0019545121626420455,0.0019545121626420455,0.0020530007102272725,0.0020530007102272725,-9.848854758522727e-05,-9.848854758522727e-05
97026729:211,97026729,low,12,6,all_win,3072,0,0.0,0.0,0.0,0.0,0.0,0.0
97048090:218,97048090,low,14,3,all_win,1536,0,0.0,0.0,0.0,0.0,0.0,0.0
97083530:23,97083530,high,50,6,varied,3072,0,0.1826604207356771,0.1826604207356771,0.13787841796875,0.13787841796875,0.044782002766927086,0.044782002766927086
97083530:52,97083530,mid,33,5,varied,2560,0,0.247845458984375,0.247845458984375,0.1626953125,0.1626953125,0.085150146484375,0.085150146484375
97084298:115,97084298,low,12,9,all_win,4608,0,0.0,0.0,0.0,0.0,0.0,0.0
97089224:146,97089224,mid,24,11,varied,5632,0,0.00017894398082386363,0.00017894398082386363,0.0001886541193181818,0.0001886541193181818,-9.710138494318182e-06,-9.710138494318182e-06
97089224:169,97089224,low,11,8,all_win,4096,0,0.0,0.0,0.0,0.0,0.0,0.0
97089224:20,97089224,high,55,5,varied,2560,0,0.183746337890625,0.183746337890625,0.176806640625,0.176806640625,0.006939697265625,0.006939697265625
97091617:102,97091617,mid,21,6,all_win,3072,0,0.0,0.0,0.0,0.0,0.0,0.0
97091617:129,97091617,low,14,6,varied,3072,0,0.10355885823567708,0.10355885823567708,0.00164794921875,0.00164794921875,0.10191090901692708,0.10191090901692708
97091617:29,97091617,high,52,5,varied,2560,0,0.1756378173828125,0.1756378173828125,0.1759033203125,0.1759033203125,-0.0002655029296875,-0.0002655029296875
97125524:160,97125524,mid,23,8,varied,4096,0,0.010183334350585938,0.010183334350585938,0.0083770751953125,0.0083770751953125,0.0018062591552734375,0.0018062591552734375
97126096:141,97126096,mid,30,2,varied,1024,0,0.20023727416992188,0.20023727416992188,0.182403564453125,0.182403564453125,0.017833709716796875,0.017833709716796875
97126096:79,97126096,high,37,5,varied,2560,0,0.0644378662109375,0.0644378662109375,0.06097412109375,0.06097412109375,0.0034637451171875,0.0034637451171875
97184259:84,97184259,low,11,10,all_win,5120,0,0.0,0.0,0.0,0.0,0.0,0.0
97191247:94,97191247,low,10,6,all_win,3072,0,0.0,0.0,0.0,0.0,0.0,0.0
97250800:179,97250800,mid,19,6,varied,3072,0,0.0,0.0,0.0,0.0,0.0,0.0
97250800:22,97250800,high,53,4,varied,2048,0,0.009477615356445312,0.009477615356445312,0.0096282958984375,0.0096282958984375,-0.0001506805419921875,-0.0001506805419921875
97254828:113,97254828,mid,26,9,all_win,4608,0,0.0,0.0,0.0,0.0,0.0,0.0
97254828:6,97254828,high,59,3,varied,1536,0,0.047175089518229164,0.047175089518229164,0.0455322265625,0.0455322265625,0.0016428629557291667,0.0016428629557291667
97262669:122,97262669,low,13,8,all_win,4096,0,0.0,0.0,0.0,0.0,0.0,0.0
97305450:123,97305450,low,7,7,all_win,3584,0,0.0,0.0,0.0,0.0,0.0,0.0
97305450:39,97305450,high,44,8,varied,4096,0,0.07276725769042969,0.07276725769042969,0.0695953369140625,0.0695953369140625,0.0031719207763671875,0.0031719207763671875
97305450:68,97305450,mid,29,9,varied,4608,0,0.16627671983506945,0.16627671983506945,0.14268663194444445,0.14268663194444445,0.023590087890625,0.023590087890625
97329581:126,97329581,mid,16,10,varied,5120,0,0.087713623046875,0.087713623046875,0.042919921875,0.042919921875,0.044793701171875,0.044793701171875
97329581:157,97329581,low,8,5,varied,2560,0,0.04315185546875,0.04315185546875,0.026123046875,0.026123046875,0.01702880859375,0.01702880859375
97329581:22,97329581,high,54,4,varied,2048,0,0.147430419921875,0.147430419921875,0.14801025390625,0.14801025390625,-0.000579833984375,-0.000579833984375
97335536:119,97335536,low,9,8,varied,4096,0,0.033748626708984375,0.033748626708984375,0.00762939453125,0.00762939453125,0.026119232177734375,0.026119232177734375
97339724:165,97339724,mid,25,3,all_win,1536,0,0.0,0.0,0.0,0.0,0.0,0.0
97369448:130,97369448,mid,25,7,all_loss,3584,0,0.0,0.0,0.0,0.0,0.0,0.0
97369448:67,97369448,high,37,3,varied,1536,0,0.15755716959635416,0.15755716959635416,0.14864095052083334,0.14864095052083334,0.008916219075520834,0.008916219075520834
97389850:5,97389850,high,59,3,varied,1536,0,0.2644602457682292,0.2644602457682292,0.23994954427083334,0.23994954427083334,0.024510701497395832,0.024510701497395832
97389850:65,97389850,mid,33,12,varied,6144,0,0.0834197998046875,0.0834197998046875,0.025553385416666668,0.025553385416666668,0.057866414388020836,0.057866414388020836
97401202:143,97401202,low,11,4,all_win,2048,0,0.0,0.0,0.0,0.0,0.0,0.0
97402842:18,97402842,high,53,11,varied,5632,0,0.04948251897638494,0.04948251897638494,0.050878351384943184,0.050878351384943184,-0.0013958324085582387,-0.0013958324085582387
97402842:80,97402842,mid,33,7,varied,3584,0,0.014375959123883928,0.014375959123883928,0.0142822265625,0.0142822265625,9.373256138392858e-05,9.373256138392858e-05
97439213:107,97439213,mid,29,3,varied,1536,0,0.01068115234375,0.01068115234375,0.007486979166666667,0.007486979166666667,0.0031941731770833335,0.0031941731770833335
97439213:123,97439213,low,9,7,varied,3584,0,0.0185394287109375,0.0185394287109375,0.0023890904017857145,0.0023890904017857145,0.016150338309151784,0.016150338309151784
97439213:59,97439213,high,45,10,varied,5120,0,0.2506561279296875,0.2506561279296875,0.170849609375,0.170849609375,0.0798065185546875,0.0798065185546875
97451066:110,97451066,mid,30,5,varied,2560,0,0.1090667724609375,0.1090667724609375,0.1061279296875,0.1061279296875,0.0029388427734375,0.0029388427734375
97451066:7,97451066,high,57,3,varied,1536,0,0.0038859049479166665,0.0038859049479166665,0.004231770833333333,0.004231770833333333,-0.0003458658854166667,-0.0003458658854166667
97464998:9,97464998,high,58,4,varied,2048,0,0.0843505859375,0.0843505859375,0.08221435546875,0.08221435546875,0.00213623046875,0.00213623046875
97476153:109,97476153,low,8,6,all_loss,3072,0,0.0,0.0,0.0,0.0,0.0,0.0
97499103:119,97499103,mid,21,12,varied,6144,0,0.034816741943359375,0.034816741943359375,0.005828857421875,0.005828857421875,0.028987884521484375,0.028987884521484375
97499103:75,97499103,high,36,7,varied,3584,0,0.16327340262276785,0.16327340262276785,0.16444614955357142,0.16444614955357142,-0.0011727469308035715,-0.0011727469308035715
97503251:124,97503251,mid,26,2,varied,1024,0,0.13423919677734375,0.13423919677734375,0.10137939453125,0.10137939453125,0.03285980224609375,0.03285980224609375
97503251:9,97503251,high,59,2,varied,1024,0,0.02765655517578125,0.02765655517578125,0.02899169921875,0.02899169921875,-0.00133514404296875,-0.00133514404296875
97576808:36,97576808,high,45,7,varied,3584,0,0.20349339076450892,0.20349339076450892,0.14046805245535715,0.14046805245535715,0.06302533830915179,0.06302533830915179
97576808:90,97576808,mid,30,7,varied,3584,0,0.19417027064732142,0.19417027064732142,0.11216517857142858,0.11216517857142858,0.08200509207589286,0.08200509207589286
97579904:35,97579904,high,47,2,varied,1024,0,0.204864501953125,0.204864501953125,0.0855712890625,0.0855712890625,0.119293212890625,0.119293212890625
97608093:105,97608093,low,6,9,all_win,4608,0,0.0,0.0,0.0,0.0,0.0,0.0
97658170:100,97658170,mid,31,2,varied,1024,0,0.25005340576171875,0.25005340576171875,0.24713134765625,0.24713134765625,0.00292205810546875,0.00292205810546875
97658170:170,97658170,low,13,2,varied,1024,0,0.0039520263671875,0.0039520263671875,0.0042724609375,0.0042724609375,-0.0003204345703125,-0.0003204345703125
97658170:58,97658170,high,43,7,varied,3584,0,0.24363926478794642,0.24363926478794642,0.23611886160714285,0.23611886160714285,0.007520403180803571,0.007520403180803571
97660505:10,97660505,high,58,5,varied,2560,0,0.15856857299804689,0.15856857299804689,0.154095458984375,0.154095458984375,0.004473114013671875,0.004473114013671875
97660505:110,97660505,mid,21,5,varied,2560,0,0.14490966796875,0.14490966796875,0.053076171875,0.053076171875,0.09183349609375,0.09183349609375
97668149:124,97668149,mid,18,11,all_win,5632,0,0.0,0.0,0.0,0.0,0.0,0.0
97684197:31,97684197,high,45,8,varied,4096,0,0.00635528564453125,0.00635528564453125,0.0068359375,0.0068359375,-0.00048065185546875,-0.00048065185546875
97700279:8,97700279,high,57,6,varied,3072,0,0.24057769775390625,0.24057769775390625,0.22052001953125,0.22052001953125,0.02005767822265625,0.02005767822265625
97700279:92,97700279,mid,33,3,varied,1536,0,0.038904825846354164,0.038904825846354164,0.042765299479166664,0.042765299479166664,-0.0038604736328125,-0.0038604736328125
97717735:101,97717735,mid,21,2,varied,1024,0,0.147796630859375,0.147796630859375,0.020751953125,0.020751953125,0.127044677734375,0.127044677734375
97717735:112,97717735,low,13,3,varied,1536,0,0.16666666666666666,0.16666666666666666,0.0,0.0,0.16666666666666666,0.16666666666666666
97717735:9,97717735,high,56,7,varied,3584,0,0.2341869899204799,0.2341869899204799,0.21504865373883927,0.21504865373883927,0.019138336181640625,0.019138336181640625
97726164:102,97726164,mid,28,8,varied,4096,0,0.15076637268066406,0.15076637268066406,0.1070404052734375,0.1070404052734375,0.04372596740722656,0.04372596740722656
97726164:50,97726164,high,41,6,varied,3072,0,0.2004674275716146,0.2004674275716146,0.18520100911458334,0.18520100911458334,0.01526641845703125,0.01526641845703125
97730229:100,97730229,mid,31,8,all_win,4096,0,0.0,0.0,0.0,0.0,0.0,0.0
97730229:23,97730229,high,53,9,varied,4608,0,0.011223687065972222,0.011223687065972222,0.001925998263888889,0.001925998263888889,0.009297688802083334,0.009297688802083334
97731951:13,97731951,high,51,6,varied,3072,0,0.105194091796875,0.105194091796875,0.10367838541666667,0.10367838541666667,0.0015157063802083333,0.0015157063802083333
97731951:80,97731951,mid,33,10,all_win,5120,0,0.0,0.0,0.0,0.0,0.0,0.0
97736477:132,97736477,low,14,5,all_loss,2560,0,0.0,0.0,0.0,0.0,0.0,0.0
97736477:20,97736477,high,52,11,varied,5632,0,0.20037148215553977,0.20037148215553977,0.20473410866477273,0.20473410866477273,-0.004362626509232955,-0.004362626509232955
97736477:83,97736477,mid,31,4,varied,2048,0,0.20882034301757812,0.20882034301757812,0.180755615234375,0.180755615234375,0.028064727783203125,0.028064727783203125
97743729:106,97743729,low,13,6,all_win,3072,0,0.0,0.0,0.0,0.0,0.0,0.0
97784304:86,97784304,low,13,10,varied,5120,0,0.009552001953125,0.009552001953125,0.0017822265625,0.0017822265625,0.007769775390625,0.007769775390625
97799062:110,97799062,mid,33,11,varied,5632,0,0.2514107444069602,0.2514107444069602,0.24095569957386365,0.24095569957386365,0.01045504483309659,0.01045504483309659
97799062:212,97799062,low,13,3,varied,1536,0,0.055730183919270836,0.055730183919270836,0.032430013020833336,0.032430013020833336,0.0233001708984375,0.0233001708984375
97799062:25,97799062,high,49,7,varied,3584,0,0.23341587611607142,0.23341587611607142,0.19032505580357142,0.19032505580357142,0.0430908203125,0.0430908203125
97808181:172,97808181,mid,27,9,varied,4608,0,0.025368584526909724,0.025368584526909724,0.026299370659722224,0.026299370659722224,-0.0009307861328125,-0.0009307861328125
97808181:68,97808181,high,37,9,varied,4608,0,0.009598626030815972,0.009598626030815972,0.009718153211805556,0.009718153211805556,-0.00011952718098958333,-0.00011952718098958333
97832128:130,97832128,low,12,10,all_win,5120,0,0.0,0.0,0.0,0.0,0.0,0.0
97844828:155,97844828,low,14,10,all_win,5120,0,0.0,0.0,0.0,0.0,0.0,0.0
97877806:230,97877806,low,13,4,all_win,2048,0,0.0,0.0,0.0,0.0,0.0,0.0
97894059:101,97894059,low,14,3,all_win,1536,0,0.0,0.0,0.0,0.0,0.0,0.0
97894059:86,97894059,mid,21,3,all_win,1536,0,0.0,0.0,0.0,0.0,0.0,0.0
97894059:9,97894059,high,59,3,varied,1536,0,0.279449462890625,0.279449462890625,0.22574869791666666,0.22574869791666666,0.053700764973958336,0.053700764973958336
97901392:133,97901392,mid,24,11,varied,5632,0,0.017783425071022728,0.017783425071022728,0.017800071022727272,0.017800071022727272,-1.6645951704545453e-05,-1.6645951704545453e-05
97901392:205,97901392,low,12,6,varied,3072,0,0.032684326171875,0.032684326171875,0.033732096354166664,0.033732096354166664,-0.0010477701822916667,-0.0010477701822916667
97901392:8,97901392,high,58,5,varied,2560,0,0.0289215087890625,0.0289215087890625,0.0295166015625,0.0295166015625,-0.0005950927734375,-0.0005950927734375
97967064:189,97967064,low,12,10,all_win,5120,0,0.0,0.0,0.0,0.0,0.0,0.0
97994457:42,97994457,high,35,5,varied,2560,0,0.2106170654296875,0.2106170654296875,0.1592529296875,0.1592529296875,0.0513641357421875,0.0513641357421875
97994457:48,97994457,mid,34,11,varied,5632,0,0.21125377308238635,0.21125377308238635,0.1477938565340909,0.1477938565340909,0.06345991654829546,0.06345991654829546
97994457:95,97994457,low,12,2,all_loss,1024,0,0.0,0.0,0.0,0.0,0.0,0.0
98003657:127,98003657,mid,18,11,varied,5632,0,0.12097029252485796,0.12097029252485796,0.06339888139204546,0.06339888139204546,0.0575714111328125,0.0575714111328125
98003657:7,98003657,high,59,6,varied,3072,0,0.025296529134114582,0.025296529134114582,0.025980631510416668,0.025980631510416668,-0.0006841023763020834,-0.0006841023763020834
98033017:95,98033017,low,13,11,all_win,5632,0,0.0,0.0,0.0,0.0,0.0,0.0
98042219:117,98042219,mid,28,6,all_loss,3072,0,0.0,0.0,0.0,0.0,0.0,0.0
98042219:7,98042219,high,59,5,varied,2560,0,0.191937255859375,0.191937255859375,0.200390625,0.200390625,-0.008453369140625,-0.008453369140625
98068195:9,98068195,high,59,3,varied,1536,0,0.21661885579427084,0.21661885579427084,0.20821126302083334,0.20821126302083334,0.0084075927734375,0.0084075927734375
98068195:99,98068195,mid,32,5,varied,2560,0,0.189483642578125,0.189483642578125,0.097509765625,0.097509765625,0.091973876953125,0.091973876953125
98070249:104,98070249,low,8,7,all_win,3584,0,0.0,0.0,0.0,0.0,0.0,0.0
98070249:23,98070249,high,44,7,varied,3584,0,0.043400355747767856,0.043400355747767856,0.029750279017857144,0.029750279017857144,0.013650076729910714,0.013650076729910714
98070249:79,98070249,mid,26,3,all_win,1536,0,0.0,0.0,0.0,0.0,0.0,0.0
98082579:105,98082579,low,13,7,all_win,3584,0,0.0,0.0,0.0,0.0,0.0,0.0
98082579:49,98082579,high,41,3,varied,1536,0,0.0895856221516927,0.0895856221516927,0.056284586588541664,0.056284586588541664,0.03330103556315104,0.03330103556315104
98082579:84,98082579,mid,25,5,varied,2560,0,0.001461029052734375,0.001461029052734375,0.001556396484375,0.001556396484375,-9.5367431640625e-05,-9.5367431640625e-05
98099785:143,98099785,low,12,9,all_win,4608,0,0.0,0.0,0.0,0.0,0.0,0.0
98145776:122,98145776,mid,22,2,varied,1024,0,0.0078125,0.0078125,0.00830078125,0.00830078125,-0.00048828125,-0.00048828125
98145776:177,98145776,low,8,6,all_win,3072,0,0.0,0.0,0.0,0.0,0.0,0.0
98145776:32,98145776,high,49,12,varied,6144,0,0.1911468505859375,0.1911468505859375,0.16353352864583334,0.16353352864583334,0.027613321940104168,0.027613321940104168
98158084:37,98158084,high,44,7,varied,3584,0,0.007596697126116071,0.007596697126116071,0.0079345703125,0.0079345703125,-0.00033787318638392856,-0.00033787318638392856
98158084:78,98158084,mid,29,5,varied,2560,0,0.0003936767578125,0.0003936767578125,0.0004150390625,0.0004150390625,-2.13623046875e-05,-2.13623046875e-05
98176194:24,98176194,high,48,7,varied,3584,0,0.07014029366629464,0.07014029366629464,0.0736083984375,0.0736083984375,-0.003468104771205357,-0.003468104771205357
98176194:52,98176194,mid,30,11,varied,5632,0,0.014701149680397728,0.014701149680397728,0.012140447443181818,0.012140447443181818,0.002560702237215909,0.002560702237215909
98203883:42,98203883,high,51,7,varied,3584,0,0.19830976213727677,0.19830976213727677,0.11894880022321429,0.11894880022321429,0.0793609619140625,0.0793609619140625
98203883:75,98203883,mid,27,3,varied,1536,0,0.296295166015625,0.296295166015625,0.193359375,0.193359375,0.102935791015625,0.102935791015625
98281120:109,98281120,low,11,6,all_win,3072,0,0.0,0.0,0.0,0.0,0.0,0.0
98281120:49,98281120,high,46,3,varied,1536,0,0.17706807454427084,0.17706807454427084,0.1732177734375,0.1732177734375,0.0038503011067708335,0.0038503011067708335
98281120:99,98281120,mid,18,6,all_win,3072,0,0.0,0.0,0.0,0.0,0.0,0.0
98288884:111,98288884,mid,21,5,varied,2560,0,0.1027130126953125,0.1027130126953125,0.0686279296875,0.0686279296875,0.0340850830078125,0.0340850830078125
98288884:173,98288884,low,13,9,all_win,4608,0,0.0,0.0,0.0,0.0,0.0,0.0
98288884:92,98288884,high,38,3,varied,1536,0,0.016896565755208332,0.016896565755208332,0.015787760416666668,0.015787760416666668,0.0011088053385416667,0.0011088053385416667
98299263:198,98299263,low,14,4,varied,2048,0,0.04927825927734375,0.04927825927734375,0.0479736328125,0.0479736328125,0.00130462646484375,0.00130462646484375
98320788:17,98320788,high,52,5,varied,2560,0,0.0620147705078125,0.0620147705078125,0.0650634765625,0.0650634765625,-0.0030487060546875,-0.0030487060546875
98320788:69,98320788,mid,33,9,varied,4608,0,0.03601243760850695,0.03601243760850695,0.03280978732638889,0.03280978732638889,0.0032026502821180555,0.0032026502821180555
98362139:110,98362139,mid,25,4,varied,2048,0,0.17683029174804688,0.17683029174804688,0.152679443359375,0.152679443359375,0.024150848388671875,0.024150848388671875
98398868:116,98398868,mid,20,8,all_win,4096,0,0.0,0.0,0.0,0.0,0.0,0.0
98398868:9,98398868,high,55,6,varied,3072,0,0.10605875651041667,0.10605875651041667,0.0540771484375,0.0540771484375,0.051981608072916664,0.051981608072916664
98399735:53,98399735,high,42,10,varied,5120,0,0.0394256591796875,0.0394256591796875,0.0401611328125,0.0401611328125,-0.0007354736328125,-0.0007354736328125
98399735:91,98399735,mid,17,10,all_win,5120,0,0.0,0.0,0.0,0.0,0.0,0.0
98399735:95,98399735,low,13,11,all_win,5632,0,0.0,0.0,0.0,0.0,0.0,0.0
98401105:80,98401105,mid,31,8,varied,4096,0,0.22495651245117188,0.22495651245117188,0.15936279296875,0.15936279296875,0.06559371948242188,0.06559371948242188
98431926:134,98431926,low,11,3,all_win,1536,0,0.0,0.0,0.0,0.0,0.0,0.0
98431926:27,98431926,high,44,3,varied,1536,0,0.2220001220703125,0.2220001220703125,0.2039794921875,0.2039794921875,0.0180206298828125,0.0180206298828125
98431926:98,98431926,mid,19,6,all_win,3072,0,0.0,0.0,0.0,0.0,0.0,0.0
98458387:108,98458387,low,11,6,all_win,3072,0,0.0,0.0,0.0,0.0,0.0,0.0
98458387:55,98458387,mid,34,2,varied,1024,0,0.2900848388671875,0.2900848388671875,0.184326171875,0.184326171875,0.1057586669921875,0.1057586669921875
98467306:117,98467306,low,11,3,all_win,1536,0,0.0,0.0,0.0,0.0,0.0,0.0
98467306:67,98467306,mid,30,6,varied,3072,0,0.0101318359375,0.0101318359375,0.010294596354166666,0.010294596354166666,-0.00016276041666666666,-0.00016276041666666666
98485373:24,98485373,high,46,5,varied,2560,0,0.056097412109375,0.056097412109375,0.05791015625,0.05791015625,-0.001812744140625,-0.001812744140625
98485373:77,98485373,mid,17,5,varied,2560,0,0.103094482421875,0.103094482421875,0.0427734375,0.0427734375,0.060321044921875,0.060321044921875
98485373:99,98485373,low,12,6,varied,3072,0,0.01485443115234375,0.01485443115234375,0.00262451171875,0.00262451171875,0.01222991943359375,0.01222991943359375
98505664:107,98505664,low,13,5,varied,2560,0,0.000787353515625,0.000787353515625,0.000830078125,0.000830078125,-4.2724609375e-05,-4.2724609375e-05
98516231:129,98516231,low,13,2,all_loss,1024,0,0.0,0.0,0.0,0.0,0.0,0.0
98516231:25,98516231,high,49,2,varied,1024,0,0.2283172607421875,0.2283172607421875,0.2174072265625,0.2174072265625,0.0109100341796875,0.0109100341796875
98516231:58,98516231,mid,29,4,varied,2048,0,0.2583274841308594,0.2583274841308594,0.209014892578125,0.209014892578125,0.049312591552734375,0.049312591552734375
98532354:186,98532354,mid,15,5,all_win,2560,0,0.0,0.0,0.0,0.0,0.0,0.0
98532354:194,98532354,low,14,8,all_win,4096,0,0.0,0.0,0.0,0.0,0.0,0.0
98532354:26,98532354,high,51,9,varied,4608,0,0.2379336886935764,0.2379336886935764,0.21873643663194445,0.21873643663194445,0.019197252061631944,0.019197252061631944
98539070:125,98539070,low,8,10,all_win,5120,0,0.0,0.0,0.0,0.0,0.0,0.0
98539070:52,98539070,high,40,8,varied,4096,0,0.21088409423828125,0.21088409423828125,0.17828369140625,0.17828369140625,0.03260040283203125,0.03260040283203125
98539070:67,98539070,mid,31,3,varied,1536,0,0.21271260579427084,0.21271260579427084,0.1890869140625,0.1890869140625,0.023625691731770832,0.023625691731770832
98551829:142,98551829,mid,27,5,all_win,2560,0,0.0,0.0,0.0,0.0,0.0,0.0
98551829:19,98551829,high,52,10,varied,5120,0,0.00410308837890625,0.00410308837890625,0.00435791015625,0.00435791015625,-0.00025482177734375,-0.00025482177734375
98610712:115,98610712,low,12,10,all_win,5120,0,0.0,0.0,0.0,0.0,0.0,0.0
98614421:118,98614421,low,14,3,varied,1536,0,0.0032602945963541665,0.0032602945963541665,0.0032145182291666665,0.0032145182291666665,4.57763671875e-05,4.57763671875e-05
98619493:94,98619493,low,10,5,varied,2560,0,0.00235595703125,0.00235595703125,0.002392578125,0.002392578125,-3.662109375e-05,-3.662109375e-05
98626222:36,98626222,high,52,6,varied,3072,0,0.24874114990234375,0.24874114990234375,0.21177164713541666,0.21177164713541666,0.036969502766927086,0.036969502766927086
98647220:69,98647220,high,36,7,varied,3584,0,0.28721182686941965,0.28721182686941965,0.1683349609375,0.1683349609375,0.11887686593191964,0.11887686593191964
98647220:95,98647220,mid,29,2,varied,1024,0,0.28824615478515625,0.28824615478515625,0.00762939453125,0.00762939453125,0.28061676025390625,0.28061676025390625
98715351:127,98715351,low,13,7,varied,3584,0,0.0,0.0,0.0,0.0,0.0,0.0
98728859:137,98728859,low,7,2,all_win,1024,0,0.0,0.0,0.0,0.0,0.0,0.0
98739496:7,98739496,high,59,6,varied,3072,0,0.18660990397135416,0.18660990397135416,0.18778483072916666,0.18778483072916666,-0.0011749267578125,-0.0011749267578125
98739496:79,98739496,mid,30,4,varied,2048,0,0.033260345458984375,0.033260345458984375,0.020782470703125,0.020782470703125,0.012477874755859375,0.012477874755859375
98739496:99,98739496,low,10,5,all_win,2560,0,0.0,0.0,0.0,0.0,0.0,0.0
98739540:108,98739540,low,12,7,all_win,3584,0,0.0,0.0,0.0,0.0,0.0,0.0
98742157:49,98742157,high,50,6,varied,3072,0,0.048004150390625,0.048004150390625,0.0460205078125,0.0460205078125,0.001983642578125,0.001983642578125
98742157:90,98742157,mid,34,2,all_loss,1024,0,0.0,0.0,0.0,0.0,0.0,0.0
98752852:95,98752852,low,13,6,all_win,3072,0,0.0,0.0,0.0,0.0,0.0,0.0
98764752:106,98764752,low,14,4,all_win,2048,0,0.0,0.0,0.0,0.0,0.0,0.0
98776548:126,98776548,low,12,3,all_loss,1536,0,0.0,0.0,0.0,0.0,0.0,0.0
98776548:22,98776548,high,49,8,varied,4096,0,0.17000770568847656,0.17000770568847656,0.1464996337890625,0.1464996337890625,0.023508071899414062,0.023508071899414062
98776548:83,98776548,mid,27,8,varied,4096,0,0.09897994995117188,0.09897994995117188,0.06201171875,0.06201171875,0.036968231201171875,0.036968231201171875
98801524:42,98801524,high,47,6,varied,3072,0,0.00032806396484375,0.00032806396484375,0.0003458658854166667,0.0003458658854166667,-1.7801920572916668e-05,-1.7801920572916668e-05
98801524:92,98801524,mid,29,11,all_win,5632,0,0.0,0.0,0.0,0.0,0.0,0.0
98830799:116,98830799,mid,29,4,all_win,2048,0,0.0,0.0,0.0,0.0,0.0,0.0
98830799:20,98830799,high,53,9,varied,4608,0,0.004808213975694444,0.004808213975694444,0.005126953125,0.005126953125,-0.00031873914930555556,-0.00031873914930555556
98844540:183,98844540,mid,24,7,all_win,3584,0,0.0,0.0,0.0,0.0,0.0,0.0
98844540:32,98844540,high,50,5,varied,2560,0,0.0023681640625,0.0023681640625,0.0025390625,0.0025390625,-0.0001708984375,-0.0001708984375
98849975:120,98849975,low,10,10,all_win,5120,0,0.0,0.0,0.0,0.0,0.0,0.0
98862317:201,98862317,low,10,3,varied,1536,0,0.018829345703125,0.018829345703125,0.019449869791666668,0.019449869791666668,-0.0006205240885416666,-0.0006205240885416666
98888060:129,98888060,low,13,9,all_win,4608,0,0.0,0.0,0.0,0.0,0.0,0.0
98888060:20,98888060,high,57,6,varied,3072,0,0.23287518819173178,0.23287518819173178,0.22662862141927084,0.22662862141927084,0.0062465667724609375,0.0062465667724609375
98888060:63,98888060,mid,34,4,varied,2048,0,0.06178760528564453,0.06178760528564453,0.06198883056640625,0.06198883056640625,-0.00020122528076171875,-0.00020122528076171875
98912734:202,98912734,low,14,5,all_win,2560,0,0.0,0.0,0.0,0.0,0.0,0.0
98912734:23,98912734,high,46,6,varied,3072,0,0.006459554036458333,0.006459554036458333,0.006876627604166667,0.006876627604166667,-0.0004170735677083333,-0.0004170735677083333
98912734:97,98912734,mid,31,6,varied,3072,0,0.23338635762532553,0.23338635762532553,0.1160736083984375,0.1160736083984375,0.11731274922688802,0.11731274922688802
98917523:127,98917523,low,12,5,all_win,2560,0,0.0,0.0,0.0,0.0,0.0,0.0
98917523:29,98917523,high,45,3,varied,1536,0,0.037546793619791664,0.037546793619791664,0.0400390625,0.0400390625,-0.0024922688802083335,-0.0024922688802083335
98917523:77,98917523,mid,25,5,varied,2560,0,0.0226165771484375,0.0226165771484375,0.0237548828125,0.0237548828125,-0.0011383056640625,-0.0011383056640625
98933368:104,98933368,low,14,7,all_win,3584,0,0.0,0.0,0.0,0.0,0.0,0.0
98935301:10,98935301,high,59,6,varied,3072,0,0.22383880615234375,0.22383880615234375,0.17714436848958334,0.17714436848958334,0.046694437662760414,0.046694437662760414
98983769:7,98983769,high,58,8,varied,4096,0,0.14852142333984375,0.14852142333984375,0.153167724609375,0.153167724609375,-0.00464630126953125,-0.00464630126953125
98995592:30,98995592,high,44,2,varied,1024,0,0.20455551147460938,0.20455551147460938,0.146697998046875,0.146697998046875,0.057857513427734375,0.057857513427734375
99004417:5,99004417,high,59,4,varied,2048,0,0.23387527465820312,0.23387527465820312,0.136993408203125,0.136993408203125,0.09688186645507812,0.09688186645507812
99004417:73,99004417,mid,32,2,varied,1024,0,0.033843994140625,0.033843994140625,0.031494140625,0.031494140625,0.002349853515625,0.002349853515625
99019696:112,99019696,high,35,5,varied,2560,0,0.020367431640625,0.020367431640625,0.01865234375,0.01865234375,0.001715087890625,0.001715087890625
99019696:134,99019696,low,14,3,varied,1536,0,0.14432779947916666,0.14432779947916666,0.09049479166666667,0.09049479166666667,0.0538330078125,0.0538330078125
99019696:151,99019696,mid,17,8,all_loss,4096,0,0.0,0.0,0.0,0.0,0.0,0.0
99021998:116,99021998,mid,31,6,all_win,3072,0,0.0,0.0,0.0,0.0,0.0,0.0
99021998:78,99021998,high,38,5,all_win,2560,0,0.0,0.0,0.0,0.0,0.0,0.0
99038951:91,99038951,low,9,9,all_win,4608,0,0.0,0.0,0.0,0.0,0.0,0.0
99050725:135,99050725,mid,24,7,varied,3584,0,0.00035149710518973213,0.00035149710518973213,0.00037057059151785713,0.00037057059151785713,-1.9073486328125e-05,-1.9073486328125e-05
99050725:15,99050725,high,55,8,varied,4096,0,0.010526657104492188,0.010526657104492188,0.0110015869140625,0.0110015869140625,-0.0004749298095703125,-0.0004749298095703125
99066608:131,99066608,low,8,4,all_win,2048,0,0.0,0.0,0.0,0.0,0.0,0.0
99066608:45,99066608,high,35,7,varied,3584,0,0.20496913364955358,0.20496913364955358,0.16458565848214285,0.16458565848214285,0.04038347516741071,0.04038347516741071
99066608:63,99066608,mid,29,4,varied,2048,0,0.21237564086914062,0.21237564086914062,0.147857666015625,0.147857666015625,0.06451797485351562,0.06451797485351562
99078913:123,99078913,low,8,8,all_win,4096,0,0.0,0.0,0.0,0.0,0.0,0.0
99078913:22,99078913,high,46,9,varied,4608,0,0.021467420789930556,0.021467420789930556,0.015787760416666668,0.015787760416666668,0.005679660373263889,0.005679660373263889
99078913:72,99078913,mid,22,3,all_win,1536,0,0.0,0.0,0.0,0.0,0.0,0.0
99097602:104,99097602,mid,23,2,varied,1024,0,0.247344970703125,0.247344970703125,0.109130859375,0.109130859375,0.138214111328125,0.138214111328125
99097602:137,99097602,low,12,2,varied,1024,0,0.0039825439453125,0.0039825439453125,0.0037841796875,0.0037841796875,0.0001983642578125,0.0001983642578125
99097602:6,99097602,high,59,8,varied,4096,0,0.05553245544433594,0.05553245544433594,0.0564117431640625,0.0564117431640625,-0.0008792877197265625,-0.0008792877197265625
99109562:178,99109562,mid,22,11,all_win,5632,0,0.0,0.0,0.0,0.0,0.0,0.0
99109562:29,99109562,high,51,6,varied,3072,0,0.0039215087890625,0.0039215087890625,0.004191080729166667,0.004191080729166667,-0.0002695719401041667,-0.0002695719401041667
99123405:136,99123405,low,14,2,all_win,1024,0,0.0,0.0,0.0,0.0,0.0,0.0
99127788:122,99127788,low,6,2,all_win,1024,0,0.0,0.0,0.0,0.0,0.0,0.0
99196153:103,99196153,mid,15,9,all_win,4608,0,0.0,0.0,0.0,0.0,0.0,0.0
99196153:110,99196153,low,14,2,all_win,1024,0,0.0,0.0,0.0,0.0,0.0,0.0
99196153:5,99196153,high,59,6,varied,3072,0,0.19298553466796875,0.19298553466796875,0.18935139973958334,0.18935139973958334,0.0036341349283854165,0.0036341349283854165
99208000:122,99208000,mid,30,10,all_loss,5120,0,0.0,0.0,0.0,0.0,0.0,0.0
99208000:39,99208000,high,48,5,varied,2560,0,0.238995361328125,0.238995361328125,0.222216796875,0.222216796875,0.016778564453125,0.016778564453125
99243475:133,99243475,low,8,6,varied,3072,0,0.014157613118489584,0.014157613118489584,0.012349446614583334,0.012349446614583334,0.00180816650390625,0.00180816650390625
99250630:118,99250630,low,14,10,varied,5120,0,0.01615447998046875,0.01615447998046875,0.01297607421875,0.01297607421875,0.00317840576171875,0.00317840576171875
99271858:21,99271858,high,52,6,varied,3072,0,0.008557637532552084,0.008557637532552084,0.00738525390625,0.00738525390625,0.0011723836263020833,0.0011723836263020833
99274248:16,99274248,high,53,9,varied,4608,0,0.13848368326822916,0.13848368326822916,0.14015028211805555,0.14015028211805555,-0.001666598849826389,-0.001666598849826389
99274248:86,99274248,mid,26,7,varied,3584,0,0.13180759974888392,0.13180759974888392,0.06293596540178571,0.06293596540178571,0.06887163434709821,0.06887163434709821
99284226:14,99284226,high,51,7,varied,3584,0,0.2342801775251116,0.2342801775251116,0.19898332868303573,0.19898332868303573,0.035296848842075894,0.035296848842075894
99284226:84,99284226,mid,15,2,all_loss,1024,0,0.0,0.0,0.0,0.0,0.0,0.0
99284327:116,99284327,low,12,7,all_win,3584,0,0.0,0.0,0.0,0.0,0.0,0.0
99305777:134,99305777,low,13,8,all_win,4096,0,0.0,0.0,0.0,0.0,0.0,0.0
99329883:94,99329883,low,13,7,varied,3584,0,0.0002811976841517857,0.0002811976841517857,0.0002964564732142857,0.0002964564732142857,-1.52587890625e-05,-1.52587890625e-05
99341746:105,99341746,low,13,6,all_win,3072,0,0.0,0.0,0.0,0.0,0.0,0.0
99341746:37,99341746,high,42,11,varied,5632,0,0.12139060280539772,0.12139060280539772,0.10526899857954546,0.10526899857954546,0.016121604225852272,0.016121604225852272
99341746:76,99341746,mid,16,10,varied,5120,0,0.00501708984375,0.00501708984375,0.005078125,0.005078125,-6.103515625e-05,-6.103515625e-05
99355353:216,99355353,mid,23,5,varied,2560,0,0.0,0.0,0.0,0.0,0.0,0.0
99355353:7,99355353,high,58,11,varied,5632,0,0.025814056396484375,0.025814056396484375,0.02248590642755682,0.02248590642755682,0.003328149968927557,0.003328149968927557
99362100:114,99362100,low,13,12,all_win,6144,0,0.0,0.0,0.0,0.0,0.0,0.0
99373757:130,99373757,low,4,5,all_win,2560,0,0.0,0.0,0.0,0.0,0.0,0.0
99373757:46,99373757,high,45,5,varied,2560,0,0.2340606689453125,0.2340606689453125,0.2422607421875,0.2422607421875,-0.0082000732421875,-0.0082000732421875
99373757:69,99373757,mid,28,3,varied,1536,0,0.2816518147786458,0.2816518147786458,0.1868896484375,0.1868896484375,0.09476216634114583,0.09476216634114583
99379175:139,99379175,mid,21,4,varied,2048,0,0.057605743408203125,0.057605743408203125,0.047271728515625,0.047271728515625,0.010334014892578125,0.010334014892578125
99379175:6,99379175,high,59,8,varied,4096,0,0.22675132751464844,0.22675132751464844,0.2298736572265625,0.2298736572265625,-0.0031223297119140625,-0.0031223297119140625
99385726:73,99385726,low,14,8,all_win,4096,0,0.0,0.0,0.0,0.0,0.0,0.0
99389681:13,99389681,high,57,4,varied,2048,0,0.248138427734375,0.248138427734375,0.23211669921875,0.23211669921875,0.016021728515625,0.016021728515625
99389681:132,99389681,mid,17,2,all_win,1024,0,0.0,0.0,0.0,0.0,0.0,0.0
99397499:141,99397499,low,13,3,varied,1536,0,0.229339599609375,0.229339599609375,0.005126953125,0.005126953125,0.224212646484375,0.224212646484375
99397499:25,99397499,high,47,5,varied,2560,0,0.1572296142578125,0.1572296142578125,0.0778076171875,0.0778076171875,0.0794219970703125,0.0794219970703125
99397499:55,99397499,mid,32,3,varied,1536,0,0.18535868326822916,0.18535868326822916,0.1365966796875,0.1365966796875,0.048762003580729164,0.048762003580729164
99410574:120,99410574,low,12,4,varied,2048,0,0.11980056762695312,0.11980056762695312,0.048187255859375,0.048187255859375,0.07161331176757812,0.07161331176757812
99410574:15,99410574,high,54,7,varied,3584,0,0.19698224748883927,0.19698224748883927,0.17989676339285715,0.17989676339285715,0.017085484095982144,0.017085484095982144
99410574:75,99410574,mid,23,8,varied,4096,0,0.17354965209960938,0.17354965209960938,0.150909423828125,0.150909423828125,0.022640228271484375,0.022640228271484375
99426251:140,99426251,low,8,8,varied,4096,0,0.182708740234375,0.182708740234375,0.03125,0.03125,0.151458740234375,0.151458740234375
99426251:50,99426251,high,38,2,varied,1024,0,0.197113037109375,0.197113037109375,0.200439453125,0.200439453125,-0.003326416015625,-0.003326416015625
99426251:92,99426251,mid,15,3,varied,1536,0,0.2114410400390625,0.2114410400390625,0.10982259114583333,0.10982259114583333,0.10161844889322917,0.10161844889322917
99430906:59,99430906,high,40,6,varied,3072,0,0.26822662353515625,0.26822662353515625,0.16192626953125,0.16192626953125,0.10630035400390625,0.10630035400390625
99430906:84,99430906,mid,34,3,varied,1536,0,0.08005269368489583,0.08005269368489583,0.054239908854166664,0.054239908854166664,0.025812784830729168,0.025812784830729168
99440602:143,99440602,low,10,11,all_win,5632,0,0.0,0.0,0.0,0.0,0.0,0.0
99453150:124,99453150,mid,15,5,varied,2560,0,0.0840728759765625,0.0840728759765625,0.0901611328125,0.0901611328125,-0.0060882568359375,-0.0060882568359375
99453150:149,99453150,low,14,4,varied,2048,0,0.06383514404296875,0.06383514404296875,0.008544921875,0.008544921875,0.05529022216796875,0.05529022216796875
99453150:8,99453150,high,57,6,varied,3072,0,0.009857177734375,0.009857177734375,0.0098876953125,0.0098876953125,-3.0517578125e-05,-3.0517578125e-05
99499396:237,99499396,low,10,12,all_win,6144,0,0.0,0.0,0.0,0.0,0.0,0.0
99506795:127,99506795,low,10,4,varied,2048,0,0.11880874633789062,0.11880874633789062,0.005645751953125,0.005645751953125,0.11316299438476562,0.11316299438476562
99547116:116,99547116,mid,26,5,all_win,2560,0,0.0,0.0,0.0,0.0,0.0,0.0
99547116:46,99547116,high,42,9,varied,4608,0,0.0806121826171875,0.0806121826171875,0.08063422309027778,0.08063422309027778,-2.2040473090277777e-05,-2.2040473090277777e-05
99552517:256,99552517,low,9,7,all_win,3584,0,0.0,0.0,0.0,0.0,0.0,0.0
99552517:38,99552517,high,43,12,varied,6144,0,0.008342742919921875,0.008342742919921875,0.007354736328125,0.007354736328125,0.000988006591796875,0.000988006591796875
99552517:77,99552517,mid,33,6,varied,3072,0,0.06197675069173177,0.06197675069173177,0.06274922688802083,0.06274922688802083,-0.0007724761962890625,-0.0007724761962890625
99560206:122,99560206,low,14,11,all_win,5632,0,0.0,0.0,0.0,0.0,0.0,0.0
99582381:12,99582381,high,56,6,varied,3072,0,0.05710665384928385,0.05710665384928385,0.058781941731770836,0.058781941731770836,-0.0016752878824869792,-0.0016752878824869792
99582381:88,99582381,mid,28,3,varied,1536,0,0.1539433797200521,0.1539433797200521,0.09783935546875,0.09783935546875,0.056104024251302086,0.056104024251302086
99583850:28,99583850,high,47,2,varied,1024,0,0.207763671875,0.207763671875,0.0794677734375,0.0794677734375,0.1282958984375,0.1282958984375
99583850:67,99583850,mid,31,3,all_loss,1536,0,0.0,0.0,0.0,0.0,0.0,0.0
99591060:48,99591060,high,37,10,varied,5120,0,0.0003936767578125,0.0003936767578125,0.0004150390625,0.0004150390625,-2.13623046875e-05,-2.13623046875e-05
99591060:73,99591060,mid,32,10,varied,5120,0,0.01353607177734375,0.01353607177734375,0.01268310546875,0.01268310546875,0.00085296630859375,0.00085296630859375
99607273:130,99607273,mid,29,3,varied,1536,0,0.10936991373697917,0.10936991373697917,0.09745279947916667,0.09745279947916667,0.0119171142578125,0.0119171142578125
99607273:39,99607273,high,48,11,varied,5632,0,0.16549821333451706,0.16549821333451706,0.1589688387784091,0.1589688387784091,0.006529374556107955,0.006529374556107955
99626969:142,99626969,low,11,2,all_win,1024,0,0.0,0.0,0.0,0.0,0.0,0.0
99627055:50,99627055,high,46,8,varied,4096,0,0.10233116149902344,0.10233116149902344,0.1027679443359375,0.1027679443359375,-0.0004367828369140625,-0.0004367828369140625
99627055:94,99627055,mid,28,5,all_win,2560,0,0.0,0.0,0.0,0.0,0.0,0.0
99638821:152,99638821,mid,25,12,varied,6144,0,0.23480542500813803,0.23480542500813803,0.23907979329427084,0.23907979329427084,-0.0042743682861328125,-0.0042743682861328125
99638821:204,99638821,low,12,7,varied,3584,0,0.18725149972098215,0.18725149972098215,0.16800362723214285,0.16800362723214285,0.019247872488839284,0.019247872488839284
99638821:5,99638821,high,59,6,varied,3072,0,0.0019734700520833335,0.0019734700520833335,0.0019938151041666665,0.0019938151041666665,-2.0345052083333332e-05,-2.0345052083333332e-05
99671781:12,99671781,high,56,6,varied,3072,0,0.1303558349609375,0.1303558349609375,0.12154134114583333,0.12154134114583333,0.008814493815104166,0.008814493815104166
99671781:150,99671781,low,11,9,all_win,4608,0,0.0,0.0,0.0,0.0,0.0,0.0
99671781:84,99671781,mid,27,8,varied,4096,0,0.01947784423828125,0.01947784423828125,0.019561767578125,0.019561767578125,-8.392333984375e-05,-8.392333984375e-05
99673151:84,99673151,low,10,6,all_win,3072,0,0.0,0.0,0.0,0.0,0.0,0.0
99706092:103,99706092,low,5,4,all_win,2048,0,0.0,0.0,0.0,0.0,0.0,0.0
99706092:23,99706092,high,46,5,varied,2560,0,0.0767547607421875,0.0767547607421875,0.0773681640625,0.0773681640625,-0.0006134033203125,-0.0006134033203125
99706092:75,99706092,mid,20,4,varied,2048,0,0.03136444091796875,0.03136444091796875,0.0211181640625,0.0211181640625,0.01024627685546875,0.01024627685546875
99739060:6,99739060,high,59,9,varied,4608,0,0.1283450656467014,0.1283450656467014,0.13768174913194445,0.13768174913194445,-0.009336683485243056,-0.009336683485243056
99739060:62,99739060,mid,34,9,varied,4608,0,0.2463531494140625,0.2463531494140625,0.2085910373263889,0.2085910373263889,0.03776211208767361,0.03776211208767361
99740387:129,99740387,low,9,2,varied,1024,0,0.0721893310546875,0.0721893310546875,0.01708984375,0.01708984375,0.0550994873046875,0.0550994873046875
99774961:78,99774961,mid,33,7,varied,3584,0,0.002295902797154018,0.002295902797154018,0.002410888671875,0.002410888671875,-0.00011498587472098214,-0.00011498587472098214
99786700:110,99786700,low,12,8,all_win,4096,0,0.0,0.0,0.0,0.0,0.0,0.0
99788300:19,99788300,high,52,10,varied,5120,0,0.17423858642578124,0.17423858642578124,0.17003173828125,0.17003173828125,0.00420684814453125,0.00420684814453125
99788300:91,99788300,mid,29,5,varied,2560,0,0.0652252197265625,0.0652252197265625,0.0431396484375,0.0431396484375,0.0220855712890625,0.0220855712890625
99853196:108,99853196,low,10,3,varied,1536,0,0.20147705078125,0.20147705078125,0.048746744791666664,0.048746744791666664,0.15273030598958334,0.15273030598958334
99857162:128,99857162,low,13,11,varied,5632,0,0.0010736638849431818,0.0010736638849431818,0.0010875355113636363,0.0010875355113636363,-1.3871626420454545e-05,-1.3871626420454545e-05
99877455:109,99877455,low,14,5,all_win,2560,0,0.0,0.0,0.0,0.0,0.0,0.0
99889514:130,99889514,low,8,5,all_win,2560,0,0.0,0.0,0.0,0.0,0.0,0.0
99901399:198,99901399,low,12,2,all_win,1024,0,0.0,0.0,0.0,0.0,0.0,0.0
99935254:24,99935254,high,53,6,varied,3072,0,0.1100616455078125,0.1100616455078125,0.0985107421875,0.0985107421875,0.0115509033203125,0.0115509033203125
99950570:110,99950570,low,9,4,all_loss,2048,0,0.0,0.0,0.0,0.0,0.0,0.0
99951185:196,99951185,low,12,4,all_loss,2048,0,0.0,0.0,0.0,0.0,0.0,0.0
99963101:132,99963101,low,13,3,all_loss,1536,0,0.0,0.0,0.0,0.0,0.0,0.0
99963101:26,99963101,high,46,2,varied,1024,0,0.1508331298828125,0.1508331298828125,0.1575927734375,0.1575927734375,-0.0067596435546875,-0.0067596435546875
99963101:73,99963101,mid,27,10,varied,5120,0,0.11229095458984376,0.11229095458984376,0.08717041015625,0.08717041015625,0.02512054443359375,0.02512054443359375
99975393:113,99975393,low,14,3,varied,1536,0,0.1900634765625,0.1900634765625,0.129150390625,0.129150390625,0.0609130859375,0.0609130859375
99975393:20,99975393,high,48,4,varied,2048,0,0.16763019561767578,0.16763019561767578,0.15683746337890625,0.15683746337890625,0.010792732238769531,0.010792732238769531
99975393:91,99975393,mid,20,5,varied,2560,0,0.13436279296875,0.13436279296875,0.07978515625,0.07978515625,0.05457763671875,0.05457763671875
