active_main_bad_parity_count,audit_status,completed,episode_id,ever_H_lt_15_own_main,ever_H_lt_15_root_eligible,final_status,first_H_lt_15,first_H_lt_15_root_eligible,first_player,initial_own_main_fingerprint,issues,max_global_turn,metadata_episode_state,metadata_reward,min_H_own_main,opponent_submission_id,outcome,own_first,own_main_count,own_player_index,replay_available,replay_outcome,replay_path,replay_reward,replay_sha256,replay_steps,root_eligible_count,submission_id,turn10_category,turn10_global_turn,turn10_legacy_search_compatible,turn10_looking_present,turn10_maxCount,turn10_minCount,turn10_opponent_H,turn10_opponent_deck,turn10_opponent_hand,turn10_opponent_prizes,turn10_options,turn10_own_deck,turn10_own_prizes,turn10_own_turn,turn10_replay_step,turn10_root_eligible,turn10_target_global_turn,turn15_category,turn15_global_turn,turn15_legacy_search_compatible,turn15_looking_present,turn15_maxCount,turn15_minCount,turn15_opponent_H,turn15_opponent_deck,turn15_opponent_hand,turn15_opponent_prizes,turn15_options,turn15_own_deck,turn15_own_prizes,turn15_own_turn,turn15_replay_step,turn15_root_eligible,turn15_target_global_turn,turn5_category,turn5_global_turn,turn5_legacy_search_compatible,turn5_looking_present,turn5_maxCount,turn5_minCount,turn5_opponent_H,turn5_opponent_deck,turn5_opponent_hand,turn5_opponent_prizes,turn5_options,turn5_own_deck,turn5_own_prizes,turn5_own_turn,turn5_replay_step,turn5_root_eligible,turn5_target_global_turn
0,ok,True,104460210,False,False,DONE,,,0,5c02f27fe0ef9ec266fcf081371377d53c7fce7cc01e510772bd1ae339ca69b4,no_explicit_terminal_engine_result,5,EpisodeState.COMPLETED,-1,49,55531786,loss,False,8,1,True,loss,/private/tmp/kaggle_eps/55565056/replays/episode-104460210-replay.json,-1,f23e23cc93f930d87c771375af15e30ecbbb53b687ec71efa3a96631c365659f,58,8,55565056,ended_before,,,,,,,,,,,,,,,,20,ended_before,,,,,,,,,,,,,,,,30,ended_before,,,,,,,,,,,,,,,,10
0,ok,True,104455710,True,True,DONE,,,0,42cb2c4f94fe9ade041c59b527586a2f71757a5ef63df045a8e26e0dd30c9026,no_explicit_terminal_engine_result,26,EpisodeState.COMPLETED,1,6,55552677,win,False,49,1,True,win,/private/tmp/kaggle_eps/55565056/replays/episode-104455710-replay.json,1,b274d0e6005a95ff579cfd464c1aa2e363bac6e6c4981e6f0a844767dd27bcfa,140,45,55565056,reached,20,True,False,1,1,34,11,20,3,9,12,6,10,111,True,,ended_before,,,,,,,,,,,,,,,,30,reached,10,False,False,1,1,44,35,3,6,21,19,6,5,56,False,
0,ok,True,104443709,False,False,DONE,,,0,1499d221aaf079e8ef68559030a291db9a5acaf13187a1c58e4c110a1e8f1ce0,no_explicit_terminal_engine_result,8,EpisodeState.COMPLETED,-1,33,55564432,loss,True,15,0,True,loss,/private/tmp/kaggle_eps/55565056/replays/episode-104443709-replay.json,-1,d9a5f8e5f79ac1294dd27b32407f1c592093259e39c3eee4e85ed6ddc6f7137d,72,12,55565056,ended_before,,,,,,,,,,,,,,,,19,ended_before,,,,,,,,,,,,,,,,29,ended_before,,,,,,,,,,,,,,,,9
0,ok,True,104432177,True,True,DONE,,,0,db27b608bffb84e8bc0b45e450a10204180a2541406bef520111375ba3f25a02,no_explicit_terminal_engine_result,38,EpisodeState.COMPLETED,-1,7,54913809,loss,True,55,0,True,loss,/private/tmp/kaggle_eps/55565056/replays/episode-104432177-replay.json,-1,d5a8ba28843aeb1b6463ce74918230d342305206d23514ae47bfd259071fd960,176,46,55565056,reached,19,False,False,1,1,23,17,3,3,13,28,6,10,99,False,,reached,29,True,False,1,1,13,7,4,2,12,8,6,15,151,True,,reached,9,True,False,1,1,33,24,4,5,2,42,6,5,60,True,
0,ok,True,104420618,False,False,DONE,,,0,10412a00ff52518f3c77db5a4a83cd3a41155e66a95160d9f1118fc6bc3cef6e,no_explicit_terminal_engine_result,17,EpisodeState.COMPLETED,1,21,55426785,win,True,38,0,True,win,/private/tmp/kaggle_eps/55565056/replays/episode-104420618-replay.json,1,969f2b74c91b2f63c7919c1a498b570b822d192f95a0425432cec84d96f03dd1,126,32,55565056,ended_before,,,,,,,,,,,,,,,,19,ended_before,,,,,,,,,,,,,,,,29,reached,9,True,False,1,1,30,15,10,5,11,28,6,5,78,True,
0,ok,True,104409050,False,False,DONE,,,0,7872d96ae5b81b64841e45b8959e5af7243d6592f2fdf24b42df0dc6222de7c9,no_explicit_terminal_engine_result,29,EpisodeState.COMPLETED,1,16,55372125,win,True,35,0,True,win,/private/tmp/kaggle_eps/55565056/replays/episode-104409050-replay.json,1,a89eb0a41e822786e1da732a46f4e605d3b5bff500bac55beb3565868b5fce82,136,31,55565056,reached,19,True,False,1,1,20,5,11,4,6,32,6,10,111,True,,reached,29,True,False,1,1,16,0,12,4,8,27,6,15,133,True,,reached,9,True,False,1,1,28,17,6,5,3,37,6,5,76,True,
0,ok,True,104397088,False,False,DONE,,,0,43eb7fa35b82196efe52b684dcf9559af5f5ab86befe4a5c1a1440868b56eed0,no_explicit_terminal_engine_result,21,EpisodeState.COMPLETED,-1,21,55526410,loss,False,42,1,True,loss,/private/tmp/kaggle_eps/55565056/replays/episode-104397088-replay.json,-1,3f4595e9e039e75c4387729bb4a85979788b7663323c8b646bac1d2f3f56126a,132,36,55565056,reached,20,True,False,1,1,21,15,5,1,12,14,6,10,127,True,,ended_before,,,,,,,,,,,,,,,,30,reached,10,True,False,1,1,32,23,4,5,8,33,6,5,77,True,
0,ok,True,104396119,False,False,DONE,,,0,2921c3c49d126354debfde11c19a8346399a918d9e9c2d2864001d2b70732a85,no_explicit_terminal_engine_result,29,EpisodeState.COMPLETED,-1,24,54641361,loss,False,44,1,True,loss,/private/tmp/kaggle_eps/55565056/replays/episode-104396119-replay.json,-1,626462e7452b15ab9f334782bacf2ac28d500cb3525c298f00903133977fea94,137,41,55565056,reached,20,True,False,1,1,31,22,6,3,7,14,6,10,94,True,,ended_before,,,,,,,,,,,,,,,,30,reached,10,True,False,1,1,41,34,3,4,7,31,6,5,61,True,
0,ok,True,104384548,True,True,DONE,,,0,355dadabfd24295f8112b038583ac2ade0dabe499e42aa72e605e55ab905c630,no_explicit_terminal_engine_result,23,EpisodeState.COMPLETED,1,14,55542530,win,True,43,0,True,win,/private/tmp/kaggle_eps/55565056/replays/episode-104384548-replay.json,1,f0ba76200301a186f11bb2c094d36c48156fd5824f5b3605955dbe32cfc94453,149,42,55565056,reached,19,True,False,1,1,15,6,6,3,8,12,6,10,130,True,,ended_before,,,,,,,,,,,,,,,,29,reached,9,True,False,1,1,37,12,19,6,11,26,6,5,72,True,
0,ok,True,104372508,False,False,DONE,,,0,195dab91a5fcda47b6774dc588830846b65459fe3fc9c3dc340e48e789df4de1,no_explicit_terminal_engine_result,20,EpisodeState.COMPLETED,1,20,55552160,win,False,38,1,True,win,/private/tmp/kaggle_eps/55565056/replays/episode-104372508-replay.json,1,9eecd26f9c71c4cdd5265858cd990d442acd7c53f44b25e0d1609c537cd3648f,184,35,55565056,reached,20,True,False,1,1,20,11,8,1,7,14,1,10,180,True,,ended_before,,,,,,,,,,,,,,,,30,reached,10,True,False,1,1,34,25,5,4,7,35,4,5,98,True,
0,ok,True,104360940,False,False,DONE,,,0,0776e6e787d6b77a6cc22fcd98d36fc5eeb1d74880187c39756b71ba1d0e3894,no_explicit_terminal_engine_result,21,EpisodeState.COMPLETED,1,15,55548458,win,True,38,0,True,win,/private/tmp/kaggle_eps/55565056/replays/episode-104360940-replay.json,1,337c2998223e6ae2377a32ea9aa601eb465486ec284df99f91d970d655591691,189,32,55565056,reached,19,True,False,1,1,18,13,4,1,10,21,3,10,175,True,,ended_before,,,,,,,,,,,,,,,,29,reached,9,True,False,1,1,31,23,3,5,11,36,6,5,79,True,
0,ok,True,104349382,False,False,DONE,,,0,8f8024e682a987ad00c548934b9fe013b88ed76504879e4f838f4758a1fd1a81,no_explicit_terminal_engine_result,10,EpisodeState.COMPLETED,-1,29,55498827,loss,True,13,0,True,loss,/private/tmp/kaggle_eps/55565056/replays/episode-104349382-replay.json,-1,e7151c354ebc8ea3a0ee592683a325075d22663f69ceb366be006f9bcfddc274,89,13,55565056,ended_before,,,,,,,,,,,,,,,,19,ended_before,,,,,,,,,,,,,,,,29,reached,9,True,False,1,1,29,18,6,5,5,42,6,5,69,True,
0,ok,True,104346998,False,False,DONE,,,0,8798f80744250a9eee21198897170810e5a37a3d7f11ab198894bf921e2ea7e6,no_explicit_terminal_engine_result,21,EpisodeState.COMPLETED,-1,25,55541803,loss,False,40,1,True,loss,/private/tmp/kaggle_eps/55565056/replays/episode-104346998-replay.json,-1,980bf140ecba3b3309bdcbb7327a1385ef20a8a9551293b81dfde5e858da968d,171,37,55565056,reached,20,True,False,1,1,25,17,6,2,3,15,5,10,163,True,,ended_before,,,,,,,,,,,,,,,,30,reached,10,False,False,1,1,36,24,6,6,15,21,6,5,79,False,
0,ok,True,104345458,False,False,DONE,,,0,de047c5c7f6bd0e8dbc5766542d854ed44e8d40ac98d66ea6d7d1e29ea554175,no_explicit_terminal_engine_result,19,EpisodeState.COMPLETED,-1,23,55558687,loss,False,41,1,True,loss,/private/tmp/kaggle_eps/55565056/replays/episode-104345458-replay.json,-1,f27a76d93a6098937b1e619dcbe6037e08ac17e393ce6a06da588efcd2d78c1b,175,39,55565056,ended_before,,,,,,,,,,,,,,,,20,ended_before,,,,,,,,,,,,,,,,30,reached,10,True,False,1,1,33,19,10,4,7,30,6,5,101,True,
0,ok,True,104333899,False,False,DONE,,,0,7f14d629e685da2fece4d971cd554acefa3e467e7f95702a168d5f79d0b5b845,no_explicit_terminal_engine_result,18,EpisodeState.COMPLETED,1,28,55230788,win,False,39,1,True,win,/private/tmp/kaggle_eps/55565056/replays/episode-104333899-replay.json,1,5fdc029eebe8b38a52ba028bd7701da2d97be18e5cc6c67d78bb0e30f7d39b54,137,20,55565056,ended_before,,,,,,,,,,,,,,,,20,ended_before,,,,,,,,,,,,,,,,30,reached,10,False,False,1,1,36,30,0,6,22,25,4,5,76,False,
0,ok,True,104332545,False,False,DONE,,,0,3b2a20b152cdc27cdd248d63bcc0a0e29afe21a754b3f57f9e4e41ad449b6bae,no_explicit_terminal_engine_result,37,EpisodeState.COMPLETED,-1,20,55546663,loss,False,55,1,True,loss,/private/tmp/kaggle_eps/55565056/replays/episode-104332545-replay.json,-1,dfe66db0ee202603733c48154b0de8f97cc9a306ce8ff368593e96922c48fc51,225,45,55565056,reached,20,True,False,1,1,24,16,7,1,2,21,6,10,154,True,,reached,30,True,False,1,1,22,10,11,1,5,8,6,15,185,True,,reached,10,True,False,1,1,32,23,5,4,3,28,6,5,89,True,
0,ok,True,104320962,False,False,DONE,,,0,575e33b9cc1a27ff7d17ead97f7195a1e5e6b575b63ba6e9f83ba9c0c9e20f48,no_explicit_terminal_engine_result,15,EpisodeState.COMPLETED,1,17,55558641,win,True,30,0,True,win,/private/tmp/kaggle_eps/55565056/replays/episode-104320962-replay.json,1,c6eb6151d6d68e10c5c487e8856154f82092fdbb5aa8e326d18054eea687aafd,126,28,55565056,ended_before,,,,,,,,,,,,,,,,19,ended_before,,,,,,,,,,,,,,,,29,reached,9,True,False,1,1,23,9,10,4,6,26,6,5,89,True,
0,ok,True,104312493,False,False,DONE,,,0,9bd9943d40a36ce9316222c9029ae6c287618437e849c50b2154cab567f1e3db,no_explicit_terminal_engine_result,16,EpisodeState.COMPLETED,1,20,55504973,win,False,32,1,True,win,/private/tmp/kaggle_eps/55565056/replays/episode-104312493-replay.json,1,4e9700ce41bcf198b80a291ab26350a91478a5ce3d5d18e2c455d1d5cde52be2,150,25,55565056,ended_before,,,,,,,,,,,,,,,,20,ended_before,,,,,,,,,,,,,,,,30,reached,10,False,False,1,1,27,16,5,6,27,21,5,5,109,False,
0,ok,True,104300315,False,False,DONE,,,0,a76c8d2dda9eba8df2c288f4a02bd738d4c81b5860fa6aae3467ff47b49d0ffc,no_explicit_terminal_engine_result,37,EpisodeState.COMPLETED,1,17,55158040,win,True,48,0,True,win,/private/tmp/kaggle_eps/55565056/replays/episode-104300315-replay.json,1,6c20f121c6c55c8f77be87e2c95d2463af5118a6f06ebd0ff9ed13f5f1423e6a,158,46,55565056,reached,19,True,False,1,1,23,15,7,1,4,17,6,10,117,True,,reached,29,True,False,1,1,21,7,13,1,8,11,6,15,134,True,,reached,9,True,False,1,1,37,17,17,3,3,28,6,5,78,True,
0,ok,True,104300861,True,True,DONE,,,0,47867629b9de16c134331f2895737185504f14e4d61669c3c1c1e0367602f632,no_explicit_terminal_engine_result,25,EpisodeState.COMPLETED,1,9,54663452,win,True,46,0,True,win,/private/tmp/kaggle_eps/55565056/replays/episode-104300861-replay.json,1,53aa311e798daea07346288cc9a7f32b684bc116b2fe064c0b3e96adcf047404,142,46,55565056,reached,19,True,False,1,1,18,9,5,4,11,14,6,10,113,True,,ended_before,,,,,,,,,,,,,,,,29,reached,9,True,False,1,1,40,21,14,5,3,34,6,5,59,True,
0,ok,True,104288749,False,False,DONE,,,0,394596ba97bd336ebdf040c8ab949998d3ae17dc9fb16ce7ed2a82eadd079000,no_explicit_terminal_engine_result,16,EpisodeState.COMPLETED,-1,24,55545635,loss,True,37,0,True,loss,/private/tmp/kaggle_eps/55565056/replays/episode-104288749-replay.json,-1,58dd3f81af8d59e4ddb41334a370336953509ba05b0e08f3d76c2d877f0a345a,198,35,55565056,ended_before,,,,,,,,,,,,,,,,19,ended_before,,,,,,,,,,,,,,,,29,reached,9,True,False,1,1,35,22,9,4,10,30,6,5,99,True,
0,ok,True,104276782,False,False,DONE,,,0,52ed7790e493bb42c9956ab21dad9ff6532e1e64e1cfadc617ece56af96997e0,no_explicit_terminal_engine_result,14,EpisodeState.COMPLETED,-1,29,54970650,loss,True,36,0,True,loss,/private/tmp/kaggle_eps/55565056/replays/episode-104276782-replay.json,-1,f9d56f3f0c67d437f8090e9922daf2a84ed8f7a373405306acce2ea5994e6649,122,35,55565056,ended_before,,,,,,,,,,,,,,,,19,ended_before,,,,,,,,,,,,,,,,29,reached,9,True,False,1,1,31,14,14,3,5,25,6,5,80,True,
0,ok,True,104265134,False,False,DONE,,,0,5840827faf9a4f1aadc2a63d8924dc332c8a5fdf09e4a6a0643e476447ba40c8,no_explicit_terminal_engine_result,21,EpisodeState.COMPLETED,-1,20,55562796,loss,False,40,1,True,loss,/private/tmp/kaggle_eps/55565056/replays/episode-104265134-replay.json,-1,27a62d62c1ff4950c435475edbba2f3208a52c23869d90a13de91bbef2e470f8,143,35,55565056,reached,20,True,False,1,1,20,9,10,1,6,13,6,10,137,True,,ended_before,,,,,,,,,,,,,,,,30,reached,10,True,False,1,1,32,20,7,5,11,20,6,5,88,True,
0,ok,True,104253521,False,False,DONE,,,0,8e139f35be2f67cd2c01dc3f45f77529725f0cdc91804b78d3493fc5d006ae49,no_explicit_terminal_engine_result,17,EpisodeState.COMPLETED,1,26,55537663,win,True,38,0,True,win,/private/tmp/kaggle_eps/55565056/replays/episode-104253521-replay.json,1,86860caaec3d777d454b14e008234d61aaf159f6e9c9bbade0a62aa0bf82e352,176,32,55565056,ended_before,,,,,,,,,,,,,,,,19,ended_before,,,,,,,,,,,,,,,,29,reached,9,True,False,1,1,42,30,6,6,10,26,5,5,75,True,
0,ok,True,104241909,False,False,DONE,,,0,49cc6b6397d3bbf5aa327ba7f54c3d9c070ce36f1fc01911c5ba0673b2542d05,no_explicit_terminal_engine_result,17,EpisodeState.COMPLETED,1,21,55293625,win,True,33,0,True,win,/private/tmp/kaggle_eps/55565056/replays/episode-104241909-replay.json,1,4f3de1bdf022c8171a0fb23b831b8edfb44640f8cd4c7f8d7c68527f90fb71d6,108,27,55565056,ended_before,,,,,,,,,,,,,,,,19,ended_before,,,,,,,,,,,,,,,,29,reached,9,True,False,1,1,29,16,9,4,5,29,6,5,64,True,
0,ok,True,104229908,False,False,DONE,,,0,e5edd57ae8c4bd6d3be7f3fa86f4fc4ba74ec6aa2612acfeeb27dbceb6ff3a36,no_explicit_terminal_engine_result,24,EpisodeState.COMPLETED,-1,15,55551333,loss,True,52,0,True,loss,/private/tmp/kaggle_eps/55565056/replays/episode-104229908-replay.json,-1,1e78d50feac8bcade5d7a535c660e1454d99162283efa28fce60049debc9e0d1,239,43,55565056,reached,19,False,False,1,1,25,10,10,5,13,22,2,10,180,False,,ended_before,,,,,,,,,,,,,,,,29,reached,9,True,False,1,1,31,19,6,6,7,32,5,5,95,True,
0,ok,True,104218207,True,True,DONE,,,1,a7c22e0aa3afd94a798c00a18d934241f3ef72ae9e37301d0b3e3e53c8f58c5f,no_explicit_terminal_engine_result,27,EpisodeState.COMPLETED,1,12,54762526,win,True,51,1,True,win,/private/tmp/kaggle_eps/55565056/replays/episode-104218207-replay.json,1,508027624947b5c29fda20fced679178d4e5bfe726a5578e4208d485e9aa62cb,128,50,55565056,reached,19,True,False,1,1,17,11,4,2,9,18,6,10,96,True,,ended_before,,,,,,,,,,,,,,,,29,reached,9,True,False,1,1,45,36,4,5,7,34,6,5,41,True,
0,ok,True,104206484,True,True,DONE,,,0,7f13018b73ff537a6316329bad326165d73530fe02fa278a93db217807c9d36d,no_explicit_terminal_engine_result,25,EpisodeState.COMPLETED,1,11,55474422,win,True,48,0,True,win,/private/tmp/kaggle_eps/55565056/replays/episode-104206484-replay.json,1,945fe8b691a7ec2fadd2d6159308bd8af93e656024fa0b5b0923cc81247148bf,146,46,55565056,reached,19,True,False,1,1,16,4,8,4,7,16,6,10,116,True,,ended_before,,,,,,,,,,,,,,,,29,reached,9,True,False,1,1,26,15,6,5,7,30,6,5,72,True,
0,ok,True,104197469,False,False,DONE,,,0,09c58886e765b83e71d0507ccae29ec68169e9ffdef4717e57cf905563a151ab,no_explicit_terminal_engine_result,10,EpisodeState.COMPLETED,-1,33,55560397,loss,True,8,0,True,loss,/private/tmp/kaggle_eps/55565056/replays/episode-104197469-replay.json,-1,32071889a84bd0ac2edf51fd6e022b0189d2b4d8498374d89893edf07681077f,66,7,55565056,ended_before,,,,,,,,,,,,,,,,19,ended_before,,,,,,,,,,,,,,,,29,reached,9,True,False,1,1,33,6,21,6,3,41,6,5,58,True,
0,ok,True,104185866,False,False,DONE,,,0,0f8bc46d762f372fc714934f4b36f1b432ec3b8de65bab090032374538f79be6,no_explicit_terminal_engine_result,15,EpisodeState.COMPLETED,1,24,55540008,win,True,36,0,True,win,/private/tmp/kaggle_eps/55565056/replays/episode-104185866-replay.json,1,27bfc2eb088a9e17103e532f949cac190bda38a7ebee24c9d0d3225d0ac53a12,172,28,55565056,ended_before,,,,,,,,,,,,,,,,19,ended_before,,,,,,,,,,,,,,,,29,reached,9,True,False,1,1,31,23,2,6,12,30,4,5,96,True,
0,ok,True,104180314,False,False,DONE,,,0,367f0a6f460fa71770e4f0adff91ced82f4a89d616239ee2755199ca044c10d5,no_explicit_terminal_engine_result,16,EpisodeState.COMPLETED,-1,20,55562023,loss,True,29,0,True,loss,/private/tmp/kaggle_eps/55565056/replays/episode-104180314-replay.json,-1,c01a0e4c46fc6d4799d7cc1a77b1600ee1562c41a0d80d13b02ed924b3da74eb,165,27,55565056,ended_before,,,,,,,,,,,,,,,,19,ended_before,,,,,,,,,,,,,,,,29,reached,9,True,False,1,1,27,17,5,5,8,34,4,5,87,True,
0,ok,True,104169193,True,True,DONE,,,0,fdeeca70db556d7e5b610008de9c237b0c67714dbef6c2630802a23902d81ccb,no_explicit_terminal_engine_result,23,EpisodeState.COMPLETED,1,14,55500783,win,False,39,1,True,win,/private/tmp/kaggle_eps/55565056/replays/episode-104169193-replay.json,1,fdd71b3a966ced4cc4c776477ddbb9e66d4deaadddd791d174c8751eb7be2966,226,34,55565056,reached,20,True,False,1,1,15,5,6,4,7,26,1,10,180,True,,ended_before,,,,,,,,,,,,,,,,30,reached,10,True,False,1,1,26,11,9,6,7,35,5,5,98,True,
0,ok,True,104157604,False,False,DONE,,,1,5b67a251e73ee6077f42ababbd2c4919505ed26dc3bc037aa8fc742b5dcc825b,no_explicit_terminal_engine_result,16,EpisodeState.COMPLETED,-1,33,55245422,loss,True,23,1,True,loss,/private/tmp/kaggle_eps/55565056/replays/episode-104157604-replay.json,-1,6dc4342020c625ab772fa8fcf73052773ad0687d54712f7846efe92b4ae51162,85,21,55565056,ended_before,,,,,,,,,,,,,,,,19,ended_before,,,,,,,,,,,,,,,,29,reached,9,True,False,1,1,44,36,4,4,3,39,6,5,50,True,
0,ok,True,104146118,True,True,DONE,,,0,14c5ed8f42eb7757d75f34eb55c5af33bee61431f37082616089938746b16536,no_explicit_terminal_engine_result,38,EpisodeState.COMPLETED,-1,14,55548203,loss,True,50,0,True,loss,/private/tmp/kaggle_eps/55565056/replays/episode-104146118-replay.json,-1,a3a42477a7fdfdd616605a8e83d1eb2da5f473abbc4ea0cb37cf6de7a8766995,127,44,55565056,reached,19,True,False,1,1,41,19,17,5,11,28,6,10,70,True,,reached,29,True,False,1,1,20,12,5,3,8,17,6,15,103,True,,reached,9,True,False,1,1,45,30,9,6,12,35,6,5,45,True,
0,ok,True,104143503,True,True,DONE,,,0,91849d4c970db250cb33d048b81bd1ac2b47d07245b00acc38a9a31aefa9c5f7,no_explicit_terminal_engine_result,31,EpisodeState.COMPLETED,1,10,55564390,win,True,56,0,True,win,/private/tmp/kaggle_eps/55565056/replays/episode-104143503-replay.json,1,0fecc827ece192d8c9f55ac2cad39895d5e755ea6ab652204e5d66c721a63dbe,213,50,55565056,reached,19,True,False,1,1,19,8,7,4,11,15,6,10,165,True,,reached,29,True,False,1,1,10,3,3,4,8,11,1,15,207,True,,reached,9,True,False,1,1,41,27,8,6,5,30,6,5,65,True,
0,ok,True,104131487,True,False,DONE,,,0,a3358246065a1d09c20ee2b7dbd4bea9269511f2a6cf63582ee0269dfbc4a2e0,no_explicit_terminal_engine_result,27,EpisodeState.COMPLETED,-1,14,55525953,loss,False,39,1,True,loss,/private/tmp/kaggle_eps/55565056/replays/episode-104131487-replay.json,-1,3508b729fce805674ae894cb140289f89a23f20bea88000071e288353f68c9c2,120,33,55565056,reached,20,True,False,1,1,25,13,9,3,8,13,6,10,98,True,,ended_before,,,,,,,,,,,,,,,,30,reached,10,True,False,1,1,39,28,5,6,7,33,6,5,61,True,
0,ok,True,104124426,False,False,DONE,,,0,48882a2af9af0dae82de37f9c5ee32ad58a363ad8499c0c03e30d31f77c3fa48,no_explicit_terminal_engine_result,8,EpisodeState.COMPLETED,-1,35,55555933,loss,True,17,0,True,loss,/private/tmp/kaggle_eps/55565056/replays/episode-104124426-replay.json,-1,a8342a4bf371c3eb55d1c2d9675482fa339d78962cca05357b595b4e26d275da,104,15,55565056,ended_before,,,,,,,,,,,,,,,,19,ended_before,,,,,,,,,,,,,,,,29,ended_before,,,,,,,,,,,,,,,,9
0,ok,True,104116706,True,True,DONE,,,0,e4307f3a1937760779b0279f399f22c2a307a3b3489d8bfd2282bcec4f630ce7,no_explicit_terminal_engine_result,18,EpisodeState.COMPLETED,1,11,55565510,win,False,38,1,True,win,/private/tmp/kaggle_eps/55565056/replays/episode-104116706-replay.json,1,542a517affc98fe303df6a57a79bb66226a32111e872e94fb6c410a1fd452b39,161,29,55565056,ended_before,,,,,,,,,,,,,,,,20,ended_before,,,,,,,,,,,,,,,,30,reached,10,True,False,1,1,37,30,3,4,10,19,5,5,86,True,
0,ok,True,104104660,True,True,DONE,,,0,87e4005193b905fe89c9817c685c027dab496e194eaaf846c39b7e37f54ce5ad,no_explicit_terminal_engine_result,20,EpisodeState.COMPLETED,1,11,55544112,win,False,44,1,True,win,/private/tmp/kaggle_eps/55565056/replays/episode-104104660-replay.json,1,b44cb5e206feef5346dec81571eabf29bf948eb0ba5ea3defcaae7d189d9dd67,226,41,55565056,reached,20,True,False,1,1,11,0,10,1,9,20,4,10,216,True,,ended_before,,,,,,,,,,,,,,,,30,reached,10,True,False,1,1,23,9,9,5,6,36,6,5,112,True,
0,ok,True,104099204,False,False,DONE,,,0,5d427ff566e8cf73a17c27f2145299976484ce8752814ec14a2be32bdfa59b8e,no_explicit_terminal_engine_result,16,EpisodeState.COMPLETED,-1,20,55154393,loss,True,30,0,True,loss,/private/tmp/kaggle_eps/55565056/replays/episode-104099204-replay.json,-1,266ef5ed53bb689c38bb96f1c5e6081d67c42634d461c5a9de2d3219d6fee0cb,120,28,55565056,ended_before,,,,,,,,,,,,,,,,19,ended_before,,,,,,,,,,,,,,,,29,reached,9,True,False,1,1,39,22,13,4,7,24,6,5,71,True,
0,ok,True,104087585,True,True,DONE,,,0,363293b3811edbe3adf354ebed566a1ca50310a260840fdfc79def83ecaace0d,no_explicit_terminal_engine_result,9,EpisodeState.COMPLETED,1,10,53847432,win,True,18,0,True,win,/private/tmp/kaggle_eps/55565056/replays/episode-104087585-replay.json,1,d1fdff44e568ba609359ca6764f96ee5ed599217e5b9a08dd7bd5a7b76cc9c7c,82,15,55565056,ended_before,,,,,,,,,,,,,,,,19,ended_before,,,,,,,,,,,,,,,,29,reached,9,True,False,1,1,10,2,2,6,6,27,6,5,77,True,
0,ok,True,104075557,True,True,DONE,,,0,634e3e628b09b064b9fecc9730a3c493bec96213b31b1f09e9c46957d7365e74,no_explicit_terminal_engine_result,21,EpisodeState.COMPLETED,-1,12,55408440,loss,False,38,1,True,loss,/private/tmp/kaggle_eps/55565056/replays/episode-104075557-replay.json,-1,6cbd4520142ae889993cc5b62e320ecd58b80a41284a3360a976616e6deacd4b,219,38,55565056,reached,20,True,False,1,1,12,4,7,1,7,21,2,10,202,True,,ended_before,,,,,,,,,,,,,,,,30,reached,10,True,False,1,1,34,25,3,6,7,45,4,5,55,True,
0,ok,True,104063993,False,False,DONE,,,0,3ed14c73d08ab1a0f0c5c6677c360f74d00f779abb8eb164c3260f63c8814a57,no_explicit_terminal_engine_result,19,EpisodeState.COMPLETED,-1,23,55559944,loss,False,41,1,True,loss,/private/tmp/kaggle_eps/55565056/replays/episode-104063993-replay.json,-1,26a111c7a701686cec55b346995f8dcf298411dc1e9d59040933f441fc0ad8be,221,41,55565056,ended_before,,,,,,,,,,,,,,,,20,ended_before,,,,,,,,,,,,,,,,30,reached,10,True,False,1,1,30,18,8,4,6,26,4,5,107,True,
0,ok,True,104057826,False,False,DONE,,,0,576395ccd00c39850c4a8194dc739f0a2e87f6c6def2b697d7a440df95644548,no_explicit_terminal_engine_result,19,EpisodeState.COMPLETED,-1,26,55552250,loss,False,38,1,True,loss,/private/tmp/kaggle_eps/55565056/replays/episode-104057826-replay.json,-1,d6b345b8338d62b8846f55f1bec27b9f39c3e309134d45f5d4aebd7a7609fe22,104,36,55565056,ended_before,,,,,,,,,,,,,,,,20,ended_before,,,,,,,,,,,,,,,,30,reached,10,True,False,1,1,27,15,7,5,9,21,6,5,74,True,
0,ok,True,104046283,True,True,DONE,,,0,4b2a6935e07b813e69c1d44b02bd9d266f52abfd3ae5f6a13a64865b5aba1bc5,no_explicit_terminal_engine_result,52,EpisodeState.COMPLETED,1,9,55563349,win,False,80,1,True,win,/private/tmp/kaggle_eps/55565056/replays/episode-104046283-replay.json,1,7cfd8ae1524114ecbd27a3e04864858a88eaa280b3c37abf85f24cd92bbd5faf,216,72,55565056,reached,20,True,False,1,1,32,25,3,4,5,20,6,10,105,True,,reached,30,True,False,1,1,27,19,4,4,5,20,6,15,131,True,,reached,10,True,False,1,1,40,33,3,4,11,23,6,5,73,True,
0,ok,True,104038536,False,False,DONE,,,1,f1612d0f3c81da8b8b69c74b867fbe91ed052d68514221a54e28878c92d8594b,no_explicit_terminal_engine_result,51,EpisodeState.COMPLETED,1,17,55558845,win,True,61,1,True,win,/private/tmp/kaggle_eps/55565056/replays/episode-104038536-replay.json,1,65189eb34bbc80ec181aeeb75baeb0905eccff1cdb3365f378d9de63327cf714,145,52,55565056,reached,19,True,False,1,1,34,23,5,6,10,21,6,10,86,True,,reached,29,True,False,1,1,29,18,5,6,7,16,6,15,102,True,,reached,9,True,False,1,1,40,30,4,6,12,32,6,5,55,True,
0,ok,True,104040180,False,False,DONE,,,0,855104a64696244f1fe9dc725e87620774ae86da679382d28ec8850ee5c30b1a,no_explicit_terminal_engine_result,14,EpisodeState.COMPLETED,-1,34,55565721,loss,True,30,0,True,loss,/private/tmp/kaggle_eps/55565056/replays/episode-104040180-replay.json,-1,648f718e46e587d8f60ce874727f0ca95952a21757e4d5b5b8d3e01c99ad6a5b,121,28,55565056,ended_before,,,,,,,,,,,,,,,,19,ended_before,,,,,,,,,,,,,,,,29,reached,9,True,False,1,1,40,30,5,5,5,33,5,5,70,True,
0,ok,True,104028578,False,False,DONE,,,0,3270b49cd7ba081e6375c165cc9550755db2473337f3f8346b330d3e074288f1,no_explicit_terminal_engine_result,17,EpisodeState.COMPLETED,1,21,55519417,win,True,30,0,True,win,/private/tmp/kaggle_eps/55565056/replays/episode-104028578-replay.json,1,86efae69c8583821a8542b432df9aadaf093331794ef38524a32e0278c90bfe3,116,28,55565056,ended_before,,,,,,,,,,,,,,,,19,ended_before,,,,,,,,,,,,,,,,29,reached,9,True,False,1,1,31,17,10,4,10,31,6,5,74,True,
0,ok,True,104018805,False,False,DONE,,,1,d9c07947f269784b87d1421444ac9870e54e5288fc1cf75d05eaf99725235b55,no_explicit_terminal_engine_result,13,EpisodeState.COMPLETED,1,17,55554670,win,True,25,1,True,win,/private/tmp/kaggle_eps/55565056/replays/episode-104018805-replay.json,1,01dec7803928ab74992749fc0488a3780b9077b81ac23f0fb6d2ebe9d73526c5,94,24,55565056,ended_before,,,,,,,,,,,,,,,,19,ended_before,,,,,,,,,,,,,,,,29,reached,9,True,False,1,1,22,7,11,4,6,29,6,5,79,True,
0,ok,True,104007165,False,False,DONE,,,0,873f8091854156c58d013945155f2841e67489ae3cc10539482c812e8efff1c8,no_explicit_terminal_engine_result,21,EpisodeState.COMPLETED,1,16,55345897,win,True,40,0,True,win,/private/tmp/kaggle_eps/55565056/replays/episode-104007165-replay.json,1,76ca4715b369d1e41d450a7348735430adfefe1d0fa42f7bc9ecd00d7a45cb4e,220,38,55565056,reached,19,True,False,1,1,19,12,5,2,6,19,1,10,194,True,,ended_before,,,,,,,,,,,,,,,,29,reached,9,True,False,1,1,31,21,5,5,7,38,5,5,83,True,
0,ok,True,103995190,False,False,DONE,,,0,6e786300377571d171369cfd7908832f2cc35e0e78be4d2b8cac5721c1f0da8b,no_explicit_terminal_engine_result,3,EpisodeState.COMPLETED,-1,55,55495970,loss,False,3,1,True,loss,/private/tmp/kaggle_eps/55565056/replays/episode-103995190-replay.json,-1,fd4d850548f15841b24c7c19d4e875ddf8c1670e8603628ca6718d83c584d1af,35,3,55565056,ended_before,,,,,,,,,,,,,,,,20,ended_before,,,,,,,,,,,,,,,,30,ended_before,,,,,,,,,,,,,,,,10
0,ok,True,103989747,False,False,DONE,,,0,40716fbb963482f2921e8753cb5a4ba57df30df194862e7857258348c4b11020,no_explicit_terminal_engine_result,7,EpisodeState.COMPLETED,-1,33,55561756,loss,False,11,1,True,loss,/private/tmp/kaggle_eps/55565056/replays/episode-103989747-replay.json,-1,70634fb39965d77b823114cb24348695b095993457741646e9d5d87c5f4a5d20,72,9,55565056,ended_before,,,,,,,,,,,,,,,,20,ended_before,,,,,,,,,,,,,,,,30,ended_before,,,,,,,,,,,,,,,,10
0,ok,True,103988733,False,False,DONE,,,0,1a14ff34f5bea11bcd1e24f68d763da661f8416e44692c9ca6e12c433fc980ae,no_explicit_terminal_engine_result,16,EpisodeState.COMPLETED,1,44,54427295,win,False,13,1,True,win,/private/tmp/kaggle_eps/55565056/replays/episode-103988733-replay.json,1,a298bf2a2407e759a957087ecd917a7069939bf5f95021f7c8b1d78988b3f078,58,12,55565056,ended_before,,,,,,,,,,,,,,,,20,ended_before,,,,,,,,,,,,,,,,30,reached,10,True,False,1,1,47,40,1,6,8,40,4,5,39,True,
0,ok,True,103980409,True,True,DONE,,,0,1d3cd8b8fe69ac5a990f31eea6e66abcdd54af311a1d6866aae38d5cff705fb0,no_explicit_terminal_engine_result,31,EpisodeState.COMPLETED,1,13,55310080,win,True,54,0,True,win,/private/tmp/kaggle_eps/55565056/replays/episode-103980409-replay.json,1,7540e0df3e9bdd678378723fe86d6e0b1892a991d0dfa2f8380011fac9c3e19a,186,54,55565056,reached,19,True,False,1,1,26,15,6,5,7,18,6,10,122,True,,reached,29,True,False,1,1,18,5,11,2,5,11,6,15,172,True,,reached,9,True,False,1,1,41,28,7,6,11,31,6,5,67,True,
0,ok,True,103968382,True,True,DONE,,,0,da56654a262ce1b79f7f5b283643e551196637440b709149ab1f1759e2e1d9e4,no_explicit_terminal_engine_result,43,EpisodeState.COMPLETED,1,10,55546505,win,True,57,0,True,win,/private/tmp/kaggle_eps/55565056/replays/episode-103968382-replay.json,1,a77b2979cc5c4475713664efae83b44d0bbf3f7d9d6707ccd65c4eefaf25572b,173,52,55565056,reached,19,True,False,1,1,34,27,2,5,9,17,5,10,97,True,,reached,29,True,False,1,1,25,16,4,5,12,10,5,15,135,True,,reached,9,True,False,1,1,46,38,3,5,5,35,6,5,56,True,
0,ok,True,103956698,True,False,DONE,,,0,7b552ab2f549cf45590c3adca3c592689dd6ad52d1b6af90219b9373c1580c1c,no_explicit_terminal_engine_result,30,EpisodeState.COMPLETED,1,11,55562691,win,False,53,1,True,win,/private/tmp/kaggle_eps/55565056/replays/episode-103956698-replay.json,1,f4c754648fffbc29cd953ced2a395c89e34f8237c4ca17da4a3ae4e36af8fe75,231,30,55565056,reached,20,False,False,1,1,17,9,4,4,15,19,3,10,165,False,,reached,30,False,False,1,1,11,2,6,3,18,10,1,15,227,False,,reached,10,True,False,1,1,37,25,6,6,8,31,6,5,72,True,
0,ok,True,103944892,False,False,DONE,,,0,c0fff793ecc9530cd971da7ce72b465baad696fc7ab3239571f43f5936167e98,no_explicit_terminal_engine_result,11,EpisodeState.COMPLETED,-1,36,55550230,loss,False,19,1,True,loss,/private/tmp/kaggle_eps/55565056/replays/episode-103944892-replay.json,-1,d8123ff4d8308b0ae1058eb2454dfd0a627d07a2c3d8a6404668fd563bb70831,93,19,55565056,ended_before,,,,,,,,,,,,,,,,20,ended_before,,,,,,,,,,,,,,,,30,reached,10,True,False,1,1,36,30,2,4,4,37,5,5,81,True,
0,ok,True,103932869,False,False,DONE,,,0,187bed3d139b7309bb41621a3914f94c79df31b725e4d6ec6196f3096740f32b,no_explicit_terminal_engine_result,13,EpisodeState.COMPLETED,-1,26,55484047,loss,False,27,1,True,loss,/private/tmp/kaggle_eps/55565056/replays/episode-103932869-replay.json,-1,fbc6c7b7a36005ac20afcb4076fc51a8c9dc0650d762fd3a7d3eb2ed27348e5c,146,27,55565056,ended_before,,,,,,,,,,,,,,,,20,ended_before,,,,,,,,,,,,,,,,30,reached,10,True,False,1,1,28,17,6,5,8,24,5,5,107,True,
0,ok,True,103921331,True,True,DONE,,,0,d98f52ed343c689a0979609de06d11b9da113556790aa465616b4d73cfa361e1,no_explicit_terminal_engine_result,20,EpisodeState.COMPLETED,-1,13,55558718,loss,True,37,0,True,loss,/private/tmp/kaggle_eps/55565056/replays/episode-103921331-replay.json,-1,764be0b57c8655ed47e493d9d77d1ad0cd551f19fc12f3c06bd9401b3f09ba61,221,34,55565056,reached,19,True,False,1,1,13,4,7,2,8,16,1,10,201,True,,ended_before,,,,,,,,,,,,,,,,29,reached,9,True,False,1,1,35,22,7,6,9,33,5,5,79,True,
0,ok,True,103909760,False,False,DONE,,,0,8e8bf83ac2739fae41b33b42578d725f2778ecffac511741a2d047e5e6e3ee44,no_explicit_terminal_engine_result,34,EpisodeState.COMPLETED,1,17,55548203,win,False,45,1,True,win,/private/tmp/kaggle_eps/55565056/replays/episode-103909760-replay.json,1,edabdc81a1e46bbebeb8c8b70c4ec2436986ea21239c95cee198c2a422d7d14b,117,43,55565056,reached,20,True,False,1,1,25,14,5,6,11,16,6,10,78,True,,reached,30,True,False,1,1,21,8,7,6,7,10,6,15,97,True,,reached,10,True,False,1,1,45,36,3,6,10,29,6,5,41,True,
0,ok,True,103903867,False,False,DONE,,,0,77166d9c8cbb292e80233d0ceaa8f17aface1991fc87cd2ffa05673da8ef92f9,no_explicit_terminal_engine_result,17,EpisodeState.COMPLETED,-1,21,55564212,loss,True,35,0,True,loss,/private/tmp/kaggle_eps/55565056/replays/episode-103903867-replay.json,-1,dcfc39c2cdc803ebb9f74b0103f387a49f7554ed7939ced6c361f531f4b1b393,181,29,55565056,ended_before,,,,,,,,,,,,,,,,19,ended_before,,,,,,,,,,,,,,,,29,reached,9,True,False,1,1,30,21,4,5,10,38,5,5,84,True,
0,ok,True,103892159,False,False,DONE,,,0,d218312cbdfbafba0e73765923d06f854734c3cd9f97e7bde83b5a64b9e9a5a4,no_explicit_terminal_engine_result,17,EpisodeState.COMPLETED,1,33,55291829,win,True,34,0,True,win,/private/tmp/kaggle_eps/55565056/replays/episode-103892159-replay.json,1,50002b617e5c8a70a1599051b78f71dcade8609740340c4061a620f65192541e,108,29,55565056,ended_before,,,,,,,,,,,,,,,,19,ended_before,,,,,,,,,,,,,,,,29,reached,9,False,False,1,1,40,23,12,5,15,23,6,5,55,False,
0,ok,True,103890357,False,False,DONE,,,0,7b33373f3b7639469b2218942186b4ac93c184ec4bbd6a6c4652d5abf4cfb449,no_explicit_terminal_engine_result,16,EpisodeState.COMPLETED,1,19,55425679,win,False,35,1,True,win,/private/tmp/kaggle_eps/55565056/replays/episode-103890357-replay.json,1,39b117c462c239b6c18796733367ff11a4a707b663d9f71fa31843d1cd7808b8,183,21,55565056,ended_before,,,,,,,,,,,,,,,,20,ended_before,,,,,,,,,,,,,,,,30,reached,10,False,False,1,1,34,27,2,5,21,18,6,5,110,False,
0,ok,True,103888053,False,False,DONE,,,0,009f1c032261ef8542e14dd43e2e77a9674459212dea46974f1ad71482a98589,no_explicit_terminal_engine_result,15,EpisodeState.COMPLETED,-1,20,55227116,loss,False,25,1,True,loss,/private/tmp/kaggle_eps/55565056/replays/episode-103888053-replay.json,-1,0864151d66321c2f736a4a403dc738d1e4b0951ebd61de9420aef5574638fccc,161,25,55565056,ended_before,,,,,,,,,,,,,,,,20,ended_before,,,,,,,,,,,,,,,,30,reached,10,True,False,1,1,32,21,5,6,10,41,4,5,89,True,
0,ok,True,103881216,True,True,DONE,,,0,ea6d5c0582c1567e35943861c591e6ab70c0371890154b750074e932d1c76cf4,no_explicit_terminal_engine_result,22,EpisodeState.COMPLETED,1,5,55565790,win,False,54,1,True,win,/private/tmp/kaggle_eps/55565056/replays/episode-103881216-replay.json,1,74a89e2fd6ee229859be6754c132bdae6ee3c17bbeed830a717323508b5afb53,265,45,55565056,reached,20,True,False,1,1,9,3,5,1,11,11,2,10,235,True,,ended_before,,,,,,,,,,,,,,,,30,reached,10,False,False,1,1,27,17,5,5,15,23,5,5,118,False,
0,ok,True,103875804,False,False,DONE,,,0,29a66eab75f3d9f67d8abb3c57f7b4f54e833e720b6c8a7af25dc267e80455cf,no_explicit_terminal_engine_result,16,EpisodeState.COMPLETED,1,25,55519474,win,False,32,1,True,win,/private/tmp/kaggle_eps/55565056/replays/episode-103875804-replay.json,1,4ea54b02e55091816a890944300dd76638910626a73e7098089a5893bb97e16f,156,22,55565056,ended_before,,,,,,,,,,,,,,,,20,ended_before,,,,,,,,,,,,,,,,30,reached,10,True,False,1,1,39,29,5,5,12,28,4,5,89,True,
0,ok,True,103873481,True,True,DONE,,,0,106b56535e65f515dd95f279ad419b4d77a0848abf0d14a9488269e9d7335702,no_explicit_terminal_engine_result,19,EpisodeState.COMPLETED,1,9,54074175,win,True,35,0,True,win,/private/tmp/kaggle_eps/55565056/replays/episode-103873481-replay.json,1,00f2f486aa7822d503d4e4b95998e5bf81d679e96f381e81fe447fdc9f638ebf,134,29,55565056,reached,19,True,False,1,1,9,0,7,2,3,23,6,10,131,True,,ended_before,,,,,,,,,,,,,,,,29,reached,9,False,False,1,1,16,8,3,5,13,28,6,5,92,False,
0,ok,True,103861433,False,False,DONE,,,0,f36b5aac84cce8c564d45af34edea7c6268651874bf7b69c4ea712cb174b06d4,no_explicit_terminal_engine_result,22,EpisodeState.COMPLETED,1,17,55565041,win,False,43,1,True,win,/private/tmp/kaggle_eps/55565056/replays/episode-103861433-replay.json,1,cc41616e6fe11b9183a244ed564cdb877ffe9a2279622c3adc55b36d2dbe80fc,185,39,55565056,reached,20,True,False,1,1,18,11,3,4,7,21,1,10,166,True,,ended_before,,,,,,,,,,,,,,,,30,reached,10,True,False,1,1,32,22,4,6,11,32,6,5,85,True,
0,ok,True,103858117,True,True,DONE,,,0,53c9034faab1d70d9e620954acc0bffc24c20235366759473c546dcb1c135530,no_explicit_terminal_engine_result,13,EpisodeState.COMPLETED,1,7,54563098,win,True,31,0,True,win,/private/tmp/kaggle_eps/55565056/replays/episode-103858117-replay.json,1,f7c55fd6530f7aab1f038c24c5da81b363b0e7b47a91c06c63ec4d08e788d208,117,28,55565056,ended_before,,,,,,,,,,,,,,,,19,ended_before,,,,,,,,,,,,,,,,29,reached,9,True,False,1,1,21,12,5,4,3,29,6,5,84,True,
0,ok,True,103846557,True,True,DONE,,,0,25550c3b562f57fa958e7ce172ac57faa405eebd7fb53544f6199c8f71adc7a7,no_explicit_terminal_engine_result,20,EpisodeState.COMPLETED,1,14,55509088,win,True,48,0,True,win,/private/tmp/kaggle_eps/55565056/replays/episode-103846557-replay.json,1,474f6f50ebf9182a840abad796ad947d045164e423db28d57fc0e46270957a0d,259,46,55565056,reached,19,True,False,1,1,14,6,5,3,10,12,1,10,241,True,,ended_before,,,,,,,,,,,,,,,,29,reached,9,True,False,1,1,32,21,6,5,9,26,5,5,96,True,
0,ok,True,103837623,False,False,DONE,,,0,da23da08569a06e05416e190cf72f188e7ee851cf0d82313220a8cc18bfa59be,no_explicit_terminal_engine_result,15,EpisodeState.COMPLETED,-1,35,55108089,loss,False,27,1,True,loss,/private/tmp/kaggle_eps/55565056/replays/episode-103837623-replay.json,-1,99ad87ba4915ed91a4251efe792045717855f910d33613b1b35ce16e87672436,89,25,55565056,ended_before,,,,,,,,,,,,,,,,20,ended_before,,,,,,,,,,,,,,,,30,reached,10,True,False,1,1,37,23,11,3,11,28,6,5,72,True,
0,ok,True,103825628,False,False,DONE,,,0,72b05c117b0904a26ddedf209f0664318be26c972d195aaac9ba9be6a97a0921,no_explicit_terminal_engine_result,20,EpisodeState.COMPLETED,1,21,55460347,win,False,44,1,True,win,/private/tmp/kaggle_eps/55565056/replays/episode-103825628-replay.json,1,b00cbf587b6707a4ef578665f0bfa4f1d952394f8e664a866d67b04cae7c8fce,193,37,55565056,reached,20,True,False,1,1,21,13,5,3,11,16,2,10,190,True,,ended_before,,,,,,,,,,,,,,,,30,reached,10,False,False,1,1,34,20,8,6,25,28,6,5,96,False,
0,ok,True,103824341,False,False,DONE,,,0,2720c0e323ecb7a47eb1b894bfbc7b1c7807184fb360ca44728bba5453a7cded,no_explicit_terminal_engine_result,22,EpisodeState.COMPLETED,-1,15,55564844,loss,True,50,0,True,loss,/private/tmp/kaggle_eps/55565056/replays/episode-103824341-replay.json,-1,d324693c7a26ebe789f8e50a55090b80bdb95d8a38a3c064bf7583889d27c582,228,45,55565056,reached,19,True,False,1,1,17,10,4,3,5,12,1,10,195,True,,ended_before,,,,,,,,,,,,,,,,29,reached,9,True,False,1,1,41,27,9,5,5,21,6,5,77,True,
0,ok,True,103824826,False,False,DONE,,,0,752a087549f9c0f971e982e1c5dc878d9f841235bfbd716f9da0d06965bd5c4b,no_explicit_terminal_engine_result,24,EpisodeState.COMPLETED,-1,24,55218416,loss,True,45,0,True,loss,/private/tmp/kaggle_eps/55565056/replays/episode-103824826-replay.json,-1,010d0e9cd9b9b54cf61722f9c92242f8f408b03ad730da66dc075a31daf20e0d,195,45,55565056,reached,19,True,False,1,1,25,17,5,3,10,13,6,10,157,True,,ended_before,,,,,,,,,,,,,,,,29,reached,9,True,False,1,1,36,28,2,6,10,25,6,5,72,True,
0,ok,True,103813295,False,False,DONE,,,0,aa877b7e103b9eb7b46d1504b9095d98eb3206dc2e47abe811b3a388dc8eb982,no_explicit_terminal_engine_result,33,EpisodeState.COMPLETED,1,23,55548623,win,True,45,0,True,win,/private/tmp/kaggle_eps/55565056/replays/episode-103813295-replay.json,1,dd5cd886392b696d3a38befbd994e0aea555f4135dccffd21e28bcd11427199c,103,32,55565056,reached,19,True,False,1,1,35,18,11,6,11,27,6,10,72,True,,reached,29,False,False,1,1,26,5,15,6,19,16,6,15,90,False,,reached,9,True,False,1,1,41,28,7,6,7,32,6,5,55,True,
0,ok,True,103811548,True,True,DONE,,,0,b024cf9d801f96fdcb55f2e0e9d6d55f90e55c9cc99ed185e2289ab2dd11ab11,no_explicit_terminal_engine_result,35,EpisodeState.COMPLETED,1,7,55559693,win,True,50,0,True,win,/private/tmp/kaggle_eps/55565056/replays/episode-103811548-replay.json,1,b5c028723af68430a3fb6e8bf24f371fe88723ce0c800df6221aa5b4ad2969a9,185,45,55565056,reached,19,True,False,1,1,24,18,1,5,11,18,5,10,127,True,,reached,29,True,False,1,1,15,8,4,3,10,11,5,15,172,True,,reached,9,False,False,1,1,37,30,1,6,14,23,6,5,81,False,
0,ok,True,103806402,False,False,DONE,,,0,a0a425cee236311eb42ea917538e4a452813eff7da5166d6d7a7df6f1689239e,no_explicit_terminal_engine_result,23,EpisodeState.COMPLETED,-1,21,55510621,loss,False,45,1,True,loss,/private/tmp/kaggle_eps/55565056/replays/episode-103806402-replay.json,-1,1732bc4bbbec2de3bb824a8c4961a2383432ad6abfcedcdc44e1ad9edecf5fd9,213,31,55565056,reached,20,True,False,1,1,21,13,7,1,9,15,3,10,183,True,,ended_before,,,,,,,,,,,,,,,,30,reached,10,False,False,1,1,39,27,6,6,18,27,6,5,69,False,
0,ok,True,103794103,False,False,DONE,,,0,b2b53f7beed287de80f4ffcc989117833f03d10025f092b5cb9969d9d5098485,no_explicit_terminal_engine_result,11,EpisodeState.COMPLETED,1,50,55551080,win,True,25,0,True,win,/private/tmp/kaggle_eps/55565056/replays/episode-103794103-replay.json,1,d95bbdc374005a6e5b9d247161fa7fa0add66f286bb158951613b41d691334fc,62,21,55565056,ended_before,,,,,,,,,,,,,,,,19,ended_before,,,,,,,,,,,,,,,,29,reached,9,True,False,1,1,51,42,4,5,12,22,6,5,49,True,
0,ok,True,103794350,False,False,DONE,,,0,04d124c9aa46e53887d971ffe2810318d8537b1b81ea2848dc6e62ad809631a2,no_explicit_terminal_engine_result,16,EpisodeState.COMPLETED,1,21,55552837,win,False,33,1,True,win,/private/tmp/kaggle_eps/55565056/replays/episode-103794350-replay.json,1,206a57703f1bac17d6e98f8065922d151063770bb52294e493a6c2e679191174,158,25,55565056,ended_before,,,,,,,,,,,,,,,,20,ended_before,,,,,,,,,,,,,,,,30,reached,10,True,False,1,1,26,15,5,6,5,30,5,5,109,True,
0,ok,True,103782798,False,False,DONE,,,0,bb0d20cfb5821825fdac19f916b4d53619abd52a642dbde21c34a9eddb09e1e9,no_explicit_terminal_engine_result,37,EpisodeState.COMPLETED,-1,18,55342916,loss,False,51,1,True,loss,/private/tmp/kaggle_eps/55565056/replays/episode-103782798-replay.json,-1,acf9ada78d9a8556c62a731929a8fe19d68056a27da4c0f7d2405c1a85459fb0,135,50,55565056,reached,20,True,False,1,1,31,20,7,4,8,23,6,10,84,True,,reached,30,True,False,1,1,19,10,7,2,4,12,6,15,118,True,,reached,10,True,False,1,1,41,32,3,6,5,42,6,5,37,True,
0,ok,True,103780768,False,False,DONE,,,0,6b355ad52eafcdee2f780a5e29078453560acd29707755b86157cc0c9c60bd29,no_explicit_terminal_engine_result,16,EpisodeState.COMPLETED,-1,17,55561988,loss,True,43,0,True,loss,/private/tmp/kaggle_eps/55565056/replays/episode-103780768-replay.json,-1,f1adca253d14886e3536eca152e4161576d615a55978c542f14c45d9adeb6ac1,202,31,55565056,ended_before,,,,,,,,,,,,,,,,19,ended_before,,,,,,,,,,,,,,,,29,reached,9,False,False,1,1,30,15,9,6,19,32,5,5,95,False,
0,ok,True,103780830,False,False,DONE,,,0,738364d8caf7ac01f2fc1a21b4ebb061a10ccee3daec3804f386d116074ff357,no_explicit_terminal_engine_result,21,EpisodeState.COMPLETED,-1,30,55554928,loss,False,35,1,True,loss,/private/tmp/kaggle_eps/55565056/replays/episode-103780830-replay.json,-1,0b5bcb8be03127f268909c2e80cedb6d283245dc0c2375a8262ffc1832a29989,123,35,55565056,reached,20,True,False,1,1,30,14,15,1,8,10,6,10,119,True,,ended_before,,,,,,,,,,,,,,,,30,reached,10,True,False,1,1,36,24,6,6,5,21,6,5,81,True,
0,ok,True,103769246,True,True,DONE,,,0,5f9162100baf79d3a79a4776b53dbbef7b730aac5bd0067eb2b6fc38aeac1074,no_explicit_terminal_engine_result,17,EpisodeState.COMPLETED,-1,11,55560027,loss,False,42,1,True,loss,/private/tmp/kaggle_eps/55565056/replays/episode-103769246-replay.json,-1,629fc944981b905ca7757ff3d42089bc62aa28eb669f5c36aed78d786ddfc557,200,36,55565056,ended_before,,,,,,,,,,,,,,,,20,ended_before,,,,,,,,,,,,,,,,30,reached,10,False,False,1,1,27,12,11,4,13,23,5,5,106,False,
0,ok,True,103764389,True,True,DONE,,,0,db4c1eaaef8de6d46bcf36ed2c816fec4d2b4d1be40b1046c2065f3e88e45e1d,no_explicit_terminal_engine_result,36,EpisodeState.COMPLETED,1,7,53997412,win,False,54,1,True,win,/private/tmp/kaggle_eps/55565056/replays/episode-103764389-replay.json,1,474140ef34bf427b1b8708f356b3631a393aa0c2902edff8f9e0301d6f2a8d49,187,49,55565056,reached,20,True,False,1,1,22,14,4,4,4,14,3,10,124,True,,reached,30,True,False,1,1,16,7,5,4,9,8,3,15,152,True,,reached,10,True,False,1,1,29,21,3,5,9,16,6,5,89,True,
0,ok,True,103764667,False,False,DONE,,,0,57f8a67807a85a3bd30e80ae9844df87cdbca77b493f6b864b16cadadf0d8cd0,no_explicit_terminal_engine_result,23,EpisodeState.COMPLETED,-1,21,55552114,loss,False,44,1,True,loss,/private/tmp/kaggle_eps/55565056/replays/episode-103764667-replay.json,-1,265870aba50a5d49c36b2284d20d9e84d7690d51e1154a21343c7b2929281287,138,39,55565056,reached,20,True,False,1,1,24,6,16,2,6,15,6,10,114,True,,ended_before,,,,,,,,,,,,,,,,30,reached,10,True,False,1,1,41,23,14,4,5,31,6,5,64,True,
0,ok,True,103752819,False,False,DONE,,,0,b44d54317006294bfd159c11e2784a24f5f3ccf9fb92f28f8ea43037ed80297f,no_explicit_terminal_engine_result,15,EpisodeState.COMPLETED,1,31,55541145,win,True,33,0,True,win,/private/tmp/kaggle_eps/55565056/replays/episode-103752819-replay.json,1,49949c0a89725b0d438de9904c96de90b005c0fb37b17f4bd20f19378bb31b57,129,17,55565056,ended_before,,,,,,,,,,,,,,,,19,ended_before,,,,,,,,,,,,,,,,29,reached,9,False,False,1,1,38,31,1,6,21,19,4,5,81,False,
0,ok,True,103740778,True,True,DONE,,,0,c84a6471cbc1726b4e86540ac93cad9d52623365a40101d316ac0a7ecdd6c3e7,no_explicit_terminal_engine_result,24,EpisodeState.COMPLETED,1,8,55562244,win,False,47,1,True,win,/private/tmp/kaggle_eps/55565056/replays/episode-103740778-replay.json,1,ea86b38eb4af54e368e962499c8541363d922fae67befda199ff278097b56a11,141,42,55565056,reached,20,True,False,1,1,12,3,7,2,5,11,5,10,126,True,,ended_before,,,,,,,,,,,,,,,,30,reached,10,False,False,1,1,30,19,7,4,16,24,6,5,80,False,
0,ok,True,103729197,True,True,DONE,,,0,f4c68097a527206d973dd4c6179ed5b9b93113320bca4a4e083f77dc0cf31a28,no_explicit_terminal_engine_result,36,EpisodeState.COMPLETED,1,5,55554540,win,False,55,1,True,win,/private/tmp/kaggle_eps/55565056/replays/episode-103729197-replay.json,1,e2d4e2f1efa7e491bc0ce17394c217831d543ab6249ab4d8a96cb56e1d183a46,182,54,55565056,reached,20,True,False,1,1,29,22,3,4,3,17,5,10,104,True,,reached,30,True,False,1,1,8,4,3,1,7,9,4,15,163,True,,reached,10,True,False,1,1,48,42,2,4,4,37,5,5,48,True,
0,ok,True,103722589,False,False,DONE,,,0,c25c19787e254366875b04f709aa22a519c51a781074c695c308b1c5670b481a,no_explicit_terminal_engine_result,16,EpisodeState.COMPLETED,1,17,55460317,win,False,26,1,True,win,/private/tmp/kaggle_eps/55565056/replays/episode-103722589-replay.json,1,113f3faed0aff58da0c3cc98dc2307b67c9eafc7cf52a4e43c7788abab2cadee,143,16,55565056,ended_before,,,,,,,,,,,,,,,,20,ended_before,,,,,,,,,,,,,,,,30,reached,10,False,False,1,1,29,13,10,6,19,32,5,5,100,False,
0,ok,True,103716025,False,False,DONE,,,0,df539f2bf37654e644c478a4f5356509567cc7daa5d767a9f15fd31cdfc14110,no_explicit_terminal_engine_result,33,EpisodeState.COMPLETED,1,15,55152857,win,True,44,0,True,win,/private/tmp/kaggle_eps/55565056/replays/episode-103716025-replay.json,1,562d495efde05a86f5688cb02e50c1ad4fb7e975b5bebdc7533def2acef987ec,103,34,55565056,reached,19,False,False,1,1,31,19,6,6,15,11,6,10,62,False,,reached,29,True,False,1,1,18,8,4,6,9,5,6,15,91,True,,reached,9,True,False,1,1,41,29,6,6,11,21,6,5,49,True,
0,ok,True,103704444,False,False,DONE,,,0,b3c15e753ec99e48390bcd080046ff9e00c95fbaef76f850bc121844145efee9,no_explicit_terminal_engine_result,15,EpisodeState.COMPLETED,-1,19,55558929,loss,False,15,1,True,loss,/private/tmp/kaggle_eps/55565056/replays/episode-103704444-replay.json,-1,cad9e5d952ffd5ab7395310822bbe22ebb771ae0b05c3bd12adb304dc52dc70c,133,15,55565056,ended_before,,,,,,,,,,,,,,,,20,ended_before,,,,,,,,,,,,,,,,30,reached,10,True,False,1,1,33,22,5,6,5,40,6,5,79,True,
0,ok,True,103692887,True,True,DONE,,,1,eb5c91ae947a0048a0c2eb79cc6d465c62fe44cb35004db8e0cb7ecbfb3d9678,no_explicit_terminal_engine_result,27,EpisodeState.COMPLETED,1,6,54368506,win,True,43,1,True,win,/private/tmp/kaggle_eps/55565056/replays/episode-103692887-replay.json,1,62f4fe370be3256bc6c868a1e989f651f84630484b437ca4bc51724924c74913,129,38,55565056,reached,19,True,False,1,1,18,11,3,4,12,18,6,10,106,True,,ended_before,,,,,,,,,,,,,,,,29,reached,9,True,False,1,1,44,34,5,5,8,30,6,5,51,True,
0,ok,True,103681268,True,True,DONE,,,0,aca75412cc16ff483fde6672a0a7c74761e7b8d3d6f54e2e6144ef05e876a146,no_explicit_terminal_engine_result,23,EpisodeState.COMPLETED,1,11,53906138,win,True,31,0,True,win,/private/tmp/kaggle_eps/55565056/replays/episode-103681268-replay.json,1,d1060f759b4d75bdfef135b6f01d370b922532b30c21024d51a1dc35aefcb6e1,82,31,55565056,reached,19,True,False,1,1,19,8,5,6,12,22,6,10,69,True,,ended_before,,,,,,,,,,,,,,,,29,reached,9,True,False,1,1,43,33,4,6,7,28,6,5,40,True,
0,ok,True,103669214,True,True,DONE,,,0,80547aee1275e9e0acb25e8a03516a1e387e1a1c1cb4a5a8ee77c0e7b269c20f,no_explicit_terminal_engine_result,24,EpisodeState.COMPLETED,-1,9,55364171,loss,True,45,0,True,loss,/private/tmp/kaggle_eps/55565056/replays/episode-103669214-replay.json,-1,643e6f2bdacfda826aaff30a85466398b220f85f9ad450f87a0cd7cdf4dfcb8a,125,40,55565056,reached,19,True,False,1,1,22,8,12,2,4,25,6,10,94,True,,ended_before,,,,,,,,,,,,,,,,29,reached,9,True,False,1,1,28,15,8,5,4,32,6,5,64,True,
0,ok,True,103657601,True,True,DONE,,,0,c407987a357aa471ad5dc38626faec4cbf22b5d6a02664b4c490ab011037cecb,no_explicit_terminal_engine_result,25,EpisodeState.COMPLETED,-1,6,54153411,loss,False,43,1,True,loss,/private/tmp/kaggle_eps/55565056/replays/episode-103657601-replay.json,-1,55a0247f52f39c0feebbc052cf3322aa951ff0c1a98c5eebe452cb0361d53688,179,40,55565056,reached,20,True,False,1,1,18,2,13,3,3,21,5,10,151,True,,ended_before,,,,,,,,,,,,,,,,30,reached,10,True,False,1,1,33,21,6,6,8,27,6,5,76,True,
0,ok,True,103646033,True,True,DONE,,,1,89080aba622be6169b2a510a53dda1aad7547f6b2b05db850a882393a6bc1169,no_explicit_terminal_engine_result,21,EpisodeState.COMPLETED,1,12,54399053,win,True,42,1,True,win,/private/tmp/kaggle_eps/55565056/replays/episode-103646033-replay.json,1,d4cb1434578847a481e372c7a4b1a796750d3e6dddb4b13fa292004b19230a5f,113,41,55565056,reached,19,True,False,1,1,13,6,5,2,9,15,6,10,105,True,,ended_before,,,,,,,,,,,,,,,,29,reached,9,True,False,1,1,33,19,10,4,9,32,6,5,61,True,
0,ok,True,103634440,False,False,DONE,,,1,c9b3e93fdd538f11d1f63e02ddec44ccf22cea216c4f1bb11788cc27be7a4fe6,no_explicit_terminal_engine_result,12,EpisodeState.COMPLETED,-1,30,55515856,loss,True,18,1,True,loss,/private/tmp/kaggle_eps/55565056/replays/episode-103634440-replay.json,-1,f596704425917d615d69394c22c8c51e1a27abd7bfd56c5cd3e7eb7b40d72830,104,15,55565056,ended_before,,,,,,,,,,,,,,,,19,ended_before,,,,,,,,,,,,,,,,29,reached,9,True,False,1,1,31,8,20,3,3,40,6,5,84,True,
0,ok,True,103622432,False,False,DONE,,,0,5dca7df67bd1195eba3af47d330d58157128b6c589cda9b9a38e33ceb4792167,no_explicit_terminal_engine_result,17,EpisodeState.COMPLETED,-1,24,55518134,loss,False,31,1,True,loss,/private/tmp/kaggle_eps/55565056/replays/episode-103622432-replay.json,-1,7921e59bf95171d255f5e85cfc9902295ba1e8168c0a0aa1900f6b8e569dcebf,156,29,55565056,ended_before,,,,,,,,,,,,,,,,20,ended_before,,,,,,,,,,,,,,,,30,reached,10,True,False,1,1,33,23,6,4,6,39,4,5,79,True,
0,ok,True,103621326,True,False,DONE,,,0,13870fdda17ca22220be575556b1dfcce002776c53309c6cea6a754893bf6dce,no_explicit_terminal_engine_result,23,EpisodeState.COMPLETED,1,12,55541145,win,True,46,0,True,win,/private/tmp/kaggle_eps/55565056/replays/episode-103621326-replay.json,1,67cd57237e0722dbcd2a48ae55fffd8eb5086400922049edfe48d45b43675323,185,42,55565056,reached,19,True,False,1,1,16,7,4,5,10,17,3,10,145,True,,ended_before,,,,,,,,,,,,,,,,29,reached,9,True,False,1,1,42,31,5,6,5,33,6,5,46,True,
0,ok,True,103615739,True,True,DONE,,,1,9322709c39c26b8eea923d9d454f113db32b90602ad49f9cb70b69df9b993f97,no_explicit_terminal_engine_result,13,EpisodeState.COMPLETED,1,12,55534036,win,True,30,1,True,win,/private/tmp/kaggle_eps/55565056/replays/episode-103615739-replay.json,1,3c14dc1e26aea1262c8c7ae8c6c7f2b2b14d0499849617f2ac003979fa2437df,103,27,55565056,ended_before,,,,,,,,,,,,,,,,19,ended_before,,,,,,,,,,,,,,,,29,reached,9,True,False,1,1,28,8,16,4,10,28,6,5,88,True,
0,ok,True,103604177,False,False,DONE,,,0,5373df4417485f751a0cbffecbbcc810940cb29c5a9c1de163885fb8ce1d8582,no_explicit_terminal_engine_result,14,EpisodeState.COMPLETED,-1,30,55345897,loss,True,26,0,True,loss,/private/tmp/kaggle_eps/55565056/replays/episode-103604177-replay.json,-1,7774b3b563acf5d107a72c26f4240d0010ff711a094bfa92eeb263045165f742,147,19,55565056,ended_before,,,,,,,,,,,,,,,,19,ended_before,,,,,,,,,,,,,,,,29,reached,9,False,False,1,1,38,28,5,5,17,28,6,5,87,False,
0,ok,True,103598942,False,False,DONE,,,0,88883244c3f7918ca8ab22bbe9d31b0a9942f378088b2f8f98e03d3732dcdca5,no_explicit_terminal_engine_result,17,EpisodeState.COMPLETED,-1,29,55410745,loss,False,33,1,True,loss,/private/tmp/kaggle_eps/55565056/replays/episode-103598942-replay.json,-1,541e158e787da860807a156ef0fbabd1ba129bffeb6453b552eca3b0a875e544,127,32,55565056,ended_before,,,,,,,,,,,,,,,,20,ended_before,,,,,,,,,,,,,,,,30,reached,10,True,False,1,1,35,23,9,3,7,19,6,5,85,True,
0,ok,True,103586918,False,False,DONE,,,0,25ead37ea48400a671625834e888bfcea9b61b7ce2f52adc56c3f87cbeeb4452,no_explicit_terminal_engine_result,37,EpisodeState.COMPLETED,1,16,55169989,win,True,47,0,True,win,/private/tmp/kaggle_eps/55565056/replays/episode-103586918-replay.json,1,47cbaf71bb3d9e2ce75e09d1a9907959d76bc5866a7a2f5b74d907b902f4faa4,140,44,55565056,reached,19,True,False,1,1,25,12,8,5,12,34,2,10,83,True,,reached,29,True,False,1,1,16,4,9,3,5,28,2,15,122,True,,reached,9,True,False,1,1,35,22,7,6,7,39,5,5,49,True,
0,ok,True,103575313,True,True,DONE,,,1,3a03560e8e6ac5cb5500749917e5174e8086bde2778bf3f37dcf413500c47834,no_explicit_terminal_engine_result,15,EpisodeState.COMPLETED,1,7,55462209,win,True,39,1,True,win,/private/tmp/kaggle_eps/55565056/replays/episode-103575313-replay.json,1,172835d8348f34eaab23d866ca640529f21020732302922750181313b7940ce5,115,38,55565056,ended_before,,,,,,,,,,,,,,,,19,ended_before,,,,,,,,,,,,,,,,29,reached,9,True,False,1,1,26,9,14,3,5,22,6,5,87,True,
0,ok,True,103575032,False,False,DONE,,,0,6fb7c4d96d3790a4c06ac1253b8cb1b47f91cb7f433e8cac34b381711d7da973,no_explicit_terminal_engine_result,12,EpisodeState.COMPLETED,-1,37,55554930,loss,True,19,0,True,loss,/private/tmp/kaggle_eps/55565056/replays/episode-103575032-replay.json,-1,49309978323cd399a23c0440168c18fbb8882c77cfd5f7f221b964909ba840f8,87,19,55565056,ended_before,,,,,,,,,,,,,,,,19,ended_before,,,,,,,,,,,,,,,,29,reached,9,True,False,1,1,37,19,15,3,4,38,6,5,72,True,
0,ok,True,103563239,False,False,DONE,,,0,0df26652e7940a0ebf2c2cbe72cb36e4c83c9b8489aa672d0aa7bbeea700b83f,no_explicit_terminal_engine_result,20,EpisodeState.COMPLETED,-1,18,55560124,loss,True,47,0,True,loss,/private/tmp/kaggle_eps/55565056/replays/episode-103563239-replay.json,-1,031e9bd84cbf0edf0252ab05f7a293b6ebc78736978486ae66d637cf4dc7dfed,206,44,55565056,reached,19,True,False,1,1,18,11,6,1,5,19,4,10,183,True,,ended_before,,,,,,,,,,,,,,,,29,reached,9,True,False,1,1,32,22,5,5,5,31,5,5,99,True,
0,ok,True,103563484,True,True,DONE,,,1,97161a76b5788cdb29ec888e84d12f8900e52e5fa3748277dac4f1589d5464d9,no_explicit_terminal_engine_result,19,EpisodeState.COMPLETED,1,14,55561404,win,True,31,1,True,win,/private/tmp/kaggle_eps/55565056/replays/episode-103563484-replay.json,1,c679ea72cb05cb65b84d63b9ce3f1ba482663690a4cdaf7c27d1cb906b2aef68,124,26,55565056,reached,19,True,False,1,1,14,1,11,2,6,22,6,10,122,True,,ended_before,,,,,,,,,,,,,,,,29,reached,9,True,False,1,1,28,9,15,4,2,35,6,5,87,True,
0,ok,True,103551251,False,False,DONE,,,0,2b5fe9958967726a978c96d721a0fd5020096cbc4f7cc87a6cc04a962340bc5a,no_explicit_terminal_engine_result,7,EpisodeState.COMPLETED,1,53,53806784,win,True,17,0,True,win,/private/tmp/kaggle_eps/55565056/replays/episode-103551251-replay.json,1,9d40cb2d844fa797c6ad6e43a69e78ba72e53fa5d74d54dcd8171d76852d5cf2,40,15,55565056,ended_before,,,,,,,,,,,,,,,,19,ended_before,,,,,,,,,,,,,,,,29,ended_before,,,,,,,,,,,,,,,,9
0,ok,True,103539697,False,False,DONE,,,1,d83d7acfa0c3aedbc925893a96d65e3a6baa01a8b19fdce45d735553889af8bf,no_explicit_terminal_engine_result,14,EpisodeState.COMPLETED,-1,22,54752923,loss,True,17,1,True,loss,/private/tmp/kaggle_eps/55565056/replays/episode-103539697-replay.json,-1,4118ff4ab71203f894ad7a4a318201906270585d8625f4975e9fe914ba5350ef,103,17,55565056,ended_before,,,,,,,,,,,,,,,,19,ended_before,,,,,,,,,,,,,,,,29,reached,9,True,False,1,1,25,12,7,6,2,39,6,5,75,True,
0,ok,True,103528174,False,False,DONE,,,0,f68940557af5a57edb96fa1c55048b8372e0aa7c61c63be7fdec25a7c10c11b4,no_explicit_terminal_engine_result,16,EpisodeState.COMPLETED,1,26,55540422,win,False,30,1,True,win,/private/tmp/kaggle_eps/55565056/replays/episode-103528174-replay.json,1,12217b28f01a5faf1e1c7f539bbb9bad2786369d4356168988af3a5994a001a0,120,30,55565056,ended_before,,,,,,,,,,,,,,,,20,ended_before,,,,,,,,,,,,,,,,30,reached,10,True,False,1,1,32,11,15,6,8,41,6,5,72,True,
0,ok,True,103519277,True,False,DONE,,,0,ca87457c5f0d5def221c336d872a96ca48f2c79ca563b478c4e7a1b2c69bbe86,no_explicit_terminal_engine_result,50,EpisodeState.COMPLETED,1,14,53964003,win,False,59,1,True,win,/private/tmp/kaggle_eps/55565056/replays/episode-103519277-replay.json,1,7ed82e83c439663362100e5a045e32233ff54f4905fdf7465aa4de942bc8e41a,160,50,55565056,reached,20,True,False,1,1,39,30,4,5,11,23,6,10,84,True,,reached,30,True,False,1,1,31,24,4,3,12,19,3,15,115,True,,reached,10,True,False,1,1,47,37,5,5,10,29,6,5,53,True,
0,ok,True,103515271,True,True,DONE,,,0,e31ecccf8f718831dab1fade21f925ee1d119a225b312afd4d5ca56de11d836d,no_explicit_terminal_engine_result,32,EpisodeState.COMPLETED,1,9,55560127,win,False,60,1,True,win,/private/tmp/kaggle_eps/55565056/replays/episode-103515271-replay.json,1,1fac55335e30cce9624ceb60757d68c8d725cae68b2656d51fa91fc3dc1a9dd3,258,52,55565056,reached,20,True,False,1,1,15,7,4,4,3,15,1,10,166,True,,reached,30,True,False,1,1,9,1,6,2,10,6,1,15,236,True,,reached,10,True,False,1,1,34,22,8,4,12,26,4,5,102,True,
0,ok,True,103503665,True,True,DONE,,,0,7b8092e5a5023220999129d1a8357bcc8cddb405d82485f54b1f428419c50a5c,no_explicit_terminal_engine_result,27,EpisodeState.COMPLETED,-1,8,54217476,loss,False,36,1,True,loss,/private/tmp/kaggle_eps/55565056/replays/episode-103503665-replay.json,-1,c6f9cd63ae12f54eb8925751520f397f1133d837067d0c3b73bc64617dd740c6,161,35,55565056,reached,20,True,False,1,1,22,4,15,3,5,27,6,10,123,True,,ended_before,,,,,,,,,,,,,,,,30,reached,10,True,False,1,1,34,14,15,5,4,32,6,5,87,True,
0,ok,True,103494226,False,False,DONE,,,0,d1db3508d6f87257e82f5f4154cc3b06ae8a39854eb1a213d94da6b8525c0993,no_explicit_terminal_engine_result,14,EpisodeState.COMPLETED,1,27,55560194,win,False,31,1,True,win,/private/tmp/kaggle_eps/55565056/replays/episode-103494226-replay.json,1,bf721be7429549e6e40bec55236686c8eceb02dbeed6c2d5d843f3bc22b670fb,114,29,55565056,ended_before,,,,,,,,,,,,,,,,20,ended_before,,,,,,,,,,,,,,,,30,reached,10,True,False,1,1,35,14,17,4,8,18,6,5,83,True,
0,ok,True,103489698,False,False,DONE,,,0,a924e2d2103240f2a55c03e2f9c96504bdfa17ab7e74d7e5359fbff98bc21323,no_explicit_terminal_engine_result,13,EpisodeState.COMPLETED,-1,31,55561671,loss,False,23,1,True,loss,/private/tmp/kaggle_eps/55565056/replays/episode-103489698-replay.json,-1,47455d39ec4ca775cda73628e3e76c07fff0c9984bc0b946fc2cc4853e810321,80,22,55565056,ended_before,,,,,,,,,,,,,,,,20,ended_before,,,,,,,,,,,,,,,,30,reached,10,True,False,1,1,35,28,5,2,6,29,6,5,69,True,
0,ok,True,103483099,False,False,DONE,,,0,dbdb098cffa096ee544042488e67c6af72b4ad5523c51f6fb8daf46d968e9773,no_explicit_terminal_engine_result,20,EpisodeState.COMPLETED,1,19,55553962,win,False,38,1,True,win,/private/tmp/kaggle_eps/55565056/replays/episode-103483099-replay.json,1,08fb325d33590b935ddb5c890f955b78029c2f3494ea2bb62ca9d61ee8b51aeb,151,29,55565056,reached,20,True,False,1,1,19,7,7,5,8,15,1,10,145,True,,ended_before,,,,,,,,,,,,,,,,30,reached,10,False,False,1,1,30,22,2,6,14,31,4,5,82,False,
0,ok,True,103481310,False,False,DONE,,,0,19f4d312f949e79f149f7d16a2b31efed926e05ffe538f1c344c3d9cab615562,no_explicit_terminal_engine_result,27,EpisodeState.COMPLETED,-1,25,54641361,loss,False,47,1,True,loss,/private/tmp/kaggle_eps/55565056/replays/episode-103481310-replay.json,-1,bdba2553bd57123d534c6e11b7f25bd6f453e3ddcd954d09ea50560b07c78911,122,45,55565056,reached,20,True,False,1,1,30,22,6,2,6,13,6,10,95,True,,ended_before,,,,,,,,,,,,,,,,30,reached,10,True,False,1,1,39,33,2,4,3,34,6,5,60,True,
0,ok,True,103469730,True,True,DONE,,,0,e3e89abab119220711d2154c84fbd816593b84111a76000629444353c8c38af4,no_explicit_terminal_engine_result,25,EpisodeState.COMPLETED,1,13,55479689,win,True,41,0,True,win,/private/tmp/kaggle_eps/55565056/replays/episode-103469730-replay.json,1,abe805a767a7a4d9f87af237b68724b464591aa1a952b16d6a92861fa555e76c,137,36,55565056,reached,19,True,False,1,1,13,3,5,5,9,12,6,10,126,True,,ended_before,,,,,,,,,,,,,,,,29,reached,9,True,False,1,1,27,17,5,5,3,30,6,5,79,True,
,unresolved,,103457731,,,,,,,,missing_replay,,EpisodeState.ERRORED,0.0,,53874303,draw,,0,1,False,,/private/tmp/kaggle_eps/55565056/replays/episode-103457731-replay.json,,,,0,55565056,unresolved,,,,,,,,,,,,,,,,,unresolved,,,,,,,,,,,,,,,,,unresolved,,,,,,,,,,,,,,,,
0,ok,True,103452680,True,True,DONE,,,0,93a8db940e1b2c598bf30c76d86e0ef9e1f3c025c318abbdb64ff33dd681462a,no_explicit_terminal_engine_result,13,EpisodeState.COMPLETED,1,10,54607744,win,True,28,0,True,win,/private/tmp/kaggle_eps/55565056/replays/episode-103452680-replay.json,1,f1794fc57a92de57fcc95f8063b22f00dd9a6f44c32660e2831e8f7df470e750,79,27,55565056,ended_before,,,,,,,,,,,,,,,,19,ended_before,,,,,,,,,,,,,,,,29,reached,9,True,False,1,1,19,6,7,6,11,27,6,5,59,True,
0,ok,True,103441180,False,False,DONE,,,0,862e8e0e3bcf3074efde5bfecffd130a5aa55416fe3b5d33b7c666a868358976,no_explicit_terminal_engine_result,7,EpisodeState.COMPLETED,-1,38,54857797,loss,False,10,1,True,loss,/private/tmp/kaggle_eps/55565056/replays/episode-103441180-replay.json,-1,55e1fde8e2fb574996fe327e96a480eadb37df37befc2be629a30cb8ac95364b,66,7,55565056,ended_before,,,,,,,,,,,,,,,,20,ended_before,,,,,,,,,,,,,,,,30,ended_before,,,,,,,,,,,,,,,,10
0,ok,True,103436716,False,False,DONE,,,0,8aa85df9017cff93d3033e8c6a456519a60f046629d720aad53f2b54ad08be0e,no_explicit_terminal_engine_result,18,EpisodeState.COMPLETED,-1,38,55556666,loss,True,22,0,True,loss,/private/tmp/kaggle_eps/55565056/replays/episode-103436716-replay.json,-1,8d8693b978edcd141bf5f25c2568509f8082c330e66010b05957afb5e82c66d0,89,20,55565056,ended_before,,,,,,,,,,,,,,,,19,ended_before,,,,,,,,,,,,,,,,29,reached,9,True,False,1,1,38,26,6,6,5,40,6,5,55,True,
0,ok,True,103430735,False,False,DONE,,,0,058647b5014c4f2259ef53dd9ee45df201e7d1a23f4566647113768842d56ebb,no_explicit_terminal_engine_result,11,EpisodeState.COMPLETED,-1,24,54157727,loss,False,16,1,True,loss,/private/tmp/kaggle_eps/55565056/replays/episode-103430735-replay.json,-1,d273b7d6b8cad6ff04b222225b3c8e38011e24e27f29443370a0a1b912ab6245,103,15,55565056,ended_before,,,,,,,,,,,,,,,,20,ended_before,,,,,,,,,,,,,,,,30,reached,10,True,False,1,1,24,10,10,4,7,34,6,5,88,True,
0,ok,True,103425823,False,False,DONE,,,0,3b08cd034ce27fcb255e3f93c5987f564c72e713745a17f08d09a832a2a0b2f9,no_explicit_terminal_engine_result,18,EpisodeState.COMPLETED,-1,16,55436014,loss,True,46,0,True,loss,/private/tmp/kaggle_eps/55565056/replays/episode-103425823-replay.json,-1,0b1841900e4d264942958a2af8a9292ea86691c8542ecfd589056a17f6080306,244,38,55565056,ended_before,,,,,,,,,,,,,,,,19,ended_before,,,,,,,,,,,,,,,,29,reached,9,True,False,1,1,24,13,6,5,8,32,4,5,111,True,
0,ok,True,103414253,False,False,DONE,,,0,79c9133cfdb7fbd379b2fe240907de5c300d77e973f2868e31444b22ece5c0be,no_explicit_terminal_engine_result,28,EpisodeState.COMPLETED,1,19,55563210,win,False,40,1,True,win,/private/tmp/kaggle_eps/55565056/replays/episode-103414253-replay.json,1,6c4f6c9fd0b38520d34e6e7a493ccf24ba41e138d4c35c881604673fea2b120d,196,34,55565056,reached,20,True,False,1,1,33,23,5,5,7,32,4,10,107,True,,ended_before,,,,,,,,,,,,,,,,30,reached,10,True,False,1,1,49,37,6,6,12,36,6,5,42,True,
0,ok,True,103402656,True,True,DONE,,,0,bb780e266d9f505f3783db3837c70ddb4d06633af51e89ecde06bd3bb706cf83,no_explicit_terminal_engine_result,54,EpisodeState.COMPLETED,1,11,55544531,win,False,61,1,True,win,/private/tmp/kaggle_eps/55565056/replays/episode-103402656-replay.json,1,3ed023c5450226d1939e6f3116903033164dcf4dc7ec7ca69034e3f84cf9a031,194,56,55565056,reached,20,True,False,1,1,25,12,8,5,5,19,4,10,116,True,,reached,30,True,False,1,1,19,7,7,5,12,14,4,15,141,True,,reached,10,True,False,1,1,31,20,6,5,5,28,6,5,85,True,
0,ok,True,103391612,True,True,DONE,,,0,835aea99d37396a7ace24b7be3ddb2cd5a1ac3b80ad92fb597398af32c41a891,no_explicit_terminal_engine_result,24,EpisodeState.COMPLETED,1,6,55533910,win,False,49,1,True,win,/private/tmp/kaggle_eps/55565056/replays/episode-103391612-replay.json,1,8e4834343477fb5ee5aa27a2bf4d0520aeacba668690e25a6eefd87827fda011,227,44,55565056,reached,20,True,False,1,1,13,2,8,3,8,8,5,10,194,True,,ended_before,,,,,,,,,,,,,,,,30,reached,10,True,False,1,1,24,16,3,5,7,25,5,5,105,True,
0,ok,True,103396074,True,True,DONE,,,0,45b08c5ee4be32050dd416af7415eb3beacbd9c8e4e3bd71c1e7750b5e70bfa5,no_explicit_terminal_engine_result,22,EpisodeState.COMPLETED,1,14,55496238,win,False,36,1,True,win,/private/tmp/kaggle_eps/55565056/replays/episode-103396074-replay.json,1,74ef888aff8b3ba634ead8d10fe8061c5a3833e15b6436305a603a28eb37c864,117,34,55565056,reached,20,True,False,1,1,22,10,6,6,6,20,6,10,88,True,,ended_before,,,,,,,,,,,,,,,,30,reached,10,False,False,1,1,38,29,3,6,13,25,6,5,60,False,
0,ok,True,103391889,False,False,DONE,,,0,3694dfc18957b7a3c8d4952bbacae3425a0c786fe9fead3ed4428c5f93f2b4dd,no_explicit_terminal_engine_result,19,EpisodeState.COMPLETED,1,15,55520249,win,True,28,0,True,win,/private/tmp/kaggle_eps/55565056/replays/episode-103391889-replay.json,1,be39ebb4d629139c8715c4f572bcdb172e754d59b7ede9ede06a70a58e0ab3fc,98,28,55565056,reached,19,True,False,1,1,15,1,9,5,10,19,6,10,96,True,,ended_before,,,,,,,,,,,,,,,,29,reached,9,True,False,1,1,24,14,5,5,7,30,6,5,77,True,
0,ok,True,103380269,False,False,DONE,,,0,dd45c4b839619e30920a3c817964b54dd57e6fd6fdb75b1753ffbf8700a9015c,no_explicit_terminal_engine_result,36,EpisodeState.COMPLETED,-1,16,55491860,loss,True,48,0,True,loss,/private/tmp/kaggle_eps/55565056/replays/episode-103380269-replay.json,-1,2f93c83a195c448408499be3a29e53effc0474d6c72403670d48674aaf39830f,198,47,55565056,reached,19,False,False,1,1,35,25,5,5,13,24,6,10,96,False,,reached,29,True,False,1,1,20,9,9,2,8,14,5,15,164,True,,reached,9,True,False,1,1,43,33,4,6,6,41,6,5,45,True,
0,ok,True,103375777,True,True,DONE,,,0,56e9b79d615b1be6667804f4c83ccc8665258e2bd1ad4fa902d38230d120bad6,no_explicit_terminal_engine_result,23,EpisodeState.COMPLETED,-1,11,54902993,loss,False,42,1,True,loss,/private/tmp/kaggle_eps/55565056/replays/episode-103375777-replay.json,-1,53f79539ff9c635bd18e95beae86cbce46528f851be506da735d7373d5f5b8e1,168,41,55565056,reached,20,True,False,1,1,12,5,5,2,4,12,4,10,152,True,,ended_before,,,,,,,,,,,,,,,,30,reached,10,True,False,1,1,25,16,5,4,6,30,4,5,105,True,
0,ok,True,103363793,False,False,DONE,,,0,5dc7012faa0943c771d03460b69a00271ca88d7c86af083dab53f8e10d855033,no_explicit_terminal_engine_result,18,EpisodeState.COMPLETED,-1,29,55555792,loss,True,40,0,True,loss,/private/tmp/kaggle_eps/55565056/replays/episode-103363793-replay.json,-1,528e665ec56b2e33461393468de6d287067d3d96e50ad732a38060ac1ea78191,146,37,55565056,ended_before,,,,,,,,,,,,,,,,19,ended_before,,,,,,,,,,,,,,,,29,reached,9,True,False,1,1,37,20,12,5,5,27,6,5,83,True,
0,ok,True,103352200,False,False,DONE,,,0,2a88177b62b00308df0a375ac7b97a883882da5fc8c1c82cabe63b576b2a94b2,no_explicit_terminal_engine_result,11,EpisodeState.COMPLETED,-1,32,55553968,loss,False,9,1,True,loss,/private/tmp/kaggle_eps/55565056/replays/episode-103352200-replay.json,-1,3dbf3c6c1a583c20901aa413656c99e229a70c31e7b65de988bbd932786571d4,63,8,55565056,ended_before,,,,,,,,,,,,,,,,20,ended_before,,,,,,,,,,,,,,,,30,reached,10,True,False,1,1,32,22,4,6,7,45,4,5,54,True,
0,ok,True,103340617,False,False,DONE,,,0,6f2adc488eedd11dc5a20f937591feebb3642eb0d5b311127304cb385659e4e9,no_explicit_terminal_engine_result,17,EpisodeState.COMPLETED,-1,17,55541908,loss,False,41,1,True,loss,/private/tmp/kaggle_eps/55565056/replays/episode-103340617-replay.json,-1,54289d61088dcfdba0d01907b9967e02dff48730b6c110aeb5656ac4e0c23e18,198,34,55565056,ended_before,,,,,,,,,,,,,,,,20,ended_before,,,,,,,,,,,,,,,,30,reached,10,False,False,1,1,30,16,9,5,15,27,5,5,108,False,
0,ok,True,103337098,False,False,DONE,,,0,3d3ff3a1ea4104e985044936b84fd5961b93324338fc21d138d2e320837df598,no_explicit_terminal_engine_result,2,EpisodeState.COMPLETED,-1,59,55204139,loss,True,3,0,True,loss,/private/tmp/kaggle_eps/55565056/replays/episode-103337098-replay.json,-1,c64fd0ea13b43d9c123d6c7e202eb939b04fee03baa522c7b2b9786bf8f35ace,31,2,55565056,ended_before,,,,,,,,,,,,,,,,19,ended_before,,,,,,,,,,,,,,,,29,ended_before,,,,,,,,,,,,,,,,9
0,ok,True,103334476,False,False,DONE,,,1,5b55408221bebb1e2fca423e55dbda85639e8cc0dd90d750216994c6b6b155df,no_explicit_terminal_engine_result,21,EpisodeState.COMPLETED,1,15,55562306,win,True,45,1,True,win,/private/tmp/kaggle_eps/55565056/replays/episode-103334476-replay.json,1,74d888472adf42d6a557a9b21793ceb04ae74fc6d7a54567f91e84c467c1e22f,114,38,55565056,reached,19,True,False,1,1,16,6,5,5,11,14,5,10,107,True,,ended_before,,,,,,,,,,,,,,,,29,reached,9,True,False,1,1,34,21,8,5,9,28,5,5,59,True,
0,ok,True,103322856,False,False,DONE,,,0,4412cc6d3a1e539036edf2b4ab9434dc57cc0a918d2791fb9e6da09883183af3,no_explicit_terminal_engine_result,16,EpisodeState.COMPLETED,-1,28,55515414,loss,True,39,0,True,loss,/private/tmp/kaggle_eps/55565056/replays/episode-103322856-replay.json,-1,da176b86ea4efe7dd2fb4b8db62cf73946068096d62d2ee44beadb1c8414286c,154,28,55565056,ended_before,,,,,,,,,,,,,,,,19,ended_before,,,,,,,,,,,,,,,,29,reached,9,False,False,1,1,35,28,2,5,14,27,6,5,85,False,
0,ok,True,103317655,False,False,DONE,,,0,34f4dd87fafb2ccba23b00434eb62ec51f3466c1315cffb499d97529fc255ec0,no_explicit_terminal_engine_result,22,EpisodeState.COMPLETED,-1,29,55562874,loss,True,28,0,True,loss,/private/tmp/kaggle_eps/55565056/replays/episode-103317655-replay.json,-1,92847e990fe17a17a123e4ca788d06fc26ad59c428bcf17b26ec4be541beceab,145,28,55565056,reached,19,True,False,1,1,29,19,7,3,5,29,6,10,125,True,,ended_before,,,,,,,,,,,,,,,,29,reached,9,True,False,1,1,48,37,5,6,7,35,6,5,55,True,
0,ok,True,103315916,False,False,DONE,,,0,d2ab6395e01602d44384011e8a86d5b1976c11dffcc42cc1d857f28c06e0f779,no_explicit_terminal_engine_result,16,EpisodeState.COMPLETED,-1,22,55559770,loss,True,37,0,True,loss,/private/tmp/kaggle_eps/55565056/replays/episode-103315916-replay.json,-1,b28cd7644ca4dd19a83de1ce64e33085a0401231759b92a8dcd9885e7a3cacd8,189,31,55565056,ended_before,,,,,,,,,,,,,,,,19,ended_before,,,,,,,,,,,,,,,,29,reached,9,False,False,1,1,28,13,10,5,14,28,6,5,106,False,
0,ok,True,103304300,True,True,DONE,,,0,01ba603a3a9669132dd96fc8a7b8f6b953192eb643e098e9a4ff06748f5e4126,no_explicit_terminal_engine_result,38,EpisodeState.COMPLETED,1,11,55127673,win,False,52,1,True,win,/private/tmp/kaggle_eps/55565056/replays/episode-103304300-replay.json,1,d53df9f3622087fca862f9549c2dcc97e6c3a9cdeaada9dee3f53ea00a86c774,135,52,55565056,reached,20,True,False,1,1,19,10,3,6,5,20,6,10,85,True,,reached,30,True,False,1,1,12,4,5,3,7,9,5,15,116,True,,reached,10,True,False,1,1,32,24,2,6,6,32,6,5,53,True,
0,ok,True,103296168,True,True,DONE,,,0,0b62bb7755d4fb4a3f203bbc36bc7db8b1d473ef0fc857372cf06c144aa674fb,no_explicit_terminal_engine_result,17,EpisodeState.COMPLETED,1,10,55549992,win,True,41,0,True,win,/private/tmp/kaggle_eps/55565056/replays/episode-103296168-replay.json,1,6cc7ec407e680464b1b6721b856b2b4e9fbc3e48616c1de8b3205cd821be4e93,129,36,55565056,ended_before,,,,,,,,,,,,,,,,19,ended_before,,,,,,,,,,,,,,,,29,reached,9,True,False,1,1,29,15,9,5,10,20,6,5,87,True,
0,ok,True,103285509,False,False,DONE,,,0,72a3aee984b7ad9daf07761a85682dae03bf771b668777f68a9db7dbbefb5206,no_explicit_terminal_engine_result,19,EpisodeState.COMPLETED,1,26,54044378,win,True,28,0,True,win,/private/tmp/kaggle_eps/55565056/replays/episode-103285509-replay.json,1,7f4a6dd726f3a3e80e0b5fd06e044d0a93aae892cfc94259774370211ea16aa0,83,23,55565056,reached,19,True,False,1,1,42,36,2,4,11,22,2,10,80,True,,ended_before,,,,,,,,,,,,,,,,29,reached,9,False,False,1,1,49,42,2,5,13,28,6,5,49,False,
0,ok,True,103277728,False,False,DONE,,,0,efbdfb61d52915bb17f6273dd977046cd646ae8c0d16111cef80b9c75fa3a3c5,no_explicit_terminal_engine_result,22,EpisodeState.COMPLETED,-1,15,55546006,loss,True,40,0,True,loss,/private/tmp/kaggle_eps/55565056/replays/episode-103277728-replay.json,-1,ea2adf1c7e4ed464cda16e5c5f09030a4dcf6cd394b77416c39e1f120a92a241,206,39,55565056,reached,19,True,False,1,1,15,8,6,1,2,28,6,10,178,True,,ended_before,,,,,,,,,,,,,,,,29,reached,9,True,False,1,1,35,27,4,4,8,34,6,5,82,True,
0,ok,True,103265679,True,True,DONE,,,0,ec03e70bdefdda41f56f67a0bb8f518106bde3f49578a14f53be81c0279cac51,no_explicit_terminal_engine_result,28,EpisodeState.COMPLETED,1,14,55475509,win,False,38,1,True,win,/private/tmp/kaggle_eps/55565056/replays/episode-103265679-replay.json,1,ed7a9e6023b462040d9bc7a5e4e7ace16e85e0a76cb809e9238156211fabaa59,103,37,55565056,reached,20,True,False,1,1,31,20,5,6,4,21,6,10,73,True,,ended_before,,,,,,,,,,,,,,,,30,reached,10,True,False,1,1,39,31,2,6,7,28,6,5,51,True,
0,ok,True,103258652,False,False,DONE,,,0,d2b99e8b5aed7660a8447ca6c924282ff1cb11d5b33e50e5b820d176da1df635,no_explicit_terminal_engine_result,17,EpisodeState.COMPLETED,-1,17,55564930,loss,False,29,1,True,loss,/private/tmp/kaggle_eps/55565056/replays/episode-103258652-replay.json,-1,24d9ed30c81eee963e5cbc511acaacb5e527cb0e49ef3073379244073754653d,165,27,55565056,ended_before,,,,,,,,,,,,,,,,20,ended_before,,,,,,,,,,,,,,,,30,reached,10,True,False,1,1,27,17,4,6,7,38,4,5,85,True,
0,ok,True,103258275,True,True,DONE,,,0,40dabb1ce61369e01041bd526f9ebf50cc0d33d9e50fceb295a535cb12dd3fca,no_explicit_terminal_engine_result,42,EpisodeState.COMPLETED,-1,12,55565025,loss,True,57,0,True,loss,/private/tmp/kaggle_eps/55565056/replays/episode-103258275-replay.json,-1,7ccee8e0e892c8b6edd19c71234d740653defdb0a6d349349f9278e6319de90a,183,45,55565056,reached,19,True,False,1,1,45,34,5,6,5,17,6,10,74,True,,reached,29,True,False,1,1,34,25,5,4,10,12,6,15,107,True,,reached,9,False,False,1,1,50,42,2,6,21,24,6,5,51,False,
0,ok,True,103256740,False,False,DONE,,,0,501e9046b76a11c1d409bfac7311bf809a8d9c41cbf4aa37b7e3c4671255df09,no_explicit_terminal_engine_result,13,EpisodeState.COMPLETED,1,22,55521806,win,True,34,0,True,win,/private/tmp/kaggle_eps/55565056/replays/episode-103256740-replay.json,1,317a0207068f1d539bdfbea52a54067d3ed45bacf0932cea9f45638bc0e133d0,129,32,55565056,ended_before,,,,,,,,,,,,,,,,19,ended_before,,,,,,,,,,,,,,,,29,reached,9,False,False,1,1,28,15,7,6,30,23,6,5,90,False,
0,ok,True,103246129,False,False,DONE,,,0,6ea790498981034ae733179c27cd6241d4a32be319e7a2d8081076b66da3edd7,no_explicit_terminal_engine_result,19,EpisodeState.COMPLETED,1,15,55555795,win,True,35,0,True,win,/private/tmp/kaggle_eps/55565056/replays/episode-103246129-replay.json,1,135b2a393a25c7ee38e5446f177f0ee62bcbfafce598936f78020c95f4601a2b,222,28,55565056,reached,19,True,False,1,1,15,7,5,3,4,27,1,10,218,True,,ended_before,,,,,,,,,,,,,,,,29,reached,9,True,False,1,1,30,18,6,6,11,38,4,5,88,True,
0,ok,True,103238187,False,False,DONE,,,0,6be16128cf7ea91b993d6a0ea9ea51a390569b9ee54d67f1763c97f2dcc0e429,no_explicit_terminal_engine_result,32,EpisodeState.COMPLETED,1,15,55309289,win,False,61,1,True,win,/private/tmp/kaggle_eps/55565056/replays/episode-103238187-replay.json,1,090f7020dbda22216c12983b8ccc3e76b5d2191825b14c0a5b577d9b08b22032,209,51,55565056,reached,20,True,False,1,1,20,6,11,3,10,16,2,10,160,True,,reached,30,True,False,1,1,16,1,13,2,6,5,1,15,200,True,,reached,10,True,False,1,1,28,18,4,6,6,26,6,5,92,True,
0,ok,True,103226550,False,False,DONE,,,0,55f25bc1e396e49adf9a0676a6316190bbda8f6f91dbef4463d3c78cf7e14e20,no_explicit_terminal_engine_result,18,EpisodeState.COMPLETED,1,26,55558717,win,False,33,1,True,win,/private/tmp/kaggle_eps/55565056/replays/episode-103226550-replay.json,1,70653f7df258ffda0d96a217db090a5e45086ab91a6a9024c0fb6dbf75495f64,138,29,55565056,ended_before,,,,,,,,,,,,,,,,20,ended_before,,,,,,,,,,,,,,,,30,reached,10,True,False,1,1,36,27,3,6,5,34,6,5,80,True,
0,ok,True,103223116,False,False,DONE,,,0,0eb92461edac2088e3b912c66e4d77d2bb2ed7a90baf4b9cc3b470382d986f9a,no_explicit_terminal_engine_result,15,EpisodeState.COMPLETED,1,21,55316997,win,True,37,0,True,win,/private/tmp/kaggle_eps/55565056/replays/episode-103223116-replay.json,1,97fe4112f3c3d09c60e68dc4e4c77ce81cbea4850690745c85350408be6b30c5,138,34,55565056,ended_before,,,,,,,,,,,,,,,,19,ended_before,,,,,,,,,,,,,,,,29,reached,9,False,False,1,1,32,25,1,6,15,26,5,5,77,False,
0,ok,True,103219971,True,True,DONE,,,0,7fd7e2e4ee1163ea5a082c102508be12ac02597ca0db6c772e81d153311b4921,no_explicit_terminal_engine_result,39,EpisodeState.COMPLETED,1,10,55516346,win,True,51,0,True,win,/private/tmp/kaggle_eps/55565056/replays/episode-103219971-replay.json,1,322c0c7abc3d3bb18d8cc664103308908aa7d9f5585ecff492207b9235a3ca25,138,44,55565056,reached,19,True,False,1,1,33,15,12,6,8,31,6,10,88,True,,reached,29,True,False,1,1,15,5,4,6,9,20,6,15,112,True,,reached,9,True,False,1,1,37,22,9,6,3,39,6,5,61,True,
0,ok,True,103208396,False,False,DONE,,,0,00604f7b7f8b3f467490d1406d47c5a4ca9877ad1e93b1778edc4a46f71e622d,no_explicit_terminal_engine_result,16,EpisodeState.COMPLETED,1,43,54271574,win,False,24,1,True,win,/private/tmp/kaggle_eps/55565056/replays/episode-103208396-replay.json,1,f5bbe4c0f38576ce18afd6a0518e5911e35c22b55ccb7952923daf411c2fad20,72,20,55565056,ended_before,,,,,,,,,,,,,,,,20,ended_before,,,,,,,,,,,,,,,,30,reached,10,True,False,1,1,46,38,2,6,10,32,6,5,51,True,
0,ok,True,103196343,True,True,DONE,,,1,6d6aca9e2622415cf91631ee3ef8d017fe9efa28f0fd504bf2d435d4c670f32f,no_explicit_terminal_engine_result,18,EpisodeState.COMPLETED,-1,13,55563319,loss,True,31,1,True,loss,/private/tmp/kaggle_eps/55565056/replays/episode-103196343-replay.json,-1,14437d6f70333722193afab12004eee2269dc34c0898a9e4c7af4b66fa21d533,124,31,55565056,ended_before,,,,,,,,,,,,,,,,19,ended_before,,,,,,,,,,,,,,,,29,reached,9,True,False,1,1,23,14,4,5,6,26,6,5,80,True,
0,ok,True,103184780,True,True,DONE,,,0,41cf7a3b6015f1e2c3cad3f2faef490ca53392d56efb53935e5ee24aee79ca37,no_explicit_terminal_engine_result,18,EpisodeState.COMPLETED,1,12,55496451,win,False,39,1,True,win,/private/tmp/kaggle_eps/55565056/replays/episode-103184780-replay.json,1,8644c6e0ee939d1d0d59d5f0309689d0d9becbe84e06088a3e33cc712faaac59,134,38,55565056,ended_before,,,,,,,,,,,,,,,,20,ended_before,,,,,,,,,,,,,,,,30,reached,10,True,False,1,1,32,19,9,4,6,29,6,5,70,True,
0,ok,True,103173204,False,False,DONE,,,0,e160b97f602fca0b03f672d335a71549938a82b046d04ed267e80a1d7ee40774,no_explicit_terminal_engine_result,26,EpisodeState.COMPLETED,1,15,55431431,win,False,33,1,True,win,/private/tmp/kaggle_eps/55565056/replays/episode-103173204-replay.json,1,ece01692da6574eabd7a42497e5bf7be44eb23bda602efed7b6f884721567380,87,20,55565056,reached,20,False,False,1,1,24,12,6,6,17,16,5,10,69,False,,ended_before,,,,,,,,,,,,,,,,30,reached,10,False,False,1,1,48,36,6,6,13,31,6,5,37,False,
0,ok,True,103161679,True,True,DONE,,,0,b9f687cc275c27abe854e83ee237abce9bd30bf9fc39dccbec36208b25b202de,no_explicit_terminal_engine_result,24,EpisodeState.COMPLETED,1,10,55497295,win,False,42,1,True,win,/private/tmp/kaggle_eps/55565056/replays/episode-103161679-replay.json,1,30b762674d41dc3c4b49847afe9fca72aee5f87cac35ce0016ea54eb61939028,211,34,55565056,reached,20,True,False,1,1,13,6,6,1,8,23,1,10,178,True,,ended_before,,,,,,,,,,,,,,,,30,reached,10,False,False,1,1,35,22,7,6,13,30,5,5,83,False,
0,ok,True,103157923,True,True,DONE,,,0,f1e89bc13bc73f4d097f828eff91615baf8d431e3cad57a58a5a33075451bc78,no_explicit_terminal_engine_result,25,EpisodeState.COMPLETED,1,6,55055836,win,True,47,0,True,win,/private/tmp/kaggle_eps/55565056/replays/episode-103157923-replay.json,1,b48d53820ba9247fe4598f5192839cae4858fa4b421be7be5928f61842fbc1d9,122,44,55565056,reached,19,True,False,1,1,8,3,2,3,4,5,6,10,108,True,,ended_before,,,,,,,,,,,,,,,,29,reached,9,False,False,1,1,20,9,6,5,16,22,6,5,61,False,
0,ok,True,103146359,False,False,DONE,,,0,dd44376afbb0dbf4c2c07460d2effb48597b0cecb10759db494b208f7daa5113,no_explicit_terminal_engine_result,15,EpisodeState.COMPLETED,-1,22,55565750,loss,False,19,1,True,loss,/private/tmp/kaggle_eps/55565056/replays/episode-103146359-replay.json,-1,7e2743162e0464f87d0ee30a7a1696fb10e377ce69ba01d1774552b15c29b5f1,92,18,55565056,ended_before,,,,,,,,,,,,,,,,20,ended_before,,,,,,,,,,,,,,,,30,reached,10,True,False,1,1,32,19,9,4,6,35,6,5,67,True,
0,ok,True,103134788,False,False,DONE,,,0,30d3a55ce310907be3155cd0899d98bf242a7fb0fb0dbde7af7d0afff73b22be,no_explicit_terminal_engine_result,17,EpisodeState.COMPLETED,1,21,55471032,win,True,36,0,True,win,/private/tmp/kaggle_eps/55565056/replays/episode-103134788-replay.json,1,4f7756faa8a77548f0614283b73a3ffe2309832b238c902697a3cd004cdee57d,133,33,55565056,ended_before,,,,,,,,,,,,,,,,19,ended_before,,,,,,,,,,,,,,,,29,reached,9,True,False,1,1,32,12,16,4,9,30,5,5,87,True,
0,ok,True,103122807,True,True,DONE,,,1,ffdb08be02c769281f94d05036cff0194f4295bf33a07a4e8008cb94b7bd6444,no_explicit_terminal_engine_result,21,EpisodeState.COMPLETED,1,12,54906020,win,True,45,1,True,win,/private/tmp/kaggle_eps/55565056/replays/episode-103122807-replay.json,1,56e0d21a55dc61d3e67b6afa07b3246282ac48b7f58cc4494304398a5ec93d2d,150,41,55565056,reached,19,True,False,1,1,14,5,6,3,8,7,6,10,140,True,,ended_before,,,,,,,,,,,,,,,,29,reached,9,True,False,1,1,29,16,9,4,10,23,6,5,97,True,
0,ok,True,103121224,False,False,DONE,,,0,c93137b40984ddc253eef2689efd8c7c588e22c5ade080b0e1bff2755bf88312,no_explicit_terminal_engine_result,13,EpisodeState.COMPLETED,1,18,55552990,win,True,33,0,True,win,/private/tmp/kaggle_eps/55565056/replays/episode-103121224-replay.json,1,e5442854bfa17d227a32572d300c640adf5991c7d176bb122297ab058a220e13,115,31,55565056,ended_before,,,,,,,,,,,,,,,,19,ended_before,,,,,,,,,,,,,,,,29,reached,9,True,False,1,1,29,15,8,6,9,23,6,5,70,True,
0,ok,True,103112377,False,False,DONE,,,0,d1084dee8a6945a1201fed72dd1435ce77279e7e82ea28004bdaefddb7f3edb0,no_explicit_terminal_engine_result,15,EpisodeState.COMPLETED,1,32,55508425,win,True,28,0,True,win,/private/tmp/kaggle_eps/55565056/replays/episode-103112377-replay.json,1,753574f250ebc1bf7826edc4f355c3e4a56d8eadecf4edc2779497d6fe47fbc3,124,25,55565056,ended_before,,,,,,,,,,,,,,,,19,ended_before,,,,,,,,,,,,,,,,29,reached,9,True,False,1,1,34,26,2,6,9,38,5,5,72,True,
0,ok,True,103107088,False,False,DONE,,,0,f15bac58cdd4b468dcef932d3f1c16518c67c8ae3d73cb5b212d9f1f5d20ec01,no_explicit_terminal_engine_result,23,EpisodeState.COMPLETED,-1,17,54468720,loss,False,35,1,True,loss,/private/tmp/kaggle_eps/55565056/replays/episode-103107088-replay.json,-1,9b9f5dd3f23c681c9f244acd12df18da40d9c7b5ec91c738319e91adca5f8014,130,33,55565056,reached,20,True,False,1,1,17,3,12,2,6,13,6,10,116,True,,ended_before,,,,,,,,,,,,,,,,30,reached,10,True,False,1,1,29,20,4,5,7,24,6,5,75,True,
0,ok,True,103095469,False,False,DONE,,,0,a0396edc20b46553d7c8fb8a1606ce8766fd6f95c549bcfb4327fdf3a3fd7c1d,no_explicit_terminal_engine_result,27,EpisodeState.COMPLETED,-1,15,55555795,loss,False,47,1,True,loss,/private/tmp/kaggle_eps/55565056/replays/episode-103095469-replay.json,-1,36ff2ab2eebba170164778251836fb322c110d2163ed92021a11fa27c7ee12b5,235,47,55565056,reached,20,True,False,1,1,21,13,7,1,5,16,4,10,209,True,,ended_before,,,,,,,,,,,,,,,,30,reached,10,True,False,1,1,35,22,8,5,4,33,6,5,88,True,
0,ok,True,103095116,False,False,DONE,,,0,28c0fdb9f616d1ffa0b102bcb2d13a36772095622699f25b8ed123b612b7dcdb,no_explicit_terminal_engine_result,7,EpisodeState.COMPLETED,-1,32,55537945,loss,False,16,1,True,loss,/private/tmp/kaggle_eps/55565056/replays/episode-103095116-replay.json,-1,0eb2f1876891b812c921d32eadea66f93de16305eb0fce1a938034e5d19a025a,78,15,55565056,ended_before,,,,,,,,,,,,,,,,20,ended_before,,,,,,,,,,,,,,,,30,ended_before,,,,,,,,,,,,,,,,10
0,ok,True,103083869,True,True,DONE,,,0,612610ab8e105cd2267347114fe84e650318ce5fe4686a020e51c2801a0e00dc,no_explicit_terminal_engine_result,23,EpisodeState.COMPLETED,1,8,55564388,win,True,44,0,True,win,/private/tmp/kaggle_eps/55565056/replays/episode-103083869-replay.json,1,4dde9455c2cbdd8687dc92da53b6d04637f672623e9b6abfab2ac0e251bbde4a,115,42,55565056,reached,19,True,False,1,1,11,5,3,3,5,14,6,10,104,True,,ended_before,,,,,,,,,,,,,,,,29,reached,9,True,False,1,1,26,15,6,5,6,25,6,5,65,True,
0,ok,True,103072286,False,False,DONE,,,0,59f6fcb6663960fb12ee72b8b34b0cbcb4e366d0c053958863f8a530503c268a,no_explicit_terminal_engine_result,16,EpisodeState.COMPLETED,1,26,55556454,win,True,29,0,True,win,/private/tmp/kaggle_eps/55565056/replays/episode-103072286-replay.json,1,254f0c52f9e3d61f7c3c9eb3ff0703d3794bea0d6fba3601862a5c3913956519,168,23,55565056,ended_before,,,,,,,,,,,,,,,,19,ended_before,,,,,,,,,,,,,,,,29,reached,9,True,False,1,1,29,19,5,5,6,34,5,5,102,True,
0,ok,True,103060273,False,False,DONE,,,0,c44da0454963303fdd0cd6d56cf74644321e01cf5574eddb34b1da7c3341e8db,no_explicit_terminal_engine_result,42,EpisodeState.COMPLETED,1,19,55561775,win,False,41,1,True,win,/private/tmp/kaggle_eps/55565056/replays/episode-103060273-replay.json,1,639fb79dad9d81357b18ce07b6028118eabf30e010458490d1206365511abe49,148,34,55565056,reached,20,True,False,1,1,41,28,7,6,5,29,6,10,59,True,,reached,30,True,False,1,1,28,12,10,6,8,22,6,15,114,True,,reached,10,True,False,1,1,45,33,6,6,4,36,6,5,39,True,
0,ok,True,103048717,True,True,DONE,,,0,d60c32d8f3f1024a5986899ebe578cd5abd6591b5faa1420fb2295075172f0e6,no_explicit_terminal_engine_result,14,EpisodeState.COMPLETED,-1,13,55423112,loss,True,20,0,True,loss,/private/tmp/kaggle_eps/55565056/replays/episode-103048717-replay.json,-1,e7484cf50dc68a706d7df440abb51762de088c8e3a14f0e232daef3d6f452832,107,19,55565056,ended_before,,,,,,,,,,,,,,,,19,ended_before,,,,,,,,,,,,,,,,29,reached,9,True,False,1,1,20,11,5,4,5,41,6,5,82,True,
0,ok,True,103037145,False,False,DONE,,,0,ce72704d80dccce186fa0c4657287d29900fc35c59dfa98e073614a848538eb4,no_explicit_terminal_engine_result,17,EpisodeState.COMPLETED,-1,19,55417605,loss,False,37,1,True,loss,/private/tmp/kaggle_eps/55565056/replays/episode-103037145-replay.json,-1,bf498fa533911096fe6f3ff03973ddf9b67d7464eed58450f313d8babe855fbe,196,33,55565056,ended_before,,,,,,,,,,,,,,,,20,ended_before,,,,,,,,,,,,,,,,30,reached,10,True,False,1,1,33,23,6,4,10,30,4,5,108,True,
0,ok,True,103036555,False,False,DONE,,,0,e6b0201fe2d3eee1f4598a014ce1912fc087948d3b76559fdf924b4371a74bc7,no_explicit_terminal_engine_result,15,EpisodeState.COMPLETED,1,41,55396894,win,True,32,0,True,win,/private/tmp/kaggle_eps/55565056/replays/episode-103036555-replay.json,1,3bc1b0fea1ac9f30ed6f320a36de1138424ea25044ed80e3544934d4684f4ec1,89,25,55565056,ended_before,,,,,,,,,,,,,,,,19,ended_before,,,,,,,,,,,,,,,,29,reached,9,False,False,1,1,44,36,2,6,26,29,5,5,63,False,
0,ok,True,103024355,False,False,DONE,,,0,909b755fa8faefe765dd811f63669d9fedecd0605082a69ed628a9e70495e61c,no_explicit_terminal_engine_result,17,EpisodeState.COMPLETED,1,20,55551111,win,True,35,0,True,win,/private/tmp/kaggle_eps/55565056/replays/episode-103024355-replay.json,1,eb5e4abb5d16930e2fee89bc5a64e074783ce27e5d28f220c1ff4a1e9798525f,145,31,55565056,ended_before,,,,,,,,,,,,,,,,19,ended_before,,,,,,,,,,,,,,,,29,reached,9,True,False,1,1,32,15,12,5,11,27,5,5,83,True,
0,ok,True,103024547,False,False,DONE,,,0,375f725a3009a72b0b2d279283d7f67739344a9c00369aed6d86f9d0f2795d5a,no_explicit_terminal_engine_result,18,EpisodeState.COMPLETED,1,35,54229561,win,False,31,1,True,win,/private/tmp/kaggle_eps/55565056/replays/episode-103024547-replay.json,1,6c4f1b582e000e1d939d23d2917a4c78f1c0665187778830a77defad6b3fa457,84,20,55565056,ended_before,,,,,,,,,,,,,,,,20,ended_before,,,,,,,,,,,,,,,,30,reached,10,False,False,1,1,41,33,2,6,16,29,6,5,54,False,
0,ok,True,103012713,False,False,DONE,,,0,f0c689b4497dd55bcb21d101a32210aae0d4ec4b8b08c45b4f1b688721f66aee,no_explicit_terminal_engine_result,18,EpisodeState.COMPLETED,-1,22,55561610,loss,True,38,0,True,loss,/private/tmp/kaggle_eps/55565056/replays/episode-103012713-replay.json,-1,a2227a30b97315c308f086935fa218c92248161f4da392b490a5b9490636a379,155,32,55565056,ended_before,,,,,,,,,,,,,,,,19,ended_before,,,,,,,,,,,,,,,,29,reached,9,True,False,1,1,36,22,8,6,8,27,6,5,64,True,
0,ok,True,103002821,False,False,DONE,,,0,c1803d70b713605c68b379e95e0d9b1ad0055e082c97dfb6ae5f379da1c8adf3,no_explicit_terminal_engine_result,16,EpisodeState.COMPLETED,-1,25,55501155,loss,True,32,0,True,loss,/private/tmp/kaggle_eps/55565056/replays/episode-103002821-replay.json,-1,cb0e84ad9ce67b122725e9ac8b2aa23bcd19faf3817a3d01002edf5480e2a6c9,162,28,55565056,ended_before,,,,,,,,,,,,,,,,19,ended_before,,,,,,,,,,,,,,,,29,reached,9,True,False,1,1,35,28,1,6,10,30,6,5,69,True,
0,ok,True,102997661,False,False,DONE,,,0,a1e0dacf466adcabe6707cb9e7f5c307f170cc24a17efdb742fc52eebdda8b79,no_explicit_terminal_engine_result,26,EpisodeState.COMPLETED,1,24,54514725,win,False,25,1,True,win,/private/tmp/kaggle_eps/55565056/replays/episode-102997661-replay.json,1,65986454b87a2001364d4c8d57e903923284d9de43d8946b6888024080ccdf98,122,19,55565056,reached,20,False,False,1,1,31,21,5,5,15,27,4,10,94,False,,ended_before,,,,,,,,,,,,,,,,30,reached,10,True,False,1,1,39,29,4,6,7,32,6,5,57,True,
0,ok,True,102990387,False,False,DONE,,,0,1df293499c68415ee5c5911268bbe7d6ad95f1012668a05e3eb96d3e3a25083f,no_explicit_terminal_engine_result,22,EpisodeState.COMPLETED,1,15,55419767,win,False,37,1,True,win,/private/tmp/kaggle_eps/55565056/replays/episode-102990387-replay.json,1,915c6ccab370aa855a4c9d442843e4f199602f6a281878b4944152c812757263,134,35,55565056,reached,20,True,False,1,1,16,2,9,5,5,25,6,10,125,True,,ended_before,,,,,,,,,,,,,,,,30,reached,10,True,False,1,1,26,15,6,5,8,32,6,5,86,True,
0,ok,True,102978802,False,False,DONE,,,0,cd62435fc554fda754b9bccf564a75908779009e4b3bb0bb6431ab5094dad3c2,no_explicit_terminal_engine_result,23,EpisodeState.COMPLETED,1,18,55539013,win,True,42,0,True,win,/private/tmp/kaggle_eps/55565056/replays/episode-102978802-replay.json,1,0aefa8aad14ef964854f46a04e7c2479668ff2819daf0c70b95ee61b5cfb4910,214,32,55565056,reached,19,True,False,1,1,22,13,6,3,8,23,3,10,169,True,,ended_before,,,,,,,,,,,,,,,,29,reached,9,False,False,1,1,36,28,2,6,13,28,6,5,74,False,
0,ok,True,102967198,False,False,DONE,,,0,0a2181e7ecfa202930e4d16990a366a460aa4519b2d93160370e3308ee18bfdb,no_explicit_terminal_engine_result,15,EpisodeState.COMPLETED,-1,28,55041585,loss,False,32,1,True,loss,/private/tmp/kaggle_eps/55565056/replays/episode-102967198-replay.json,-1,501e791bf8ea42458d33455bff0d97edb696a187de7d655602a65ffba84ee8af,99,29,55565056,ended_before,,,,,,,,,,,,,,,,20,ended_before,,,,,,,,,,,,,,,,30,reached,10,True,False,1,1,32,24,5,3,7,21,6,5,75,True,
0,ok,True,102958988,True,True,DONE,,,0,273b654b9a9d10ce52650a7c161a2f9f6f15f6bd795edfc71ceefbb747ae3a40,no_explicit_terminal_engine_result,20,EpisodeState.COMPLETED,1,8,55424195,win,False,32,1,True,win,/private/tmp/kaggle_eps/55565056/replays/episode-102958988-replay.json,1,ab789fe7185fdca1e7f77196753ee224d394f03ed7f523fc5fb88bbf6f9db2b4,126,27,55565056,reached,20,True,False,1,1,8,0,4,4,8,22,6,10,123,True,,ended_before,,,,,,,,,,,,,,,,30,reached,10,True,False,1,1,24,9,11,4,2,42,6,5,85,True,
0,ok,True,102947312,False,False,DONE,,,0,2fa89372c5ef76536490517d5f1bac3e60f5739bc8da31210c6a738131caa5cf,no_explicit_terminal_engine_result,16,EpisodeState.COMPLETED,-1,21,55545689,loss,True,39,0,True,loss,/private/tmp/kaggle_eps/55565056/replays/episode-102947312-replay.json,-1,cdc0ceeb49d826656fe308aa328f69c02c8c2a9216e2055d4f123d1f2adeb077,171,37,55565056,ended_before,,,,,,,,,,,,,,,,19,ended_before,,,,,,,,,,,,,,,,29,reached,9,True,False,1,1,32,22,5,5,7,19,6,5,102,True,
0,ok,True,102938611,False,False,DONE,,,1,20c88232b67227da436a0ae67dfa279fd9082b8b6e1252b387ee87bf79074690,no_explicit_terminal_engine_result,20,EpisodeState.COMPLETED,-1,23,55059335,loss,True,29,1,True,loss,/private/tmp/kaggle_eps/55565056/replays/episode-102938611-replay.json,-1,a04b204871664ab51880fa74fe2e46eb2541fdbfc8e426e8c6cb5275883df508,105,27,55565056,reached,19,True,False,1,1,23,17,5,1,11,15,6,10,100,True,,ended_before,,,,,,,,,,,,,,,,29,reached,9,True,False,1,1,45,35,6,4,4,39,6,5,45,True,
0,ok,True,102927044,False,False,DONE,,,0,1014b1061c6d14bbefa4b5a504398416284664bd163c39bfcc98ab0c1cb067b6,no_explicit_terminal_engine_result,11,EpisodeState.COMPLETED,-1,33,55544993,loss,False,16,1,True,loss,/private/tmp/kaggle_eps/55565056/replays/episode-102927044-replay.json,-1,768e699c54579e1c25f6d9f21be2bbb4a127c977632fd5133c1f6aa8b8680ac8,83,13,55565056,ended_before,,,,,,,,,,,,,,,,20,ended_before,,,,,,,,,,,,,,,,30,reached,10,True,False,1,1,33,12,19,2,2,38,6,5,78,True,
0,ok,True,102926966,True,True,DONE,,,0,6ed7c7ef4b0749df20e79ae4c97264fc848dd8a71570b200cadb6408605695cf,no_explicit_terminal_engine_result,19,EpisodeState.COMPLETED,1,9,55463678,win,True,31,0,True,win,/private/tmp/kaggle_eps/55565056/replays/episode-102926966-replay.json,1,5a47c05da5b63d02ab00e7b90578d82751a7ed099b0fb73e96eb98c170a3c8e7,100,31,55565056,reached,19,True,False,1,1,9,3,4,2,6,23,6,10,95,True,,ended_before,,,,,,,,,,,,,,,,29,reached,9,True,False,1,1,22,11,7,4,7,36,6,5,59,True,
0,ok,True,102914965,True,True,DONE,,,0,7931fe3af1a092fe7450336d074ec93286a65f3cc0ccab24be13d5dc9d6899f7,no_explicit_terminal_engine_result,22,EpisodeState.COMPLETED,1,11,55385758,win,False,41,1,True,win,/private/tmp/kaggle_eps/55565056/replays/episode-102914965-replay.json,1,606395c694080df1ff6a649227262ac287a89a3cfed3daef5053861063343eb7,147,35,55565056,reached,20,False,False,1,1,11,2,4,5,13,18,6,10,138,False,,ended_before,,,,,,,,,,,,,,,,30,reached,10,True,False,1,1,18,7,5,6,3,23,6,5,109,True,
0,ok,True,102903403,True,True,DONE,,,0,69c1357d5a83245e39881cb9f6944a51c0527236f4f7d1ddcf92f4f7e55bf29e,no_explicit_terminal_engine_result,24,EpisodeState.COMPLETED,1,12,55552114,win,False,39,1,True,win,/private/tmp/kaggle_eps/55565056/replays/episode-102903403-replay.json,1,6f8d879bd07583d9da3f201ad93b265d69d43353339e2a9a0e1a948bda59fbf2,116,30,55565056,reached,20,True,False,1,1,14,4,6,4,7,11,6,10,106,True,,ended_before,,,,,,,,,,,,,,,,30,reached,10,False,False,1,1,41,21,15,5,17,22,6,5,68,False,
0,ok,True,102891821,False,False,DONE,,,0,a457784a1b137cbbf621c032d9d0738c238b55eb78553d145c9cc264cecfbfdf,no_explicit_terminal_engine_result,18,EpisodeState.COMPLETED,-1,36,55514245,loss,True,35,0,True,loss,/private/tmp/kaggle_eps/55565056/replays/episode-102891821-replay.json,-1,ec935b5c03b5f046ca6cf6cd0b0abaf4dff157bb19c012ab139bbf50431bd045,166,35,55565056,ended_before,,,,,,,,,,,,,,,,19,ended_before,,,,,,,,,,,,,,,,29,reached,9,True,False,1,1,41,32,4,5,9,34,6,5,74,True,
0,ok,True,102880251,False,False,DONE,,,0,e1ac29a17f528615b7e2810bf7dbe799a2ae591b482f413f64e5a0d265443fef,no_explicit_terminal_engine_result,15,EpisodeState.COMPLETED,-1,25,55565075,loss,False,28,1,True,loss,/private/tmp/kaggle_eps/55565056/replays/episode-102880251-replay.json,-1,d04e20c2241dd518bf09cddeda4255182433d2ecd403c450b484bbd46d03c7a0,110,20,55565056,ended_before,,,,,,,,,,,,,,,,20,ended_before,,,,,,,,,,,,,,,,30,reached,10,True,False,1,1,28,13,12,3,9,22,6,5,78,True,
0,ok,True,102870710,True,True,DONE,,,0,32e5970b0508645ea065645b018fd26fcd6e5622c1261198ad9766c8775bafdb,no_explicit_terminal_engine_result,25,EpisodeState.COMPLETED,-1,13,55462028,loss,False,41,1,True,loss,/private/tmp/kaggle_eps/55565056/replays/episode-102870710-replay.json,-1,5b5a2465ea5bf720d8e7872f1cca8643462883e6f77d4fb4cbb8c75097150bbc,129,40,55565056,reached,20,True,False,1,1,18,13,4,1,4,20,6,10,101,True,,ended_before,,,,,,,,,,,,,,,,30,reached,10,True,False,1,1,32,22,5,5,4,35,6,5,55,True,
0,ok,True,102859116,True,True,DONE,,,0,14b5e864ac0360d11117bd229478598b81987f09e70f29a097ed9fb8ed740222,no_explicit_terminal_engine_result,21,EpisodeState.COMPLETED,1,12,55563732,win,True,35,0,True,win,/private/tmp/kaggle_eps/55565056/replays/episode-102859116-replay.json,1,a8e05fba975031e3af640c5b805e8a1ae8400ec8d438d153a8a3f20a46e7e71f,109,32,55565056,reached,19,True,False,1,1,18,10,3,5,11,14,5,10,92,True,,ended_before,,,,,,,,,,,,,,,,29,reached,9,True,False,1,1,34,23,5,6,3,35,6,5,49,True,
0,ok,True,102847480,False,False,DONE,,,1,030851d69dfbc7fd1249283c226e3454a317b369d11a7f2484222ac007314744,no_explicit_terminal_engine_result,2,EpisodeState.COMPLETED,-1,59,54461297,loss,True,1,1,True,loss,/private/tmp/kaggle_eps/55565056/replays/episode-102847480-replay.json,-1,5bf4132c3eb651162177044727fb1d9d3e8c20d12dc19f0b0add898e42ca4c2f,23,1,55565056,ended_before,,,,,,,,,,,,,,,,19,ended_before,,,,,,,,,,,,,,,,29,ended_before,,,,,,,,,,,,,,,,9
0,ok,True,102843516,False,False,DONE,,,0,775920130e9fee8dcdbcbb066a1c088605458c959fd19ca59c37554585c78fa8,no_explicit_terminal_engine_result,15,EpisodeState.COMPLETED,-1,32,55565641,loss,False,25,1,True,loss,/private/tmp/kaggle_eps/55565056/replays/episode-102843516-replay.json,-1,37f938202a7d0595ecc83bf0d3e7781a58c66df77a42ce611bbecd30547acaa6,140,22,55565056,ended_before,,,,,,,,,,,,,,,,20,ended_before,,,,,,,,,,,,,,,,30,reached,10,True,False,1,1,37,27,5,5,7,40,6,5,81,True,
0,ok,True,102834630,False,False,DONE,,,0,6b735e8561480106988476e80c94ce9447b6af237b7f1d9634a84eec9fd5cc0c,no_explicit_terminal_engine_result,12,EpisodeState.COMPLETED,-1,27,55471845,loss,True,30,0,True,loss,/private/tmp/kaggle_eps/55565056/replays/episode-102834630-replay.json,-1,e78632180ec6e700516247f5e658c8af87f2493f50e5855752e105518b0f51c8,128,25,55565056,ended_before,,,,,,,,,,,,,,,,19,ended_before,,,,,,,,,,,,,,,,29,reached,9,True,False,1,1,28,18,6,4,5,33,5,5,94,True,
0,ok,True,102823486,False,False,DONE,,,0,56eb97bc1831e4598135e74b2a2d5e68af9d03b0a532bb00e6d9d2caa6b5d0b8,no_explicit_terminal_engine_result,18,EpisodeState.COMPLETED,1,19,55431911,win,False,40,1,True,win,/private/tmp/kaggle_eps/55565056/replays/episode-102823486-replay.json,1,4407e0c936f31f7eb8dc6bdecf7ec0e36d76d12f774e49b38f652e7d87216c19,148,31,55565056,ended_before,,,,,,,,,,,,,,,,20,ended_before,,,,,,,,,,,,,,,,30,reached,10,False,False,1,1,37,27,5,5,13,28,6,5,88,False,
0,ok,True,102812021,True,True,DONE,,,0,b7f2ee2a193ba3143293152b927dc41f0a372867d7a1d8c8754cfe9657374fdc,no_explicit_terminal_engine_result,53,EpisodeState.COMPLETED,1,9,55565458,win,True,73,0,True,win,/private/tmp/kaggle_eps/55565056/replays/episode-102812021-replay.json,1,00eadae8210c9def1168be479620ad4ff8d1283cd7f8229867481ba731a7ff41,168,65,55565056,reached,19,True,False,1,1,33,22,6,5,6,19,6,10,97,True,,reached,29,True,False,1,1,26,12,11,3,11,13,6,15,119,True,,reached,9,True,False,1,1,50,40,4,6,12,33,6,5,41,True,
0,ok,True,102809233,True,True,DONE,,,0,c1239c42fe1fc891a1441322e7775480a072c144e61eb59bbeff8fa3a20aed9a,no_explicit_terminal_engine_result,52,EpisodeState.COMPLETED,-1,10,55009413,loss,True,66,0,True,loss,/private/tmp/kaggle_eps/55565056/replays/episode-102809233-replay.json,-1,5c3bb2452463db1846ecf88f5f81499dc091b5e36f077d5435cc74047703db86,197,64,55565056,reached,19,True,False,1,1,33,19,9,5,4,27,6,10,112,True,,reached,29,False,False,1,1,27,15,7,5,13,15,6,15,146,False,,reached,9,True,False,1,1,35,24,6,5,5,32,6,5,86,True,
0,ok,True,102797622,True,True,DONE,,,0,327535a0c71c0d6ee5a49386b87239e6fa4e20b0af272c54f5b0a4824fa16ea9,no_explicit_terminal_engine_result,27,EpisodeState.COMPLETED,1,12,55565648,win,True,45,0,True,win,/private/tmp/kaggle_eps/55565056/replays/episode-102797622-replay.json,1,7e015e4f1025e73c7c48de597c24fa0a1baed43ef4ceeb9a133e8279b6b3aced,183,41,55565056,reached,19,True,False,1,1,20,10,4,6,12,15,5,10,128,True,,ended_before,,,,,,,,,,,,,,,,29,reached,9,True,False,1,1,38,30,2,6,5,28,6,5,63,True,
0,ok,True,102785628,False,False,DONE,,,0,e41bf58e36bc5b2b0d56cd4c3e4dcdab24eb04c61679ad85ac150babb6704336,no_explicit_terminal_engine_result,20,EpisodeState.COMPLETED,-1,30,54989781,loss,True,29,0,True,loss,/private/tmp/kaggle_eps/55565056/replays/episode-102785628-replay.json,-1,7e9e2d785add2905ff0b88c71ea147234406b850f4c26685ff8963619142a85d,108,25,55565056,reached,19,True,False,1,1,30,22,7,1,2,22,6,10,91,True,,ended_before,,,,,,,,,,,,,,,,29,reached,9,True,False,1,1,39,30,4,5,4,34,6,5,51,True,
0,ok,True,102774092,True,True,DONE,,,0,022f44ef5f28b6119c265a1e426c53471f14f33e4aa7fe66056ed08756cf6ece,no_explicit_terminal_engine_result,37,EpisodeState.COMPLETED,1,6,55565658,win,True,49,0,True,win,/private/tmp/kaggle_eps/55565056/replays/episode-102774092-replay.json,1,6bea3e2a9c03330629d8ad77626aeece77bd6bf3c9f249a04ef4ee586020e1ea,193,48,55565056,reached,19,True,False,1,1,32,18,11,3,6,16,6,10,141,True,,reached,29,True,False,1,1,16,8,7,1,8,10,6,15,176,True,,reached,9,True,False,1,1,38,27,6,5,7,27,6,5,87,True,
0,ok,True,102762562,True,True,DONE,,,0,ac9061f4f38fef6682335b22a6afd71e9704a12e93440db859e3af5d349b2dab,no_explicit_terminal_engine_result,17,EpisodeState.COMPLETED,1,13,55565071,win,True,32,0,True,win,/private/tmp/kaggle_eps/55565056/replays/episode-102762562-replay.json,1,e1d3f00f282932dfb4c11f27a478dd2f184571118e9d6136c5d6ff4547a1988f,177,32,55565056,ended_before,,,,,,,,,,,,,,,,19,ended_before,,,,,,,,,,,,,,,,29,reached,9,True,False,1,1,37,27,4,6,9,36,6,5,67,True,
0,ok,True,102754773,True,True,DONE,,,0,43e62108915d05457b15d8cb3864f2dbbe23016e1ffacf3ad743c621bb8d12d9,no_explicit_terminal_engine_result,26,EpisodeState.COMPLETED,1,9,55516949,win,False,43,1,True,win,/private/tmp/kaggle_eps/55565056/replays/episode-102754773-replay.json,1,2a8e7c6cb0b074bd1c240e37f0a775aba7670ac0bd22f1c600fb79e89317a6da,154,41,55565056,reached,20,True,False,1,1,14,3,8,3,7,9,6,10,137,True,,ended_before,,,,,,,,,,,,,,,,30,reached,10,True,False,1,1,19,8,6,5,5,18,6,5,104,True,
0,ok,True,102743181,True,True,DONE,,,0,72c659628b2fbebbb8e07b5a8715d30b40d6f1ba19f2109a83e785fc59be0d3a,no_explicit_terminal_engine_result,20,EpisodeState.COMPLETED,1,9,55385758,win,False,33,1,True,win,/private/tmp/kaggle_eps/55565056/replays/episode-102743181-replay.json,1,ce0851b2169e39c609c292ca9e40d8fac699838b45b38643b80a1a14bc8a7047,137,29,55565056,reached,20,True,False,1,1,9,0,5,4,8,21,4,10,135,True,,ended_before,,,,,,,,,,,,,,,,30,reached,10,False,False,1,1,35,28,3,4,13,26,6,5,75,False,
0,ok,True,102736955,True,True,DONE,,,0,b9edeee933761301d89ad02bbb5a605c3a04b1f30a3c46164cd4e5417fee2b75,no_explicit_terminal_engine_result,19,EpisodeState.COMPLETED,1,8,55279421,win,True,44,0,True,win,/private/tmp/kaggle_eps/55565056/replays/episode-102736955-replay.json,1,52ef2b68fa8588ce837ae6e7b56dbb8fa28296a3114ec2eb5caef7dde8ccff56,151,40,55565056,reached,19,False,False,1,1,8,0,5,3,15,12,6,10,146,False,,ended_before,,,,,,,,,,,,,,,,29,reached,9,True,False,1,1,26,13,8,5,12,30,6,5,79,True,
0,ok,True,102725329,True,True,DONE,,,0,827ae1a5226b8fb7a4b26a9781bb5a6cc249d23da29eb4cc1a35737a7459b439,no_explicit_terminal_engine_result,21,EpisodeState.COMPLETED,-1,9,55561838,loss,False,41,1,True,loss,/private/tmp/kaggle_eps/55565056/replays/episode-102725329-replay.json,-1,e43a1c55a59ec28629934062a7442fd8d74763e256f5c7aaa8fd6d3f220b6a88,187,37,55565056,reached,20,True,False,1,1,9,5,3,1,8,5,6,10,179,True,,ended_before,,,,,,,,,,,,,,,,30,reached,10,True,False,1,1,27,17,8,2,6,24,6,5,118,True,
0,ok,True,102713808,False,False,DONE,,,0,33c881e6853a17c653b77c7388efbf7eb58517406800cdd35bf68eb720b6fbd5,no_explicit_terminal_engine_result,34,EpisodeState.COMPLETED,1,40,54328057,win,False,41,1,True,win,/private/tmp/kaggle_eps/55565056/replays/episode-102713808-replay.json,1,f60e87945738d260edaadefd40566fe15756e81f95275881985d9c1212ed75fe,83,40,55565056,reached,20,True,False,1,1,52,32,15,5,10,33,6,10,42,True,,reached,30,True,False,1,1,41,16,21,4,7,15,6,15,70,True,,reached,10,True,False,1,1,54,39,9,6,6,42,6,5,22,True,
0,ok,True,102702242,False,False,DONE,,,0,61ab0f073b2771bb241fb118ee05aa0bec73b46234474159fd97c5c97963f86f,no_explicit_terminal_engine_result,11,EpisodeState.COMPLETED,-1,23,55564095,loss,False,29,1,True,loss,/private/tmp/kaggle_eps/55565056/replays/episode-102702242-replay.json,-1,fb2d03aecf9acf4bc6e1ea013ebfeb7cebbd80e308ec772f59ec259a53073381,150,25,55565056,ended_before,,,,,,,,,,,,,,,,20,ended_before,,,,,,,,,,,,,,,,30,reached,10,True,False,1,1,26,17,6,3,7,28,5,5,122,True,
0,ok,True,102690680,True,True,DONE,,,0,21f0ee882a899667ee83f5eb3b8cea771fe5eed68d14841da4b5151b09244925,no_explicit_terminal_engine_result,18,EpisodeState.COMPLETED,1,7,55515438,win,False,40,1,True,win,/private/tmp/kaggle_eps/55565056/replays/episode-102690680-replay.json,1,4e502f96951c90dbb1431926e6e7b3a33ccefdd8bf2a7b17791bede6e8106cc1,129,39,55565056,ended_before,,,,,,,,,,,,,,,,20,ended_before,,,,,,,,,,,,,,,,30,reached,10,True,False,1,1,17,5,7,5,7,27,6,5,84,True,
0,ok,True,102678588,False,False,DONE,,,1,46611c3fb9fe7ef8c31aa280dfd6a67d1e2ac1428f46e008fe2702f7310a712b,no_explicit_terminal_engine_result,16,EpisodeState.COMPLETED,-1,18,55319973,loss,True,30,1,True,loss,/private/tmp/kaggle_eps/55565056/replays/episode-102678588-replay.json,-1,9d6d12ecdc91a6256be4d1532ee0abcb5f02b7ecc6e38e87080cabdcc6472798,132,30,55565056,ended_before,,,,,,,,,,,,,,,,19,ended_before,,,,,,,,,,,,,,,,29,reached,9,True,False,1,1,35,17,14,4,6,23,6,5,73,True,
0,ok,True,102666960,False,False,DONE,,,0,071deabfcd1989b10bcf205b6391c88b49cb43ba12ae2d15e6ff5cd1dbf3a289,no_explicit_terminal_engine_result,23,EpisodeState.COMPLETED,1,20,55426391,win,True,43,0,True,win,/private/tmp/kaggle_eps/55565056/replays/episode-102666960-replay.json,1,9d6031969ffc089f7a329a1d99bd8965556bbdbe876581e85ad84a61ac4807c6,139,42,55565056,reached,19,True,False,1,1,22,5,14,3,3,29,6,10,114,True,,ended_before,,,,,,,,,,,,,,,,29,reached,9,True,False,1,1,33,22,5,6,4,35,6,5,54,True,
0,ok,True,102655387,False,False,DONE,,,1,3260f51a7dede2a2c3a1585fafd1a6bcda754eb434fdec44b6c5877cf6412c8c,no_explicit_terminal_engine_result,16,EpisodeState.COMPLETED,-1,25,55562495,loss,True,37,1,True,loss,/private/tmp/kaggle_eps/55565056/replays/episode-102655387-replay.json,-1,33b113b59e2eb7d100c2c09f6572c44c5116e43b3946dc0af4becaa32f77a8b3,132,32,55565056,ended_before,,,,,,,,,,,,,,,,19,ended_before,,,,,,,,,,,,,,,,29,reached,9,True,False,1,1,28,9,15,4,9,30,6,5,80,True,
0,ok,True,102643791,False,False,DONE,,,1,9661b8e11c78e960ccd8193e7fdb11c6d10bd71d991d42b76f3fe24ff8f25d56,no_explicit_terminal_engine_result,23,EpisodeState.COMPLETED,1,22,55462705,win,True,42,1,True,win,/private/tmp/kaggle_eps/55565056/replays/episode-102643791-replay.json,1,c4865ac182d0c86eb6384e86e371963675a5228e43221f3ebe2a43f08d6d3b34,130,31,55565056,reached,19,True,False,1,1,22,3,14,5,3,16,6,10,119,True,,ended_before,,,,,,,,,,,,,,,,29,reached,9,False,False,1,1,26,9,12,5,22,21,6,5,92,False,
0,ok,True,102631791,False,False,DONE,,,0,7c905bea07dedab4daf36ee15ed8371b6e0902d283b8ede1465f92637766d6d1,no_explicit_terminal_engine_result,16,EpisodeState.COMPLETED,1,23,55459742,win,False,19,1,True,win,/private/tmp/kaggle_eps/55565056/replays/episode-102631791-replay.json,1,4c5e0f7dccdb7ea9092140b880a9b2e3ec001f165c1d3dbdd2bd4e908c836e1c,120,15,55565056,ended_before,,,,,,,,,,,,,,,,20,ended_before,,,,,,,,,,,,,,,,30,reached,10,True,False,1,1,29,21,2,6,9,36,4,5,73,True,
0,ok,True,102626113,True,True,DONE,,,0,a5d8c08323113bb077ea601f363bc6e411b7e2a82e7f8cbb7e4f4713b03ed0cf,no_explicit_terminal_engine_result,25,EpisodeState.COMPLETED,1,9,55522870,win,True,46,0,True,win,/private/tmp/kaggle_eps/55565056/replays/episode-102626113-replay.json,1,b5254066fa525700d040daf91ca8c1b7bad9cd269a11890169db4fcc9e837aea,112,34,55565056,reached,19,True,False,1,1,17,6,6,5,7,21,6,10,88,True,,ended_before,,,,,,,,,,,,,,,,29,reached,9,True,False,1,1,41,29,6,6,6,36,6,5,34,True,
0,ok,True,102614033,True,True,DONE,,,1,dae0b779e7560be97e51d6eb46768621e59858b083dec8c7c70df79d28d20402,no_explicit_terminal_engine_result,23,EpisodeState.COMPLETED,1,12,55526110,win,True,37,1,True,win,/private/tmp/kaggle_eps/55565056/replays/episode-102614033-replay.json,1,ae1d981f8144b33599394e56657a443ba5f35df521f062ebecb62a60d85db5d5,106,32,55565056,reached,19,True,False,1,1,16,5,7,4,5,16,6,10,96,True,,ended_before,,,,,,,,,,,,,,,,29,reached,9,True,False,1,1,26,15,7,4,3,30,6,5,62,True,
0,ok,True,102612699,False,False,DONE,,,0,77c7b84998e651513b4549cfea53e321d5bf0ea4432d213407e7c258558b34d9,no_explicit_terminal_engine_result,28,EpisodeState.COMPLETED,1,49,55368612,win,False,34,1,True,win,/private/tmp/kaggle_eps/55565056/replays/episode-102612699-replay.json,1,107dced28ded7ad8b1ddfad8cba5260f715c0be809a040040ac1327216c39edc,82,28,55565056,reached,20,True,False,1,1,50,31,14,5,9,27,6,10,64,True,,ended_before,,,,,,,,,,,,,,,,30,reached,10,True,False,1,1,50,36,9,5,7,32,6,5,51,True,
0,ok,True,102602423,True,True,DONE,,,0,888fde9a8f35aa641276d6701c0ad438b2093a248a18dc6e7db5bea53a1e63c6,no_explicit_terminal_engine_result,28,EpisodeState.COMPLETED,1,12,55565468,win,False,43,1,True,win,/private/tmp/kaggle_eps/55565056/replays/episode-102602423-replay.json,1,ab79e6f966601bc3a29eeedf8f90fc000aa845e250bc3eae862bb1f63a1c9fce,141,42,55565056,reached,20,True,False,1,1,18,8,6,4,9,15,6,10,123,True,,ended_before,,,,,,,,,,,,,,,,30,reached,10,True,False,1,1,30,21,4,5,3,34,6,5,78,True,
0,ok,True,102590839,False,False,DONE,,,0,ab9a68fca07b23aa30cf379fe335a67a66205275729ea1fd769325f6bb8af7ef,no_explicit_terminal_engine_result,39,EpisodeState.COMPLETED,1,21,55505593,win,True,48,0,True,win,/private/tmp/kaggle_eps/55565056/replays/episode-102590839-replay.json,1,db2a984ffde7af1ea4ebeba5ea66d7d2fcb89056d4ce44c00d2704a2feb56654,141,34,55565056,reached,19,True,False,1,1,26,13,7,6,6,13,6,10,97,True,,reached,29,False,False,1,1,21,7,8,6,14,6,6,15,120,False,,reached,9,True,False,1,1,40,23,11,6,8,23,6,5,64,True,
0,ok,True,102584391,True,True,DONE,,,0,e73f4590bbca606d91ea49d9d7d6ce3567e7486a9b7a817fd99a78d34adf58eb,no_explicit_terminal_engine_result,43,EpisodeState.COMPLETED,1,6,53942985,win,True,61,0,True,win,/private/tmp/kaggle_eps/55565056/replays/episode-102584391-replay.json,1,15cbd7ec1226167cd22386c9ccb60439160eebb8985bcd7a799605a3eb37184c,258,54,55565056,reached,19,True,False,1,1,25,16,5,4,8,16,3,10,133,True,,reached,29,True,False,1,1,19,11,5,3,9,10,3,15,189,True,,reached,9,False,False,1,1,38,27,6,5,15,24,6,5,72,False,
0,ok,True,102572805,False,False,DONE,,,0,1741e66fe7b18e5e8a743b67145b7824a64d9a5a5843b90ae66ef50de492fef0,no_explicit_terminal_engine_result,22,EpisodeState.COMPLETED,1,24,55553837,win,False,39,1,True,win,/private/tmp/kaggle_eps/55565056/replays/episode-102572805-replay.json,1,e810bf470e9da836b51babf20a35afcfbfcfd516d9161f5caca3e62daa5ee473,144,35,55565056,reached,20,False,False,1,1,25,12,7,6,17,21,2,10,131,False,,ended_before,,,,,,,,,,,,,,,,30,reached,10,True,False,1,1,38,28,4,6,11,31,6,5,69,True,
0,ok,True,102561204,False,False,DONE,,,0,e1f419a6375c80f7484af3ba135c80a93abe038d40c125a11c186ba6da332ae5,no_explicit_terminal_engine_result,19,EpisodeState.COMPLETED,-1,15,55552085,loss,False,41,1,True,loss,/private/tmp/kaggle_eps/55565056/replays/episode-102561204-replay.json,-1,2cabf0d64e0f2cb6febed0a99d6ca4fb3a8da981eb343a70a690f0903c1ccead,196,30,55565056,ended_before,,,,,,,,,,,,,,,,20,ended_before,,,,,,,,,,,,,,,,30,reached,10,True,False,1,1,24,12,6,6,5,32,5,5,90,True,
0,ok,True,102549125,True,True,DONE,,,0,0a22f0ed4dabea8d61e017933af110dd7ba60b568343f43188cd1f20485853ad,no_explicit_terminal_engine_result,26,EpisodeState.COMPLETED,-1,14,55547889,loss,True,45,0,True,loss,/private/tmp/kaggle_eps/55565056/replays/episode-102549125-replay.json,-1,a151c72b5ebe9009cdc80dd9c05a21602891b5719f2c94467238d5a08faa179d,149,41,55565056,reached,19,True,False,1,1,18,5,11,2,6,9,6,10,119,True,,ended_before,,,,,,,,,,,,,,,,29,reached,9,True,False,1,1,33,21,8,4,2,25,6,5,75,True,
0,ok,True,102545604,True,True,DONE,,,0,c524683d7592904d827537eacd89f69c06f7e0b093552169f544994a3720f322,no_explicit_terminal_engine_result,25,EpisodeState.COMPLETED,1,7,55473402,win,True,47,0,True,win,/private/tmp/kaggle_eps/55565056/replays/episode-102545604-replay.json,1,3bcf01fc0ceafd3b322d8c319f843ef5733326fafd667f48d635d0c881505232,132,36,55565056,reached,19,False,False,1,1,9,3,3,3,16,9,5,10,117,False,,ended_before,,,,,,,,,,,,,,,,29,reached,9,True,False,1,1,43,31,6,6,7,26,6,5,54,True,
0,ok,True,102543434,False,False,DONE,,,0,4fc815f5ae6658fee6c1cff8535735f88a71ee8b2202496648fbd8195546e6d7,no_explicit_terminal_engine_result,15,EpisodeState.COMPLETED,1,18,54346228,win,True,32,0,True,win,/private/tmp/kaggle_eps/55565056/replays/episode-102543434-replay.json,1,33525ca04dfbbce406277fb988665daa54988526d6f2234eeb80e2624d5a0031,121,28,55565056,ended_before,,,,,,,,,,,,,,,,19,ended_before,,,,,,,,,,,,,,,,29,reached,9,True,False,1,1,31,21,5,5,5,39,6,5,64,True,
0,ok,True,102541309,False,False,DONE,,,0,aca3ceed19bc2b2d0ed38bcc794209b54106f3fa38789d8892421d6fe63c8ca7,no_explicit_terminal_engine_result,28,EpisodeState.COMPLETED,-1,28,55217091,loss,True,35,0,True,loss,/private/tmp/kaggle_eps/55565056/replays/episode-102541309-replay.json,-1,8dce5e2615f3ac92ac97fd47421a8832c2d27a340e7f110f06e9f1e0840df942,112,31,55565056,reached,19,True,False,1,1,32,12,16,4,5,33,6,10,77,True,,ended_before,,,,,,,,,,,,,,,,29,reached,9,True,False,1,1,37,22,11,4,6,39,6,5,59,True,
0,ok,True,102536891,True,True,DONE,,,0,d2c4614ae68352dcdde785e35500436b4ca34387a11c638e0852e464a70d00b8,no_explicit_terminal_engine_result,27,EpisodeState.COMPLETED,1,12,55434551,win,True,44,0,True,win,/private/tmp/kaggle_eps/55565056/replays/episode-102536891-replay.json,1,29f3e2f176040e96c252837f623b8a6b556b62cab4d69486bce095902c6a2a70,116,43,55565056,reached,19,True,False,1,1,18,4,10,4,5,15,6,10,95,True,,ended_before,,,,,,,,,,,,,,,,29,reached,9,True,False,1,1,35,22,9,4,10,20,6,5,65,True,
0,ok,True,102525391,True,True,DONE,,,0,fdbb88d1a10dbaf2f0c16cc9ab89029c6cd91a7e8649fa9e8f203b14dcb563f7,no_explicit_terminal_engine_result,16,EpisodeState.COMPLETED,1,6,53861061,win,False,27,1,True,win,/private/tmp/kaggle_eps/55565056/replays/episode-102525391-replay.json,1,6c35fbf0ba12766f7cd1bb1068a264bd412f3256cde11f2f0bad2b19760275b2,117,26,55565056,ended_before,,,,,,,,,,,,,,,,20,ended_before,,,,,,,,,,,,,,,,30,reached,10,True,False,1,1,31,21,5,5,6,26,6,5,74,True,
0,ok,True,102520243,True,True,DONE,,,1,9387700bcf042b2a4b5dbe33b160f4867346bf654e583bb33912fd289ba89c63,no_explicit_terminal_engine_result,13,EpisodeState.COMPLETED,1,10,55555586,win,True,21,1,True,win,/private/tmp/kaggle_eps/55565056/replays/episode-102520243-replay.json,1,a7973cdb5569125f8fef59d32daa9c7fbbc57f9d4fee828dea49da37e6a19c7b,94,21,55565056,ended_before,,,,,,,,,,,,,,,,19,ended_before,,,,,,,,,,,,,,,,29,reached,9,True,False,1,1,23,5,13,5,7,29,6,5,77,True,
0,ok,True,102508682,False,False,DONE,,,1,a94a3d7886209e934d3965dcabbb86ce4d8c70acdf252f6dd7fbf0f13fbdbb7c,no_explicit_terminal_engine_result,23,EpisodeState.COMPLETED,1,16,55457362,win,True,43,1,True,win,/private/tmp/kaggle_eps/55565056/replays/episode-102508682-replay.json,1,b95d44c7479b819f3b20cb86bc452b3c1f37ba678f89a4120a1facc729292f39,112,42,55565056,reached,19,True,False,1,1,19,8,7,4,9,9,6,10,102,True,,ended_before,,,,,,,,,,,,,,,,29,reached,9,True,False,1,1,30,21,4,5,8,22,6,5,71,True,
0,ok,True,102497099,True,True,DONE,,,0,9df9b961bf3ea85f46a5796160c350e134d579373bbd2dd19c87b4143a04ab3d,no_explicit_terminal_engine_result,42,EpisodeState.COMPLETED,-1,10,55562588,loss,True,59,0,True,loss,/private/tmp/kaggle_eps/55565056/replays/episode-102497099-replay.json,-1,215cfb4fea0a8d6967bf08e19c90997ea2af9b5526ed4421fc99989d6f10b528,151,37,55565056,reached,19,False,False,1,1,32,22,4,6,18,14,6,10,72,False,,reached,29,False,False,1,1,20,10,5,5,21,7,6,15,99,False,,reached,9,True,False,1,1,46,36,4,6,6,24,6,5,43,True,
0,ok,True,102495081,False,False,DONE,,,0,63cbb23a5fa875d7481821b63d584a8e37c65ce331091c8d0cbe4568459b2e4b,no_explicit_terminal_engine_result,23,EpisodeState.COMPLETED,1,20,55541094,win,True,44,0,True,win,/private/tmp/kaggle_eps/55565056/replays/episode-102495081-replay.json,1,d608d841d2a2144e2eeb9961b0b236ad02dcf2c980b67a72898e89ff611137c5,183,39,55565056,reached,19,True,False,1,1,24,15,5,4,6,24,2,10,154,True,,ended_before,,,,,,,,,,,,,,,,29,reached,9,True,False,1,1,36,25,5,6,6,35,6,5,73,True,
0,ok,True,102490561,True,True,DONE,,,0,43842f30e57f52b954ab62080bf9d2cefb3170670fa133f4864493e1f4621261,no_explicit_terminal_engine_result,28,EpisodeState.COMPLETED,-1,12,55551122,loss,True,40,0,True,loss,/private/tmp/kaggle_eps/55565056/replays/episode-102490561-replay.json,-1,50102fb0f5df5b019a3873bb1c95cee666e2fb0ef072470690519ff986bc862a,108,37,55565056,reached,19,True,False,1,1,29,12,14,3,8,16,6,10,83,True,,ended_before,,,,,,,,,,,,,,,,29,reached,9,True,False,1,1,45,28,12,5,9,35,6,5,45,True,
0,ok,True,102483698,True,True,DONE,,,1,c127502b31ae8815ca4697b822a9112275ade3992cbd0831100248c4d8d62ce6,no_explicit_terminal_engine_result,31,EpisodeState.COMPLETED,1,8,55531607,win,True,51,1,True,win,/private/tmp/kaggle_eps/55565056/replays/episode-102483698-replay.json,1,9cc7772060f054bfd71c1589338685f0c24c0b6c1c0da415866cf158410083b8,134,45,55565056,reached,19,False,False,1,1,21,13,4,4,13,12,6,10,103,False,,reached,29,True,False,1,1,14,3,8,3,5,5,6,15,127,True,,reached,9,True,False,1,1,36,28,4,4,8,28,6,5,61,True,
0,ok,True,102472063,True,True,DONE,,,0,272f9bb4287c5b53a589b8bf2917d15586ffcd5846a0ea2c385727da289bd866,no_explicit_terminal_engine_result,31,EpisodeState.COMPLETED,1,9,54665125,win,True,49,0,True,win,/private/tmp/kaggle_eps/55565056/replays/episode-102472063-replay.json,1,c63b7ad6b65aaf81f4573acfba0a3f22240668e3f286c872827d73399a9ecf6c,144,46,55565056,reached,19,True,False,1,1,17,7,6,4,5,26,4,10,91,True,,reached,29,True,False,1,1,11,2,7,2,7,18,4,15,128,True,,reached,9,True,False,1,1,43,31,6,6,8,33,5,5,44,True,
0,ok,True,102471201,True,True,DONE,,,0,4ae8494f3bfa262f6d5d55eb7fb06223462b24c10587c41835d9202cfa3aedd3,no_explicit_terminal_engine_result,21,EpisodeState.COMPLETED,1,4,55287252,win,True,39,0,True,win,/private/tmp/kaggle_eps/55565056/replays/episode-102471201-replay.json,1,272d752c628099ed2e203ef21ac8ee83d33d0e52ec77bf11e4f2b1bf788250f3,160,39,55565056,reached,19,True,False,1,1,28,2,24,2,9,11,5,10,144,True,,ended_before,,,,,,,,,,,,,,,,29,reached,9,True,False,1,1,40,23,13,4,5,33,6,5,74,True,
0,ok,True,102461285,True,True,DONE,,,0,a727b6ab134fe6c605c53e775c7ab04592fa0e51f3240726a5ceb51be11836b9,no_explicit_terminal_engine_result,17,EpisodeState.COMPLETED,1,12,55198254,win,True,37,0,True,win,/private/tmp/kaggle_eps/55565056/replays/episode-102461285-replay.json,1,be312260453dcaa20de70121ab9df9b8f08871db4d426ea3478be2844ac90dc1,140,35,55565056,ended_before,,,,,,,,,,,,,,,,19,ended_before,,,,,,,,,,,,,,,,29,reached,9,True,False,1,1,35,19,13,3,4,32,6,5,74,True,
0,ok,True,102456501,False,False,DONE,,,0,05298e359e7f7b3b50530285df660890fe9dad73e69374463e03b43b0b25dfd8,no_explicit_terminal_engine_result,20,EpisodeState.COMPLETED,-1,27,54977875,loss,True,35,0,True,loss,/private/tmp/kaggle_eps/55565056/replays/episode-102456501-replay.json,-1,091de0993bbaeddab8c17106f120b9870d52d4463147fbd197a306eb5cd8895b,120,34,55565056,reached,19,True,False,1,1,27,21,5,1,6,22,5,10,111,True,,ended_before,,,,,,,,,,,,,,,,29,reached,9,True,False,1,1,44,30,10,4,5,27,6,5,54,True,
0,ok,True,102445219,False,False,DONE,,,0,9439541c4d7548abd675a06662bfa9f5bdde03caeb43c8a19a1434c72bbbc894,no_explicit_terminal_engine_result,14,EpisodeState.COMPLETED,-1,20,55549453,loss,True,35,0,True,loss,/private/tmp/kaggle_eps/55565056/replays/episode-102445219-replay.json,-1,e81d647f4590011470a91288026aeb672b3d4f9aa43a939d245a61574f4eee26,129,33,55565056,ended_before,,,,,,,,,,,,,,,,19,ended_before,,,,,,,,,,,,,,,,29,reached,9,True,False,1,1,32,16,13,3,10,17,6,5,95,True,
0,ok,True,102433210,True,True,DONE,,,0,7c72e89278c6102186c8a5571afbab35e2cb0558cf20742c1b9f4aae81bccfc8,no_explicit_terminal_engine_result,19,EpisodeState.COMPLETED,1,13,55166948,win,True,30,0,True,win,/private/tmp/kaggle_eps/55565056/replays/episode-102433210-replay.json,1,8bd70a629f1249595db87973a64dafaecf346b249781e9c0b02b941d17ac62a3,88,29,55565056,reached,19,True,False,1,1,13,0,7,6,7,26,6,10,86,True,,ended_before,,,,,,,,,,,,,,,,29,reached,9,True,False,1,1,27,17,4,6,9,32,6,5,53,True,
0,ok,True,102421633,True,True,DONE,,,0,fb8d452e474cac3a7229ea4cf61724b9f638e2cd60fa151d7f6f0e3eee7c7f42,no_explicit_terminal_engine_result,37,EpisodeState.COMPLETED,1,10,55565153,win,True,48,0,True,win,/private/tmp/kaggle_eps/55565056/replays/episode-102421633-replay.json,1,fe36c1a6289add21a52d73c7c40eca5032b423d93402fbc7b090fcd44563578c,172,45,55565056,reached,19,True,False,1,1,26,13,10,3,6,11,5,10,130,True,,reached,29,True,False,1,1,13,4,6,3,7,6,5,15,154,True,,reached,9,True,False,1,1,44,29,10,5,9,32,5,5,58,True,
0,ok,True,102410042,False,False,DONE,,,0,9584dbbf83bc2e4ea05e3dc0136c9b71f6080867475cf0aa5aa0862b691076c3,no_explicit_terminal_engine_result,15,EpisodeState.COMPLETED,-1,18,55176053,loss,False,30,1,True,loss,/private/tmp/kaggle_eps/55565056/replays/episode-102410042-replay.json,-1,7a176210067f60e2d307c3ac83926d84d2ec08596f4731fe3fc138fcb8b57fe5,180,24,55565056,ended_before,,,,,,,,,,,,,,,,20,ended_before,,,,,,,,,,,,,,,,30,reached,10,False,False,1,1,29,18,6,5,14,31,4,5,114,False,
0,ok,True,102398213,False,False,DONE,,,0,b7eb23cee23c850e1cd70ce47986d6f1a5ec60cc1d3886a56bf526ec8ea3f2bf,no_explicit_terminal_engine_result,18,EpisodeState.COMPLETED,-1,21,55550530,loss,True,34,0,True,loss,/private/tmp/kaggle_eps/55565056/replays/episode-102398213-replay.json,-1,90a6a5929f40eb613f30fdc476c40c56afde9de4dce572d6702960000d96140b,194,34,55565056,ended_before,,,,,,,,,,,,,,,,19,ended_before,,,,,,,,,,,,,,,,29,reached,9,True,False,1,1,41,31,4,6,12,34,4,5,60,True,
0,ok,True,102398504,True,True,DONE,,,0,8c21603503701fbd75ac0e4685f5fb8e799494f52f052481e4ca865f06a8a8da,no_explicit_terminal_engine_result,17,EpisodeState.COMPLETED,1,8,55556436,win,True,38,0,True,win,/private/tmp/kaggle_eps/55565056/replays/episode-102398504-replay.json,1,210e95da69b0508eba39830c6046a71a944c7be51c5d9d6d815e0641f06ac94f,130,36,55565056,ended_before,,,,,,,,,,,,,,,,19,ended_before,,,,,,,,,,,,,,,,29,reached,9,True,False,1,1,23,9,9,5,9,20,6,5,76,True,
0,ok,True,102386955,False,False,DONE,,,0,652ee4a7272dba8f8e0e76a91bbf789cf746692df61a92b71509bd34d760c3e9,no_explicit_terminal_engine_result,14,EpisodeState.COMPLETED,-1,28,54835722,loss,True,35,0,True,loss,/private/tmp/kaggle_eps/55565056/replays/episode-102386955-replay.json,-1,51ca8401ca94304e4eebb43694d09b490af46f4228139122606761ce3dc243c9,116,32,55565056,ended_before,,,,,,,,,,,,,,,,19,ended_before,,,,,,,,,,,,,,,,29,reached,9,True,False,1,1,37,24,10,3,4,28,6,5,82,True,
0,ok,True,102374948,False,False,DONE,,,0,bc0b2dd6aa46e013a53ee7ca8da6b254a5c1f730541b288e9e61a1373aec0c19,no_explicit_terminal_engine_result,14,EpisodeState.COMPLETED,-1,23,54781880,loss,True,26,0,True,loss,/private/tmp/kaggle_eps/55565056/replays/episode-102374948-replay.json,-1,49544d834ab46e7145ad99a5d761d7cded08bcef41286bfa1225b0bb273aa459,108,26,55565056,ended_before,,,,,,,,,,,,,,,,19,ended_before,,,,,,,,,,,,,,,,29,reached,9,True,False,1,1,27,13,11,3,4,28,6,5,75,True,
0,ok,True,102363367,False,False,DONE,,,0,e7eef2d9c8d913506ebf054d6d64d84eb5208c3f76c4814838649795b150f757,no_explicit_terminal_engine_result,17,EpisodeState.COMPLETED,1,17,55547077,win,True,29,0,True,win,/private/tmp/kaggle_eps/55565056/replays/episode-102363367-replay.json,1,2f9388711f70705ea95eff437caf297295560fc1ced9037bffa1ae82782b704f,92,25,55565056,ended_before,,,,,,,,,,,,,,,,19,ended_before,,,,,,,,,,,,,,,,29,reached,9,True,False,1,1,26,12,8,6,4,28,6,5,65,True,
0,ok,True,102357080,True,True,DONE,,,0,993a45d544a2f5a88d2f7ecd1d0f212b2545fee876840c676eec3efde1a2c242,no_explicit_terminal_engine_result,28,EpisodeState.COMPLETED,1,14,54831441,win,False,47,1,True,win,/private/tmp/kaggle_eps/55565056/replays/episode-102357080-replay.json,1,a020a0985da3a1e3871478aa02b87e3864194302a3c8bea580c7d5a94fc58622,124,46,55565056,reached,20,True,False,1,1,21,9,10,2,5,13,6,10,99,True,,ended_before,,,,,,,,,,,,,,,,30,reached,10,True,False,1,1,40,22,15,3,7,29,6,5,63,True,
0,ok,True,102345490,False,False,DONE,,,0,df86e6de852c072eea5fdb8db85157e116f035e46d55be2f5a014c4232558173,no_explicit_terminal_engine_result,10,EpisodeState.COMPLETED,-1,36,55429730,loss,True,14,0,True,loss,/private/tmp/kaggle_eps/55565056/replays/episode-102345490-replay.json,-1,3a67c44231b431eece1311189711e911cc6a0f687acdfb89680fe968dd7cf229,72,11,55565056,ended_before,,,,,,,,,,,,,,,,19,ended_before,,,,,,,,,,,,,,,,29,reached,9,True,False,1,1,36,13,19,4,3,41,6,5,67,True,
0,ok,True,102341284,False,False,DONE,,,0,1e6fae92fffc6df39eda62b0d890d7895e3deea164d9ccb4a7a9d630e732e930,no_explicit_terminal_engine_result,20,EpisodeState.COMPLETED,1,15,55259343,win,False,25,1,True,win,/private/tmp/kaggle_eps/55565056/replays/episode-102341284-replay.json,1,22b43d780b2f76009925a461fe2bbc3ea603d3eb10112d38752a23ab6b8bf5da,111,23,55565056,reached,20,True,False,1,1,15,4,6,5,7,27,6,10,106,True,,ended_before,,,,,,,,,,,,,,,,30,reached,10,True,False,1,1,32,19,7,6,10,32,6,5,62,True,
0,ok,True,102336352,False,False,DONE,,,0,2c10c6422cde6767603b6ca697a9ddc762d2383f4d92eaa5cc63e3a9da124441,no_explicit_terminal_engine_result,23,EpisodeState.COMPLETED,1,16,55070338,win,True,43,0,True,win,/private/tmp/kaggle_eps/55565056/replays/episode-102336352-replay.json,1,68fd00f29f1d0f22c63d78987ffb52822077b83ca1957d733433c505bd82a5fc,141,42,55565056,reached,19,True,False,1,1,16,4,8,4,9,19,5,10,125,True,,ended_before,,,,,,,,,,,,,,,,29,reached,9,True,False,1,1,24,13,5,6,4,30,6,5,87,True,
0,ok,True,102327901,False,False,DONE,,,0,418f1450424b9a4be07f68397362925593ef6c024870b0dfb8d980c1ed0e9bc4,no_explicit_terminal_engine_result,16,EpisodeState.COMPLETED,-1,28,55565661,loss,True,34,0,True,loss,/private/tmp/kaggle_eps/55565056/replays/episode-102327901-replay.json,-1,89e31125a3a746537fd7e99c281828692bc4954ef16b509d7b8de4a1f62bf1b4,115,31,55565056,ended_before,,,,,,,,,,,,,,,,19,ended_before,,,,,,,,,,,,,,,,29,reached,9,True,False,1,1,33,20,9,4,4,35,6,5,62,True,
0,ok,True,102319361,False,False,DONE,,,1,d59bd9348a43c303eaa1a161ed8fb0437b5a4dd951f7145c05e6516f66b89120,no_explicit_terminal_engine_result,58,EpisodeState.COMPLETED,-1,23,54943691,loss,True,71,1,True,loss,/private/tmp/kaggle_eps/55565056/replays/episode-102319361-replay.json,-1,df63ea3f745175a9931ed80f72c2be3abb9a5a118ced3fd565d2acbfd5ffc235,172,63,55565056,reached,19,True,False,1,1,37,24,8,5,12,19,6,10,83,True,,reached,29,False,False,1,1,35,17,14,4,15,13,4,15,105,False,,reached,9,True,False,1,1,40,29,6,5,7,25,6,5,67,True,
0,ok,True,102307715,False,False,DONE,,,0,e9bc621fc9c2d3191bd52d3cdc49990e6d384af50d32ef4caae6cd397cb81f2e,no_explicit_terminal_engine_result,13,EpisodeState.COMPLETED,-1,17,53848978,loss,False,19,1,True,loss,/private/tmp/kaggle_eps/55565056/replays/episode-102307715-replay.json,-1,180afef7a8e177fe58e54bbb9b51b1cd0c2602da3e775cb09dffc248172303ad,189,18,55565056,ended_before,,,,,,,,,,,,,,,,20,ended_before,,,,,,,,,,,,,,,,30,reached,10,True,False,1,1,17,8,7,2,4,34,6,5,155,True,
0,ok,True,102296120,False,False,DONE,,,0,dab284fe403cf13ac7461a350e90886a45cd4479965da054470ec2993d74c10d,no_explicit_terminal_engine_result,13,EpisodeState.COMPLETED,-1,26,55565121,loss,False,28,1,True,loss,/private/tmp/kaggle_eps/55565056/replays/episode-102296120-replay.json,-1,f842e377d5f093fe9b064fefca49ebb0742c910accc1b876159088c47aa8f0d6,114,25,55565056,ended_before,,,,,,,,,,,,,,,,20,ended_before,,,,,,,,,,,,,,,,30,reached,10,True,False,1,1,32,25,4,3,2,33,6,5,72,True,
0,ok,True,102284497,False,False,DONE,,,0,094db7155ad424a7608630aa25a1e10d063068b4041120f350562f912f5d0e11,no_explicit_terminal_engine_result,29,EpisodeState.COMPLETED,1,15,54271489,win,True,32,0,True,win,/private/tmp/kaggle_eps/55565056/replays/episode-102284497-replay.json,1,f3ddeb7cb74e0c55368c6dfd8b8121d1015ec93aebadcc85bbaaf4e3326223ec,88,31,55565056,reached,19,True,False,1,1,30,20,4,6,10,29,6,10,63,True,,reached,29,True,False,1,1,15,4,5,6,12,19,6,15,84,True,,reached,9,True,False,1,1,40,32,2,6,5,34,6,5,45,True,
0,ok,True,102276571,False,False,DONE,,,0,aa0a478fbc0c7c7c8eee74685722fd53d45441de139ea1c24269d3e2fe64e7ac,no_explicit_terminal_engine_result,15,EpisodeState.COMPLETED,1,15,55050839,win,True,28,0,True,win,/private/tmp/kaggle_eps/55565056/replays/episode-102276571-replay.json,1,c99ee198762156eea9b532d7a95f9b88fe16c36fc47dd623084d394aa48ee56b,93,26,55565056,ended_before,,,,,,,,,,,,,,,,19,ended_before,,,,,,,,,,,,,,,,29,reached,9,True,False,1,1,29,21,3,5,6,30,6,5,63,True,
0,ok,True,102264987,True,True,DONE,,,0,1016d89f463432d2c64bcd49bee36710e13cd60fc92f875f6d59dc56bd004d13,no_explicit_terminal_engine_result,42,EpisodeState.COMPLETED,-1,11,55564705,loss,True,59,0,True,loss,/private/tmp/kaggle_eps/55565056/replays/episode-102264987-replay.json,-1,6787fb7245c612131709fd54a0c7752ad808207399045748f360ec2afcfcc92a,156,54,55565056,reached,19,True,False,1,1,35,26,4,5,11,24,6,10,68,True,,reached,29,True,False,1,1,24,17,3,4,5,13,6,15,109,True,,reached,9,True,False,1,1,48,39,3,6,8,30,6,5,40,True,
0,ok,True,102253481,False,False,DONE,,,0,1267b7c2581a98926a99c9e40bad19b83250e19d00ad764ea00fc1067b21e085,no_explicit_terminal_engine_result,18,EpisodeState.COMPLETED,1,29,55216968,win,False,36,1,True,win,/private/tmp/kaggle_eps/55565056/replays/episode-102253481-replay.json,1,683c5d81a82638e509a3523613e489f5364a1f5a3f5b7c0bc2830e873699f1a3,150,24,55565056,ended_before,,,,,,,,,,,,,,,,20,ended_before,,,,,,,,,,,,,,,,30,reached,10,False,False,1,1,38,30,2,6,14,29,4,5,88,False,
0,ok,True,102241960,False,False,DONE,,,0,f9a26675d19ae1600bea48bbed7ee761a6be44c007c129cd57c7011a8443a647,no_explicit_terminal_engine_result,13,EpisodeState.COMPLETED,-1,30,55561335,loss,False,36,1,True,loss,/private/tmp/kaggle_eps/55565056/replays/episode-102241960-replay.json,-1,09fcc6f335e5ff9059008cc425197a34830f45b41df57c0b377b68a1b1e3d876,143,35,55565056,ended_before,,,,,,,,,,,,,,,,20,ended_before,,,,,,,,,,,,,,,,30,reached,10,True,False,1,1,32,12,18,2,12,14,6,5,108,True,
0,ok,True,102237649,True,True,DONE,,,0,06abd8938f4e98db279b6a40748304ae788707e4e7d2fa4bcfada4ea7eb05910,no_explicit_terminal_engine_result,18,EpisodeState.COMPLETED,-1,14,55432807,loss,True,43,0,True,loss,/private/tmp/kaggle_eps/55565056/replays/episode-102237649-replay.json,-1,7544002cfb522378b9b40c6802770639b588d6ecb123f502a648cc4edfc475c6,210,35,55565056,ended_before,,,,,,,,,,,,,,,,19,ended_before,,,,,,,,,,,,,,,,29,reached,9,True,False,1,1,29,17,7,5,8,26,5,5,107,True,
0,ok,True,102225208,False,False,DONE,,,0,006294ffb15188f15d2c77d3193ed1da1590590c9ec9a24950f0c63516733422,no_explicit_terminal_engine_result,14,EpisodeState.COMPLETED,1,16,55300522,win,False,33,1,True,win,/private/tmp/kaggle_eps/55565056/replays/episode-102225208-replay.json,1,31d282fe2f51b86148b47172dc9740780452e0b988fa41c5cf56636f2457bc03,111,31,55565056,ended_before,,,,,,,,,,,,,,,,20,ended_before,,,,,,,,,,,,,,,,30,reached,10,True,False,1,1,20,7,10,3,6,29,6,5,85,True,
0,ok,True,102225466,True,True,DONE,,,1,15722aa3a1738dd405f9f683b7b6f8630304edf5ef3df32c885fc9fb0a9ee048,no_explicit_terminal_engine_result,39,EpisodeState.COMPLETED,1,13,54646702,win,True,52,1,True,win,/private/tmp/kaggle_eps/55565056/replays/episode-102225466-replay.json,1,a5212911ebd41ce42e7539edb8df7a6ada5a03d9a5f1bd3857dad6601bd75266,122,49,55565056,reached,19,True,False,1,1,31,23,3,5,5,16,6,10,82,True,,reached,29,True,False,1,1,27,14,8,5,7,11,6,15,98,True,,reached,9,True,False,1,1,36,26,5,5,5,28,6,5,55,True,
0,ok,True,102225608,False,False,DONE,,,0,1064256a41f2e54ad541d2e616c697d4b3168627242244d7588b3e21a89c0098,no_explicit_terminal_engine_result,46,EpisodeState.COMPLETED,1,20,53892414,win,False,57,1,True,win,/private/tmp/kaggle_eps/55565056/replays/episode-102225608-replay.json,1,4d2bb20d90373c942aa25ec0d42e5c4bedf5ec875f07f80958e6760139ad3189,131,42,55565056,reached,20,True,False,1,1,31,17,8,6,10,17,6,10,78,True,,reached,30,True,False,1,1,23,12,5,6,12,11,6,15,95,True,,reached,10,False,False,1,1,46,32,8,6,21,22,6,5,49,False,
0,ok,True,102213647,False,False,DONE,,,0,a5286ec32e9c77e8193376b9378e0756d893bc2cebfb80c5c8c1cf824af3a8bb,no_explicit_terminal_engine_result,16,EpisodeState.COMPLETED,-1,19,55564138,loss,True,30,0,True,loss,/private/tmp/kaggle_eps/55565056/replays/episode-102213647-replay.json,-1,de86e6758d10bbd3a70a67ba5c9ef88bf411d72f05ee288abed4ea5c37c8b213,186,22,55565056,ended_before,,,,,,,,,,,,,,,,19,ended_before,,,,,,,,,,,,,,,,29,reached,9,True,False,1,1,35,26,3,6,7,40,4,5,82,True,
0,ok,True,102202104,False,False,DONE,,,0,c74e09dd985b85a1bca365f8552eded7aca6b6c6a711d76791d2c36a5fad550f,no_explicit_terminal_engine_result,17,EpisodeState.COMPLETED,1,20,55538991,win,True,30,0,True,win,/private/tmp/kaggle_eps/55565056/replays/episode-102202104-replay.json,1,338bbf2e7eb6e50fc379bf6e527e1184633b4536a27d5acdfcbdb5f650667fc6,137,28,55565056,ended_before,,,,,,,,,,,,,,,,19,ended_before,,,,,,,,,,,,,,,,29,reached,9,True,False,1,1,27,18,3,6,9,45,4,5,73,True,
0,ok,True,102190516,False,False,DONE,,,0,e8756128baf84c735e88110327a4975babaa0ac596b4f4674ea69aba3a552bfa,no_explicit_terminal_engine_result,41,EpisodeState.COMPLETED,1,20,55545212,win,True,48,0,True,win,/private/tmp/kaggle_eps/55565056/replays/episode-102190516-replay.json,1,4446c98d44cbb27cec117571319ce9c5a45f81dabcd8f39b15073c9ac1f013a1,122,44,55565056,reached,19,True,False,1,1,42,31,5,6,5,22,6,10,57,True,,reached,29,True,False,1,1,30,17,7,6,6,14,6,15,96,True,,reached,9,True,False,1,1,49,39,4,6,10,33,6,5,34,True,
0,ok,True,102178498,True,True,DONE,,,0,0ffa513368c760468ab2e0c38869e5853ae704cdbcc4518751ae2d66c5ae324e,no_explicit_terminal_engine_result,33,EpisodeState.COMPLETED,1,13,55449238,win,True,52,0,True,win,/private/tmp/kaggle_eps/55565056/replays/episode-102178498-replay.json,1,a87f2cf42db69ba4443b98f513d6b0eb4732cf6a61a8baca6584598f4b72e1c1,141,45,55565056,reached,19,True,False,1,1,14,7,4,3,2,16,6,10,110,True,,reached,29,True,False,1,1,13,2,8,3,4,7,6,15,133,True,,reached,9,True,False,1,1,29,24,1,4,9,22,6,5,77,True,
0,ok,True,102166939,True,True,DONE,,,0,084c7705eac5f9cf8ede991587d921c0902634af5d062c0ad0a114070f67acf6,no_explicit_terminal_engine_result,12,EpisodeState.COMPLETED,1,13,53873267,win,False,32,1,True,win,/private/tmp/kaggle_eps/55565056/replays/episode-102166939-replay.json,1,43d243fbaf1a5350dc0f9121af19a6f83dc93ba5a793026ef0f94fb6f226141f,108,25,55565056,ended_before,,,,,,,,,,,,,,,,20,ended_before,,,,,,,,,,,,,,,,30,reached,10,False,False,1,1,17,9,4,4,22,21,6,5,97,False,
0,ok,True,102159780,True,True,DONE,,,0,eacdc0a9d849ca75d457a858661ad1397036a425f83f06b152b775b8a64b2939,no_explicit_terminal_engine_result,26,EpisodeState.COMPLETED,1,11,54902993,win,False,42,1,True,win,/private/tmp/kaggle_eps/55565056/replays/episode-102159780-replay.json,1,913db95d40ec62eb1c94650bed7173f62098c5fb0bde0132245f2ece9a82b6e1,162,41,55565056,reached,20,True,False,1,1,24,16,4,4,6,16,4,10,130,True,,ended_before,,,,,,,,,,,,,,,,30,reached,10,True,False,1,1,36,27,3,6,10,28,5,5,73,True,
0,ok,True,102148237,False,False,DONE,,,0,89b48423b6e63071ea6d0942b1985892312827d9dbf30d7347c2bd90db074325,no_explicit_terminal_engine_result,18,EpisodeState.COMPLETED,1,28,55564858,win,False,37,1,True,win,/private/tmp/kaggle_eps/55565056/replays/episode-102148237-replay.json,1,1c066623e7cb2ea7c5f877880a3c74fc392c2dd3a62ab0c5fe0c5bf2907880bc,111,28,55565056,ended_before,,,,,,,,,,,,,,,,20,ended_before,,,,,,,,,,,,,,,,30,reached,10,True,False,1,1,38,18,17,3,6,19,6,5,76,True,
0,ok,True,102147426,False,False,DONE,,,0,263f863e3aaa1fc8fd930e2a6cfc89590d0e52ea3983928148e6fb83e5affefd,no_explicit_terminal_engine_result,17,EpisodeState.COMPLETED,-1,17,55555795,loss,False,33,1,True,loss,/private/tmp/kaggle_eps/55565056/replays/episode-102147426-replay.json,-1,98089246d6bfeef2e5e2d18368e49b6c6ec70b34b11e7de5a4b05a8399fc5494,163,33,55565056,ended_before,,,,,,,,,,,,,,,,20,ended_before,,,,,,,,,,,,,,,,30,reached,10,True,False,1,1,28,19,5,4,5,40,5,5,106,True,
0,ok,True,102135824,True,True,DONE,,,0,31a2d257f978663c06aa3dce97f31678dd3609cc942ce7c859a2574cb2baea40,no_explicit_terminal_engine_result,28,EpisodeState.COMPLETED,1,7,55555892,win,False,46,1,True,win,/private/tmp/kaggle_eps/55565056/replays/episode-102135824-replay.json,1,c40ef23174f9a26c630957234e4840d75136087dc2f099d319bebebcba2a42b7,153,42,55565056,reached,20,True,False,1,1,30,10,16,4,10,28,6,10,90,True,,ended_before,,,,,,,,,,,,,,,,30,reached,10,True,False,1,1,48,38,4,6,8,37,6,5,32,True,
0,ok,True,102133066,False,False,DONE,,,0,f11c3b912b005daee5a31438a287c81c8c6f695e37323bc4df1347bf3d20c4c8,no_explicit_terminal_engine_result,13,EpisodeState.COMPLETED,1,17,54378032,win,True,31,0,True,win,/private/tmp/kaggle_eps/55565056/replays/episode-102133066-replay.json,1,01ea69f46bc0c8021ce7b7abcd64c6032ee80a786aa8c2bce51ced6d0b55af62,160,29,55565056,ended_before,,,,,,,,,,,,,,,,19,ended_before,,,,,,,,,,,,,,,,29,reached,9,True,False,1,1,17,6,7,4,7,20,6,5,140,True,
0,ok,True,102127089,True,True,DONE,,,0,db5f0b08bb657fbbc31e26ac50dfce86c72d24964d64c27ae0e0f78c724a8b85,no_explicit_terminal_engine_result,20,EpisodeState.COMPLETED,1,6,55527552,win,False,35,1,True,win,/private/tmp/kaggle_eps/55565056/replays/episode-102127089-replay.json,1,5a9e8593d6b2149fc69e5faf0cde7a2797bc72b52d201d30672f2e1ad054e949,133,35,55565056,reached,20,True,False,1,1,6,0,4,2,4,23,1,10,127,True,,ended_before,,,,,,,,,,,,,,,,30,reached,10,True,False,1,1,40,30,5,5,5,35,6,5,53,True,
0,ok,True,102115482,False,False,DONE,,,1,e4f774b9fe37174956b955d536d67c11c2749c6b3931d907806541f4afb92712,no_explicit_terminal_engine_result,16,EpisodeState.COMPLETED,-1,16,55505439,loss,True,27,1,True,loss,/private/tmp/kaggle_eps/55565056/replays/episode-102115482-replay.json,-1,376874d96c06f53eadc4532f15840cf34d7205ab3b5a810f67c8382c83aa4c8c,119,25,55565056,ended_before,,,,,,,,,,,,,,,,19,ended_before,,,,,,,,,,,,,,,,29,reached,9,True,False,1,1,34,16,14,4,7,40,6,5,63,True,
0,ok,True,102113658,True,True,DONE,,,0,0a61176694277e849d3eede19d8154b255aafd6c976399910d76aa31dbc50037,no_explicit_terminal_engine_result,23,EpisodeState.COMPLETED,1,9,55364378,win,True,43,0,True,win,/private/tmp/kaggle_eps/55565056/replays/episode-102113658-replay.json,1,4dbefeb0c07590477104d8e99b270ce9af65fea436bca32d64d74b850c3d7c6e,152,38,55565056,reached,19,True,False,1,1,13,3,7,3,4,34,6,10,119,True,,ended_before,,,,,,,,,,,,,,,,29,reached,9,True,False,1,1,31,20,6,5,3,40,6,5,69,True,
0,ok,True,102105877,False,False,DONE,,,0,dfc834c346994dd0b5a4bd1ec4167f263fa7152b945961f02b629209bc919fd8,no_explicit_terminal_engine_result,15,EpisodeState.COMPLETED,1,30,55565194,win,True,31,0,True,win,/private/tmp/kaggle_eps/55565056/replays/episode-102105877-replay.json,1,ad692c504bd578b94eb1cdb94f269d10875be996f04f119ef04d22a415fea62f,116,20,55565056,ended_before,,,,,,,,,,,,,,,,19,ended_before,,,,,,,,,,,,,,,,29,reached,9,True,False,1,1,43,33,6,4,9,28,4,5,71,True,
0,ok,True,102105011,True,True,DONE,,,0,a4cf428717a3cda033150951403b5cb4bd7b6466177b5f3152b3130834ff8e0d,no_explicit_terminal_engine_result,18,EpisodeState.COMPLETED,1,9,54346715,win,False,38,1,True,win,/private/tmp/kaggle_eps/55565056/replays/episode-102105011-replay.json,1,c06fc0ac8487a4b310fb4439068c00262c5be637d865348b70cfcc763b32a943,134,35,55565056,ended_before,,,,,,,,,,,,,,,,20,ended_before,,,,,,,,,,,,,,,,30,reached,10,True,False,1,1,20,9,7,4,6,29,6,5,79,True,
0,ok,True,102095451,False,False,DONE,,,0,129c5993a00d1b75d54663edc7455e831c941af9f475c32ccf6226bd424df6b3,no_explicit_terminal_engine_result,28,EpisodeState.COMPLETED,1,24,55295395,win,False,39,1,True,win,/private/tmp/kaggle_eps/55565056/replays/episode-102095451-replay.json,1,776b6d8959fd9563ca220f43c54439794bfa35575e13660d1632bea1885bb9c9,133,35,55565056,reached,20,True,False,1,1,24,4,17,3,3,19,6,10,115,True,,ended_before,,,,,,,,,,,,,,,,30,reached,10,True,False,1,1,42,29,7,6,4,26,6,5,62,True,
0,ok,True,102083882,True,True,DONE,,,0,29792fdb840299033e626aef60a2035e9ba6e5299573534cff4767d16933d870,no_explicit_terminal_engine_result,14,EpisodeState.COMPLETED,-1,14,54401578,loss,True,29,0,True,loss,/private/tmp/kaggle_eps/55565056/replays/episode-102083882-replay.json,-1,fd6aaf5247ce2e8f4ead5cefd31aee4b5e7b7a09e922578306903ce6d7aaf67b,112,26,55565056,ended_before,,,,,,,,,,,,,,,,19,ended_before,,,,,,,,,,,,,,,,29,reached,9,True,False,1,1,22,13,6,3,11,29,6,5,85,True,
0,ok,True,102072319,True,True,DONE,,,0,8212898b4474414c4f1495fe2c34de2a7565888baa90b7c6aa0ea0a9c1c88e19,no_explicit_terminal_engine_result,27,EpisodeState.COMPLETED,-1,6,55049846,loss,False,54,1,True,loss,/private/tmp/kaggle_eps/55565056/replays/episode-102072319-replay.json,-1,9f11e0e76f51f088d77db611b63bef2e76040832728df31fe0a38284dcb7a661,189,43,55565056,reached,20,True,False,1,1,16,7,6,3,5,12,5,10,142,True,,ended_before,,,,,,,,,,,,,,,,30,reached,10,False,False,1,1,31,20,5,6,24,23,5,5,82,False,
0,ok,True,102060267,False,False,DONE,,,0,eeb8641f0211c487b01beda8535fc4ef28b83970a438f540ca09fd6571407a21,no_explicit_terminal_engine_result,9,EpisodeState.COMPLETED,-1,25,55518280,loss,False,12,1,True,loss,/private/tmp/kaggle_eps/55565056/replays/episode-102060267-replay.json,-1,1b3cb2e3e64784258ef98e810f7261ab6031a24a44f5f4a1798cf49b875ab558,72,10,55565056,ended_before,,,,,,,,,,,,,,,,20,ended_before,,,,,,,,,,,,,,,,30,ended_before,,,,,,,,,,,,,,,,10
0,ok,True,102048706,False,False,DONE,,,0,cfe12640fe5eb203875f13994d7277016ad2b55058b43b60fba5087490955185,no_explicit_terminal_engine_result,18,EpisodeState.COMPLETED,-1,28,55544332,loss,True,45,0,True,loss,/private/tmp/kaggle_eps/55565056/replays/episode-102048706-replay.json,-1,77eebfd5fefb85f060e6f446ee7fc46d8735eacc5028a95005150a4a05175f35,166,40,55565056,ended_before,,,,,,,,,,,,,,,,19,ended_before,,,,,,,,,,,,,,,,29,reached,9,False,False,1,1,32,24,3,5,15,25,6,5,84,False,
0,ok,True,102037171,False,False,DONE,,,0,e967ab4240700d07d9a725027c0db40009be56b8c3f22585a8e93d0c9fde9e49,no_explicit_terminal_engine_result,22,EpisodeState.COMPLETED,-1,20,55194735,loss,True,40,0,True,loss,/private/tmp/kaggle_eps/55565056/replays/episode-102037171-replay.json,-1,c5b210604619a7b4064b37e5297420b19dc93ba303e6f27f0940e7e2cf02cd38,130,34,55565056,reached,19,True,False,1,1,27,17,9,1,4,17,5,10,114,True,,ended_before,,,,,,,,,,,,,,,,29,reached,9,True,False,1,1,41,29,8,4,9,34,5,5,60,True,
0,ok,True,102025640,False,False,DONE,,,1,139c10d8472d7e673d28ee7d75d49dcd74b7a6bcf4ac81fb744c0e8694e96e44,no_explicit_terminal_engine_result,19,EpisodeState.COMPLETED,1,26,55562495,win,True,35,1,True,win,/private/tmp/kaggle_eps/55565056/replays/episode-102025640-replay.json,1,93912afea3fc7a8f2194428c595be09066c30426645e31ef50154c9d11dc258c,116,33,55565056,reached,19,True,False,1,1,26,2,18,6,4,13,6,10,109,True,,ended_before,,,,,,,,,,,,,,,,29,reached,9,True,False,1,1,28,7,15,6,2,35,6,5,83,True,
0,ok,True,102013631,False,False,DONE,,,0,ea5a2094443f30024618ad597bb8863cb4524b8ad69d158354e6021f63d729bd,no_explicit_terminal_engine_result,25,EpisodeState.COMPLETED,-1,22,55560712,loss,False,48,1,True,loss,/private/tmp/kaggle_eps/55565056/replays/episode-102013631-replay.json,-1,250e54cf11320fe9b51cea952d7ff3dd75626034ea19b12dec33f29f2c5a5f81,161,43,55565056,reached,20,True,False,1,1,27,21,3,3,3,13,5,10,133,True,,ended_before,,,,,,,,,,,,,,,,30,reached,10,False,False,1,1,38,32,2,4,14,26,5,5,75,False,
0,ok,True,102002053,False,False,DONE,,,0,2413fa3cbba824b8a76541784d0fb2ba4d11dfe96ba1269e49e3789b0170e0b4,no_explicit_terminal_engine_result,12,EpisodeState.COMPLETED,-1,35,55392580,loss,True,31,0,True,loss,/private/tmp/kaggle_eps/55565056/replays/episode-102002053-replay.json,-1,b94c52a93b3489f373124334f2b22a6101110adff8cb51dabbbe235d8087dd98,86,31,55565056,ended_before,,,,,,,,,,,,,,,,19,ended_before,,,,,,,,,,,,,,,,29,reached,9,True,False,1,1,36,30,4,2,8,22,6,5,63,True,
0,ok,True,101992066,True,True,DONE,,,0,09095344028f3e7b453be961f262665b7f7c0fadaa2e270c598fa78d9ac271a1,no_explicit_terminal_engine_result,23,EpisodeState.COMPLETED,1,10,55554355,win,True,34,0,True,win,/private/tmp/kaggle_eps/55565056/replays/episode-101992066-replay.json,1,8049819bd213906f94562c68333268e62c266b3387f63f12c5764e1c2812a3bb,103,32,55565056,reached,19,True,False,1,1,13,2,6,5,3,28,6,10,93,True,,ended_before,,,,,,,,,,,,,,,,29,reached,9,True,False,1,1,27,20,2,5,11,37,6,5,59,True,
0,ok,True,101987891,True,True,DONE,,,1,04cd32a03b63bdfcfc4f5823ab4b4c04e7105101274b5135c60c2e8427d4c597,no_explicit_terminal_engine_result,23,EpisodeState.COMPLETED,1,13,55565717,win,True,44,1,True,win,/private/tmp/kaggle_eps/55565056/replays/episode-101987891-replay.json,1,7f4ba4a3a67e20960d4d131d5f4642dabe54950fae14865515fd55ecd32099ba,117,37,55565056,reached,19,True,False,1,1,15,5,5,5,5,19,6,10,100,True,,ended_before,,,,,,,,,,,,,,,,29,reached,9,True,False,1,1,27,17,5,5,5,28,6,5,64,True,
0,ok,True,101976576,False,False,DONE,,,0,30820e7b15dec711c6a5a44c1b9fa2ea4374da676accacd0e9f789d3f8933d90,no_explicit_terminal_engine_result,29,EpisodeState.COMPLETED,-1,23,54995032,loss,False,44,1,True,loss,/private/tmp/kaggle_eps/55565056/replays/episode-101976576-replay.json,-1,f4910d011ed3fdcc0e116e8aabe30e012ddd37eea139672a473651f4e002cfa9,145,44,55565056,reached,20,True,False,1,1,31,22,8,1,8,7,4,10,117,True,,ended_before,,,,,,,,,,,,,,,,30,reached,10,True,False,1,1,39,29,6,4,9,19,6,5,68,True,
0,ok,True,101970609,False,False,DONE,,,0,eef72cc42c2647d84fff8281eff3cde8d9f7ad40e2654560714169889fadf1eb,no_explicit_terminal_engine_result,28,EpisodeState.COMPLETED,-1,18,53939729,loss,True,43,0,True,loss,/private/tmp/kaggle_eps/55565056/replays/episode-101970609-replay.json,-1,07f134faea09c3e6d72592576332f486fbab1ac371f06a82d158ff73f29e7ac9,112,40,55565056,reached,19,True,False,1,1,24,15,6,3,6,16,6,10,77,True,,ended_before,,,,,,,,,,,,,,,,29,reached,9,False,False,1,1,36,22,8,6,15,22,6,5,45,False,
0,ok,True,101959116,False,False,DONE,,,0,47ec3f554d0cd73fd2f49eec1a7d315710236d80e25dd326b744f652743a1bbb,no_explicit_terminal_engine_result,10,EpisodeState.COMPLETED,-1,31,54668642,loss,True,17,0,True,loss,/private/tmp/kaggle_eps/55565056/replays/episode-101959116-replay.json,-1,dddd643bc0fbbb7ec96939282b05ac06fd3ef70b0e1bac0b45970ffcf06fba0a,86,13,55565056,ended_before,,,,,,,,,,,,,,,,19,ended_before,,,,,,,,,,,,,,,,29,reached,9,True,False,1,1,31,12,15,4,3,36,6,5,74,True,
0,ok,True,101947565,True,True,DONE,,,0,feee2db67805a52e801afa1338309b8226c17ca09b0fac9a696b8a8e41021a0a,no_explicit_terminal_engine_result,15,EpisodeState.COMPLETED,1,13,54034712,win,True,31,0,True,win,/private/tmp/kaggle_eps/55565056/replays/episode-101947565-replay.json,1,441598ea16e42ae87c2051130a9b4acdc2fb046a2d65ca33e014a55254c01845,104,28,55565056,ended_before,,,,,,,,,,,,,,,,19,ended_before,,,,,,,,,,,,,,,,29,reached,9,True,False,1,1,22,9,7,6,9,24,6,5,82,True,
0,ok,True,101935559,False,False,DONE,,,0,799d1bd368419b2539be73f0a012da76316b7373e983c2fa1d3aec8e2962ca90,no_explicit_terminal_engine_result,22,EpisodeState.COMPLETED,-1,15,55559654,loss,True,38,0,True,loss,/private/tmp/kaggle_eps/55565056/replays/episode-101935559-replay.json,-1,6da0fb15515e03d213e7dca6bb506e9c29748e56f377bea633c0519bd486f91a,214,33,55565056,reached,19,True,False,1,1,15,6,7,2,5,26,2,10,187,True,,ended_before,,,,,,,,,,,,,,,,29,reached,9,False,False,1,1,31,22,3,6,14,30,6,5,73,False,
0,ok,True,101923978,False,False,DONE,,,1,3ebfeaa5b7cd208dd006943fec382d1b35bc7dcd99fd8f77a9313bdcd3a41b99,no_explicit_terminal_engine_result,17,EpisodeState.COMPLETED,1,23,55551998,win,True,31,1,True,win,/private/tmp/kaggle_eps/55565056/replays/episode-101923978-replay.json,1,4c1da017a8656d5157dda263c308677ca9262dcbbd6bcd7aeb4001e4ac5ecf55,113,27,55565056,ended_before,,,,,,,,,,,,,,,,19,ended_before,,,,,,,,,,,,,,,,29,reached,9,False,False,1,1,33,19,10,4,13,20,6,5,74,False,
0,ok,True,101921596,True,True,DONE,,,0,b17ff9d9bff0dc91a71a1546f92002d6c45adf1f72d356934d8ce4b7373ed04c,no_explicit_terminal_engine_result,27,EpisodeState.COMPLETED,1,7,55565670,win,True,43,0,True,win,/private/tmp/kaggle_eps/55565056/replays/episode-101921596-replay.json,1,2f91815c947d6be5f82c9c3b6807af636ba25304e608e028e28389a0da4caaa7,140,38,55565056,reached,19,True,False,1,1,12,4,4,4,8,26,5,10,103,True,,ended_before,,,,,,,,,,,,,,,,29,reached,9,False,False,1,1,27,17,4,6,15,33,6,5,62,False,
0,ok,True,101910048,False,False,DONE,,,0,2083bc13dde121d791f56e7eb20ee390ecd23b8ccbf104e5ef0eb48c3766a7c0,no_explicit_terminal_engine_result,21,EpisodeState.COMPLETED,1,18,55529364,win,True,43,0,True,win,/private/tmp/kaggle_eps/55565056/replays/episode-101910048-replay.json,1,7c59d0bdfcd90295288b0b956f1d385c0ce97314b997c744708699bf97cc50a9,144,42,55565056,reached,19,True,False,1,1,18,2,13,3,7,16,6,10,137,True,,ended_before,,,,,,,,,,,,,,,,29,reached,9,True,False,1,1,26,10,12,4,5,33,6,5,94,True,
0,ok,True,101907975,True,True,DONE,,,0,68a66fb94ed3f29d144d1a20bc33e65ba882853713c97b6b5809c982d061f9e4,no_explicit_terminal_engine_result,34,EpisodeState.COMPLETED,-1,8,54902930,loss,True,51,0,True,loss,/private/tmp/kaggle_eps/55565056/replays/episode-101907975-replay.json,-1,1ee83405dfc615be6ce0f66e3ecba71e8de7eeeb2f8fc56cdcf33202a2616bbe,157,48,55565056,reached,19,True,False,1,1,16,8,5,3,4,23,6,10,104,True,,reached,29,True,False,1,1,9,3,5,1,5,3,4,15,143,True,,reached,9,True,False,1,1,37,26,6,5,4,41,6,5,56,True,
0,ok,True,101896441,False,False,DONE,,,0,789af29cb43b0d971db135a4740189ac79c1023958464cc4678edfef232599d5,no_explicit_terminal_engine_result,11,EpisodeState.COMPLETED,-1,27,55541651,loss,False,25,1,True,loss,/private/tmp/kaggle_eps/55565056/replays/episode-101896441-replay.json,-1,46ef557d6a87143f950c7bf1ec40afbd4f1d134962fbedd65f967bcf2a248e4c,135,23,55565056,ended_before,,,,,,,,,,,,,,,,20,ended_before,,,,,,,,,,,,,,,,30,reached,10,True,False,1,1,27,15,10,2,6,25,6,5,121,True,
0,ok,True,101895256,True,True,DONE,,,0,acd93eda2a8c64ea06741c79f6bd4be806a849cd541a536949c1bc258cc5e95e,no_explicit_terminal_engine_result,20,EpisodeState.COMPLETED,1,11,55449707,win,False,40,1,True,win,/private/tmp/kaggle_eps/55565056/replays/episode-101895256-replay.json,1,695f80da7afe870e058656bd7bfc67f04ae2eb86922587dbae4c587c4b94327d,197,40,55565056,reached,20,True,False,1,1,11,3,3,5,10,16,2,10,194,True,,ended_before,,,,,,,,,,,,,,,,30,reached,10,True,False,1,1,28,17,6,5,10,33,5,5,104,True,
0,ok,True,101883635,False,False,DONE,,,0,d6bb64c39bec02d3dbe72aea8e8768f76aa73a71d486f2e78505dd2ad6f8cbd8,no_explicit_terminal_engine_result,42,EpisodeState.COMPLETED,1,18,55559612,win,False,51,1,True,win,/private/tmp/kaggle_eps/55565056/replays/episode-101883635-replay.json,1,0883ad932c61421602cf7d94feb96ab084edb631be9af0646909733e4b0bb08e,133,36,55565056,reached,20,True,False,1,1,31,25,2,4,11,14,5,10,92,True,,reached,30,True,False,1,1,25,16,5,4,8,8,4,15,112,True,,reached,10,False,False,1,1,40,35,1,4,14,26,6,5,58,False,
0,ok,True,101872046,True,True,DONE,,,0,39f7afa3b4d085e97a18c05a8e98deee09f0e9043e94b038842719ca65ffe438,no_explicit_terminal_engine_result,27,EpisodeState.COMPLETED,1,13,54715469,win,True,46,0,True,win,/private/tmp/kaggle_eps/55565056/replays/episode-101872046-replay.json,1,2f5fee28427842f117485791eb9f363ea34c8953d76733f52560f25f130efedb,209,37,55565056,reached,19,False,False,1,1,25,14,6,5,16,15,5,10,144,False,,ended_before,,,,,,,,,,,,,,,,29,reached,9,True,False,1,1,46,38,2,6,3,31,6,5,39,True,
0,ok,True,101868222,True,True,DONE,,,0,e59a3f94bdd2955da1bf429fb79eea5bfac91e40bbbe27cbee1762fb64f48957,no_explicit_terminal_engine_result,31,EpisodeState.COMPLETED,1,14,54271489,win,True,34,0,True,win,/private/tmp/kaggle_eps/55565056/replays/episode-101868222-replay.json,1,45260f8fd2102f630ba004c88a8f0ba12e42b1ddc5707c92211bcca1ded18998,86,30,55565056,reached,19,True,False,1,1,40,29,5,6,11,23,6,10,57,True,,reached,29,False,False,1,1,22,6,10,6,14,7,6,15,76,False,,reached,9,True,False,1,1,50,41,3,6,7,28,6,5,40,True,
0,ok,True,101859540,True,True,DONE,,,0,e100533bb1ddade61774c26bdba2f7b1c56f307c1b7cb4ed8c6111c0013176b9,no_explicit_terminal_engine_result,26,EpisodeState.COMPLETED,-1,10,54789348,loss,True,50,0,True,loss,/private/tmp/kaggle_eps/55565056/replays/episode-101859540-replay.json,-1,01cfea7e5d5ee12fe85dd5cbc12f74d41c9a0070cdc45ab75a98d972515f5b4e,136,47,55565056,reached,19,True,False,1,1,17,13,2,2,5,11,6,10,108,True,,ended_before,,,,,,,,,,,,,,,,29,reached,9,False,False,1,1,35,29,0,6,14,27,6,5,53,False,
0,ok,True,101859574,True,True,DONE,,,0,7abd45cd848d7b0101da4c019f3cdf5f08e03c63ee545a974957cbc31c8b2a4d,no_explicit_terminal_engine_result,31,EpisodeState.COMPLETED,1,8,54607909,win,True,47,0,True,win,/private/tmp/kaggle_eps/55565056/replays/episode-101859574-replay.json,1,dd29ffeb5189931880f075d4c5c7fe0c18b7e5948ad9e5a1b77aa32278212fbe,137,42,55565056,reached,19,True,False,1,1,31,8,18,5,10,13,6,10,97,True,,reached,29,True,False,1,1,8,1,6,1,4,8,6,15,131,True,,reached,9,False,False,1,1,49,39,4,6,13,19,6,5,46,False,
0,ok,True,101847974,False,False,DONE,,,0,df5586c04d12c6f0becfe4692568b99ca648bb24fa46248873d26aaa15b484e0,no_explicit_terminal_engine_result,16,EpisodeState.COMPLETED,-1,15,55562947,loss,True,33,0,True,loss,/private/tmp/kaggle_eps/55565056/replays/episode-101847974-replay.json,-1,60d4056978eaba66aca3585937b5dcab34ac8451759f84bdf7fc523839533d4b,128,33,55565056,ended_before,,,,,,,,,,,,,,,,19,ended_before,,,,,,,,,,,,,,,,29,reached,9,True,False,1,1,28,14,10,4,9,27,6,5,76,True,
0,ok,True,101844061,False,False,DONE,,,0,1cc9ff26ebb0a0a5ed19644b4b5b435b482c9eff31772a46cefd39acdcb0de99,no_explicit_terminal_engine_result,24,EpisodeState.COMPLETED,1,17,55528731,win,False,56,1,True,win,/private/tmp/kaggle_eps/55565056/replays/episode-101844061-replay.json,1,8e4a7f1986b3b251571bc799e391d053cd39544bd9cc210c18b7110b81e544d7,243,46,55565056,reached,20,False,False,1,1,18,9,6,3,23,10,2,10,213,False,,ended_before,,,,,,,,,,,,,,,,30,reached,10,True,False,1,1,33,19,8,6,12,22,5,5,102,True,
0,ok,True,101832455,True,True,DONE,,,0,bbdde014ebe075c31ebb9287108fa007e315ae7385b82aaaf86502931ae17692,no_explicit_terminal_engine_result,34,EpisodeState.COMPLETED,1,12,54670983,win,False,45,1,True,win,/private/tmp/kaggle_eps/55565056/replays/episode-101832455-replay.json,1,c372374f34a94b8c577e2db66d135fa073e067ce0730f19251e5daa690e4d349,123,39,55565056,reached,20,True,False,1,1,29,18,5,6,8,28,6,10,74,True,,reached,30,True,False,1,1,15,7,2,6,12,15,6,15,106,True,,reached,10,True,False,1,1,36,27,3,6,4,34,6,5,49,True,
0,ok,True,101820889,True,True,DONE,,,0,6d5c874c5ba40137a0ea99bd90d1275af0f303d8c335bb47db1aa46d978f4878,no_explicit_terminal_engine_result,59,EpisodeState.COMPLETED,1,7,54843141,win,True,59,0,True,win,/private/tmp/kaggle_eps/55565056/replays/episode-101820889-replay.json,1,9640720f1bbdf22580e99731094f6db606f426d771c95afb0ceedcca64f7de20,173,34,55565056,reached,19,False,False,1,1,44,32,7,5,13,33,6,10,68,False,,reached,29,True,False,1,1,34,26,3,5,10,24,6,15,108,True,,reached,9,True,False,1,1,51,38,7,6,8,39,6,5,30,True,
0,ok,True,101809184,False,False,DONE,,,0,017c40d8757646d5521af337e981caca3346699dc291b2d5e94b3da24c9946be,no_explicit_terminal_engine_result,15,EpisodeState.COMPLETED,1,16,55531768,win,True,36,0,True,win,/private/tmp/kaggle_eps/55565056/replays/episode-101809184-replay.json,1,879b3dbc3b15dbba6d46afc634b38f929b620fec0573636ca31500424385659c,133,29,55565056,ended_before,,,,,,,,,,,,,,,,19,ended_before,,,,,,,,,,,,,,,,29,reached,9,False,False,1,1,29,14,10,5,13,23,6,5,92,False,
0,ok,True,101806643,False,False,DONE,,,0,e87a0eddf039ab9ae1e76473fd8d37f8b545ad731814e3ffb9f78232fd7be2ff,no_explicit_terminal_engine_result,26,EpisodeState.COMPLETED,-1,23,54424562,loss,True,40,0,True,loss,/private/tmp/kaggle_eps/55565056/replays/episode-101806643-replay.json,-1,7fb59fa1af46f9c024ee008d8a3b7130737d1934280f7bf0caef596aba9d72ae,108,38,55565056,reached,19,True,False,1,1,29,16,10,3,6,26,6,10,88,True,,ended_before,,,,,,,,,,,,,,,,29,reached,9,True,False,1,1,39,28,6,5,9,33,6,5,47,True,
0,ok,True,101804929,False,False,DONE,,,0,e00f569028551939991911bf095b203f126483f50d4ead63b241ce6620872bb7,no_explicit_terminal_engine_result,9,EpisodeState.COMPLETED,1,31,54296451,win,True,22,0,True,win,/private/tmp/kaggle_eps/55565056/replays/episode-101804929-replay.json,1,5f753ab0b8598b584892f1bf9a276f209e0bd2c4b9eb68073e3d917ea66f3883,70,19,55565056,ended_before,,,,,,,,,,,,,,,,19,ended_before,,,,,,,,,,,,,,,,29,reached,9,False,False,1,1,31,15,10,6,13,21,6,5,67,False,
0,ok,True,101803163,False,False,DONE,,,1,7f5eeaf295539a94c9c2e5520ef79d260d6b1a077a09dbcd11f25aa296145b5c,no_explicit_terminal_engine_result,6,EpisodeState.COMPLETED,-1,43,54878335,loss,True,10,1,True,loss,/private/tmp/kaggle_eps/55565056/replays/episode-101803163-replay.json,-1,d23eb3552895d1e6620babf782f62f11150ecf8f18db120051ce7a1bf2058a7a,53,9,55565056,ended_before,,,,,,,,,,,,,,,,19,ended_before,,,,,,,,,,,,,,,,29,ended_before,,,,,,,,,,,,,,,,9
0,ok,True,101800156,False,False,DONE,,,0,d3b5b43c1c82233fd5fead4dc37560f909a878721ffff00eaebeaa97e98112b8,no_explicit_terminal_engine_result,29,EpisodeState.COMPLETED,-1,20,53877385,loss,False,45,1,True,loss,/private/tmp/kaggle_eps/55565056/replays/episode-101800156-replay.json,-1,0cb638742ceba01660594838925dee11f75d91c1f2a469bd4317356c03d9e9b8,114,42,55565056,reached,20,True,False,1,1,29,17,9,3,8,11,6,10,79,True,,ended_before,,,,,,,,,,,,,,,,30,reached,10,True,False,1,1,44,34,6,4,12,22,6,5,46,True,
0,ok,True,101794879,False,False,DONE,,,0,c7909ef9219aea6669e0998a71f27ffab9a0c6b4fbae39b52112d3195739bb1a,no_explicit_terminal_engine_result,18,EpisodeState.COMPLETED,-1,24,55557738,loss,True,38,0,True,loss,/private/tmp/kaggle_eps/55565056/replays/episode-101794879-replay.json,-1,156b14049bae4bdd323b9799b69e13599503951b51a9a619f84d07a9102fbc36,154,35,55565056,ended_before,,,,,,,,,,,,,,,,19,ended_before,,,,,,,,,,,,,,,,29,reached,9,True,False,1,1,28,17,7,4,3,33,6,5,81,True,
0,ok,True,101786904,True,True,DONE,,,0,0d4be087150d644717de0f484888d741b548d5172398b48b5b2d1849a1ca5287,no_explicit_terminal_engine_result,42,EpisodeState.COMPLETED,1,10,55564354,win,False,61,1,True,win,/private/tmp/kaggle_eps/55565056/replays/episode-101786904-replay.json,1,e8aff116697b668c27a054fc6b67ccad6a3dc6ed4188bc284d9b1015e4a9accc,181,54,55565056,reached,20,True,False,1,1,21,12,6,3,7,12,5,10,127,True,,reached,30,True,False,1,1,17,9,6,2,11,7,3,15,155,True,,reached,10,False,False,1,1,29,15,10,4,15,15,6,5,94,False,
0,ok,True,101785255,True,True,DONE,,,1,99e89fdb460f7ffa8d4f47a98958a2315d7bf6b51b33284446424503a521cfef,no_explicit_terminal_engine_result,37,EpisodeState.COMPLETED,1,12,55120605,win,True,42,1,True,win,/private/tmp/kaggle_eps/55565056/replays/episode-101785255-replay.json,1,59ce6032f0da7807e895ff080f0fb462e84f177afb045a3b085e110667205759,119,37,55565056,reached,19,True,False,1,1,22,9,7,6,10,30,6,10,80,True,,reached,29,True,False,1,1,15,4,5,6,9,25,6,15,101,True,,reached,9,True,False,1,1,52,41,5,6,8,37,6,5,38,True,
0,ok,True,101773689,False,False,DONE,,,1,e9f7f2378903fec55be450dd0f0d5d883f53be64b3dce111617b22eb7acb371b,no_explicit_terminal_engine_result,18,EpisodeState.COMPLETED,-1,21,55559013,loss,True,34,1,True,loss,/private/tmp/kaggle_eps/55565056/replays/episode-101773689-replay.json,-1,4a0dbf36508a6a6bfc13a623ef60e7c6d2b10056ba26863d95cace2e8539ac06,141,30,55565056,ended_before,,,,,,,,,,,,,,,,19,ended_before,,,,,,,,,,,,,,,,29,reached,9,True,False,1,1,30,13,13,4,5,36,6,5,86,True,
0,ok,True,101769734,True,False,DONE,,,0,21d98993b46f5876646fa31c0da4ad600c6f63951f2a8498f31f7b2470e9fc8d,no_explicit_terminal_engine_result,38,EpisodeState.COMPLETED,1,9,54431845,win,False,56,1,True,win,/private/tmp/kaggle_eps/55565056/replays/episode-101769734-replay.json,1,fe246906cc7a23604c492fbb61a706fd18ac586c7c3336560b01b8acf5b59338,194,21,55565056,reached,20,False,False,1,1,27,19,2,6,17,20,5,10,113,False,,reached,30,False,False,1,1,19,12,2,5,21,15,2,15,151,False,,reached,10,False,False,1,1,42,36,0,6,16,31,6,5,67,False,
0,ok,True,101758180,False,False,DONE,,,0,eaa9eb866b5adbc6546d391825422ba151f15be7e31140fdcd936be7d496de35,no_explicit_terminal_engine_result,17,EpisodeState.COMPLETED,-1,19,55548763,loss,False,34,1,True,loss,/private/tmp/kaggle_eps/55565056/replays/episode-101758180-replay.json,-1,382d60b8825f056f1ee5eac632729f85857099130484bde0ba2ed62c7614e68a,116,33,55565056,ended_before,,,,,,,,,,,,,,,,20,ended_before,,,,,,,,,,,,,,,,30,reached,10,True,False,1,1,22,14,4,4,4,23,6,5,86,True,
0,ok,True,101755341,False,False,DONE,,,1,d14d92b89c8a9b45d1342ddc96377636525a411bfa06b6dbf18c2548e455c939,no_explicit_terminal_engine_result,16,EpisodeState.COMPLETED,-1,25,55388626,loss,True,31,1,True,loss,/private/tmp/kaggle_eps/55565056/replays/episode-101755341-replay.json,-1,7a1a47b90013741cbd97b56bf8a35cdf74e12003bd1bf5d34f03b2b9af8a137f,124,31,55565056,ended_before,,,,,,,,,,,,,,,,19,ended_before,,,,,,,,,,,,,,,,29,reached,9,True,False,1,1,33,13,16,4,2,38,6,5,78,True,
0,ok,True,101754163,False,False,DONE,,,0,036e7ff765cde721ad4bb999c562484e7a2ad8d41673eb9dcabaa3ca29f475cf,no_explicit_terminal_engine_result,32,EpisodeState.COMPLETED,1,27,55492762,win,False,51,1,True,win,/private/tmp/kaggle_eps/55565056/replays/episode-101754163-replay.json,1,88f24a3c22ab54ae1110a23ac07bec8ec618e1025d5845989f8449b9d3427c82,189,48,55565056,reached,20,True,False,1,1,34,27,3,4,5,27,4,10,128,True,,reached,30,True,False,1,1,28,19,5,4,9,21,2,15,172,True,,reached,10,True,False,1,1,42,33,3,6,10,32,6,5,69,True,
0,ok,True,101747401,True,True,DONE,,,0,3930fb3acd80fd19fd11aa85a1fdafef2217879ee8047d35e2273df8435b6490,no_explicit_terminal_engine_result,25,EpisodeState.COMPLETED,1,8,55549424,win,True,44,0,True,win,/private/tmp/kaggle_eps/55565056/replays/episode-101747401-replay.json,1,ca8c850b8dc195f55ff19bce93db621b5f7930f8c63f5ccedaeedd23d27da38e,156,42,55565056,reached,19,True,False,1,1,13,10,1,2,3,16,6,10,141,True,,ended_before,,,,,,,,,,,,,,,,29,reached,9,True,False,1,1,36,26,6,4,9,25,6,5,76,True,
0,ok,True,101735833,True,True,DONE,,,0,bd605b1624990f0ac2bf6f504e440e3b9f847e92a5c01c8667afc4104a0672a5,no_explicit_terminal_engine_result,39,EpisodeState.COMPLETED,-1,14,54273205,loss,False,59,1,True,loss,/private/tmp/kaggle_eps/55565056/replays/episode-101735833-replay.json,-1,babe16edd0bfdda0b141268e2b21667220e33391e208d71a48704ea499a78bc1,144,55,55565056,reached,20,True,False,1,1,25,21,1,3,10,17,6,10,89,True,,reached,30,True,False,1,1,21,16,3,2,7,11,6,15,111,True,,reached,10,True,False,1,1,45,34,6,5,7,29,6,5,44,True,
0,ok,True,101724248,False,False,DONE,,,0,aad3bb6b1a1a1e985ac21ac3794d14e7ad3ddc2de0927f9d38e3019d287c82e3,no_explicit_terminal_engine_result,8,EpisodeState.COMPLETED,-1,39,54013172,loss,True,10,0,True,loss,/private/tmp/kaggle_eps/55565056/replays/episode-101724248-replay.json,-1,6d794d7cef56f8fa07dfda28a961cb3a4ec929dd708bf6712d9f193b2e71dd65,62,8,55565056,ended_before,,,,,,,,,,,,,,,,19,ended_before,,,,,,,,,,,,,,,,29,ended_before,,,,,,,,,,,,,,,,9
0,ok,True,101712219,True,True,DONE,,,0,62045a599c8bde05ae9891389e0ea8ab4b556e7c7d6d7f40103908a3d2fa615b,no_explicit_terminal_engine_result,19,EpisodeState.COMPLETED,1,9,53940000,win,True,38,0,True,win,/private/tmp/kaggle_eps/55565056/replays/episode-101712219-replay.json,1,93791b0caf46ed1ed7300cffd960cd8795ae3c6f4e234be242e5f4bede288802,112,38,55565056,reached,19,True,False,1,1,9,0,5,4,5,6,6,10,109,True,,ended_before,,,,,,,,,,,,,,,,29,reached,9,True,False,1,1,35,27,4,4,4,34,6,5,55,True,
0,ok,True,101711850,False,False,DONE,,,0,ddc1d2fcbbdf23d30e0c47f6184f7b62323d512fec537e39bc09fdd1da861782,no_explicit_terminal_engine_result,17,EpisodeState.COMPLETED,-1,26,55551761,loss,False,39,1,True,loss,/private/tmp/kaggle_eps/55565056/replays/episode-101711850-replay.json,-1,35eca13ea659eee46d87c9687ecbf0805329d9496acd2b4c5d84308697c1e704,187,35,55565056,ended_before,,,,,,,,,,,,,,,,20,ended_before,,,,,,,,,,,,,,,,30,reached,10,False,False,1,1,35,26,4,5,17,21,6,5,101,False,
0,ok,True,101700616,False,False,DONE,,,0,9497b7d6b5e3ae1c37f53dd0c10aa6227049ec0e7d57ab8b5dcca8e1db989914,no_explicit_terminal_engine_result,18,EpisodeState.COMPLETED,-1,28,54281180,loss,True,38,0,True,loss,/private/tmp/kaggle_eps/55565056/replays/episode-101700616-replay.json,-1,72fc7c2b763ad25b5e74146f56b7dfee2f109ce95c53778f77cacc7bb55074bc,118,37,55565056,ended_before,,,,,,,,,,,,,,,,19,ended_before,,,,,,,,,,,,,,,,29,reached,9,True,False,1,1,40,35,1,4,10,27,6,5,62,True,
0,ok,True,101689025,False,False,DONE,,,0,c4890f97a8bbad6c8d45108128ee8d91bb3241d42ed0d341179246de119f7189,no_explicit_terminal_engine_result,26,EpisodeState.COMPLETED,-1,23,55558362,loss,True,40,0,True,loss,/private/tmp/kaggle_eps/55565056/replays/episode-101689025-replay.json,-1,448a5b387a335924a9456508d95521c905f53cda9587ae41b144afb67ff1ce38,108,25,55565056,reached,19,True,False,1,1,24,11,7,6,12,7,6,10,90,True,,ended_before,,,,,,,,,,,,,,,,29,reached,9,False,False,1,1,37,25,6,6,25,28,6,5,43,False,
0,ok,True,101682441,False,False,DONE,,,0,3bc7327e21a74f1f06f0e3d967e30c5add77b1763ed4c2f0aa00b9a9c5b887ef,no_explicit_terminal_engine_result,17,EpisodeState.COMPLETED,1,16,55511081,win,True,36,0,True,win,/private/tmp/kaggle_eps/55565056/replays/episode-101682441-replay.json,1,becda83f3829a8fb13dc4640225f6c7a040d1094ffe94064aa9f486222e69857,127,33,55565056,ended_before,,,,,,,,,,,,,,,,19,ended_before,,,,,,,,,,,,,,,,29,reached,9,True,False,1,1,27,12,11,4,10,22,6,5,83,True,
0,ok,True,101670848,True,True,DONE,,,1,6ec5b9046a1f3036ba181c6be109f4416979ba1b8fdf7ea168b9b5e68469efea,no_explicit_terminal_engine_result,18,EpisodeState.COMPLETED,-1,11,55302241,loss,True,35,1,True,loss,/private/tmp/kaggle_eps/55565056/replays/episode-101670848-replay.json,-1,c7bb9d61ed787124a68607f74993d3e0a764bc5b6921ce10bfcaf78cd5659508,216,32,55565056,ended_before,,,,,,,,,,,,,,,,19,ended_before,,,,,,,,,,,,,,,,29,reached,9,False,False,1,1,35,24,6,5,13,32,4,5,82,False,
0,ok,True,101659263,True,True,DONE,,,0,424ee565810c3802a4ddd8f4a4ec3ff533f2986407543fe3a500b30f309a95fa,no_explicit_terminal_engine_result,25,EpisodeState.COMPLETED,1,11,55555786,win,True,39,0,True,win,/private/tmp/kaggle_eps/55565056/replays/episode-101659263-replay.json,1,c842637139fc0f7240db254c8c8c91f72b9aee25021ce02ecdd22d1ba553fe97,147,36,55565056,reached,19,True,False,1,1,16,6,7,3,4,31,4,10,119,True,,ended_before,,,,,,,,,,,,,,,,29,reached,9,True,False,1,1,29,16,8,5,7,38,6,5,71,True,
0,ok,True,101654160,False,False,DONE,,,0,05ddbc4582fc1971b96bf0add10ba0cfcb9530080bfb3316b928bd2eaff29ec2,no_explicit_terminal_engine_result,28,EpisodeState.COMPLETED,-1,29,55545621,loss,True,46,0,True,loss,/private/tmp/kaggle_eps/55565056/replays/episode-101654160-replay.json,-1,0cb36f2cd8c20d33d43230dfd2c8b81b815878609bbe050c12ca43819f92b58a,125,42,55565056,reached,19,False,False,1,1,33,27,2,4,17,22,5,10,93,False,,ended_before,,,,,,,,,,,,,,,,29,reached,9,True,False,1,1,43,34,3,6,4,31,6,5,54,True,
0,ok,True,101642530,False,False,DONE,,,1,ebf3b15561fb1ea3d71115274e0ff535579a4517c06c8c53a4adb2cc8263e205,no_explicit_terminal_engine_result,14,EpisodeState.COMPLETED,-1,26,55462209,loss,True,26,1,True,loss,/private/tmp/kaggle_eps/55565056/replays/episode-101642530-replay.json,-1,e36f41776d714c0f94ae979ea21c78ab2316301dd40b960efa63ebed0b6961d4,121,24,55565056,ended_before,,,,,,,,,,,,,,,,19,ended_before,,,,,,,,,,,,,,,,29,reached,9,True,False,1,1,30,13,13,4,6,27,6,5,82,True,
0,ok,True,101630954,True,True,DONE,,,0,aa387bb6e148178b0e0d1d046265c0ca2da6b153194ddfeffa9850cedf3f0215,no_explicit_terminal_engine_result,18,EpisodeState.COMPLETED,1,13,54162977,win,False,44,1,True,win,/private/tmp/kaggle_eps/55565056/replays/episode-101630954-replay.json,1,b756b63488ea21a6b7177c45db27994351aa39dea54fa4ae440f4616981f5c5b,150,38,55565056,ended_before,,,,,,,,,,,,,,,,20,ended_before,,,,,,,,,,,,,,,,30,reached,10,True,False,1,1,22,12,6,4,10,25,6,5,89,True,
0,ok,True,101619264,True,True,DONE,,,0,1cc9c0d2e2d7b0934a1655599c86c02d3cf245f857f770cf811ebde0a01a5a78,no_explicit_terminal_engine_result,25,EpisodeState.COMPLETED,-1,10,55561838,loss,False,48,1,True,loss,/private/tmp/kaggle_eps/55565056/replays/episode-101619264-replay.json,-1,3e7e632953bdbe6d99ad31efcae76b31c564bc2aa642864e9272e9a29ad5ba90,219,45,55565056,reached,20,True,False,1,1,10,6,3,1,10,11,6,10,188,True,,ended_before,,,,,,,,,,,,,,,,30,reached,10,True,False,1,1,31,22,3,6,8,32,6,5,83,True,
0,ok,True,101619460,False,False,DONE,,,1,f64ccfe73f8d94a3a5ab808e5e47fee2b202da26ea67ac6812c4647db0bb6a8e,no_explicit_terminal_engine_result,16,EpisodeState.COMPLETED,-1,22,55562794,loss,True,29,1,True,loss,/private/tmp/kaggle_eps/55565056/replays/episode-101619460-replay.json,-1,1a950f32af30b27db8d45f2e9bc6840b154ca434de40a9ad3fd12cbd910cc9dd,171,28,55565056,ended_before,,,,,,,,,,,,,,,,19,ended_before,,,,,,,,,,,,,,,,29,reached,9,True,False,1,1,33,15,12,6,11,40,6,5,71,True,
0,ok,True,101613238,True,True,DONE,,,1,5446817a06dc94dd479aaaecf1d6594d328ec2b491b8d12749f9c8ecd948bd2d,no_explicit_terminal_engine_result,17,EpisodeState.COMPLETED,1,14,55426929,win,True,38,1,True,win,/private/tmp/kaggle_eps/55565056/replays/episode-101613238-replay.json,1,819fb10cf51266adae8baf3e3b59f3e875d83bffb6bb55e7bf74b316c24fa5af,130,34,55565056,ended_before,,,,,,,,,,,,,,,,19,ended_before,,,,,,,,,,,,,,,,29,reached,9,True,False,1,1,34,16,14,4,9,23,6,5,82,True,
0,ok,True,101608229,True,True,DONE,,,0,56e159d158d482a55fb99c13e0a52f4d4ca41668437705f20188be84bde97225,no_explicit_terminal_engine_result,20,EpisodeState.COMPLETED,1,10,55085454,win,False,30,1,True,win,/private/tmp/kaggle_eps/55565056/replays/episode-101608229-replay.json,1,60dffdc5259dd19ed96454a972c11a643580e1b64f95d0f58edad62a299774b3,139,26,55565056,reached,20,True,False,1,1,10,0,9,1,2,28,5,10,136,True,,ended_before,,,,,,,,,,,,,,,,30,reached,10,True,False,1,1,16,6,5,5,3,33,6,5,89,True,
0,ok,True,101596691,True,True,DONE,,,0,210e6a783bcd380bcf01ae70bd882945c08f5a9dcc8877ac1fec244ed4e746fe,no_explicit_terminal_engine_result,22,EpisodeState.COMPLETED,1,12,55564389,win,False,30,1,True,win,/private/tmp/kaggle_eps/55565056/replays/episode-101596691-replay.json,1,45235bf72b5777557b89018b61ba68e299f56433a7b1b914ce2ba4782dece074,113,26,55565056,reached,20,True,False,1,1,13,3,6,4,4,32,6,10,108,True,,ended_before,,,,,,,,,,,,,,,,30,reached,10,True,False,1,1,32,22,5,5,6,37,6,5,74,True,
0,ok,True,101584681,True,True,DONE,,,0,ac0cc4e8855176e3e9c738f97da5339d464b80e7b9f4931f3960e33f57b2364e,no_explicit_terminal_engine_result,19,EpisodeState.COMPLETED,1,8,55394242,win,True,40,0,True,win,/private/tmp/kaggle_eps/55565056/replays/episode-101584681-replay.json,1,78b3367e21a39175e66625d338c835d45114f944d9c53e032754bdd9cc8ca0b7,139,40,55565056,reached,19,True,False,1,1,8,0,6,2,5,13,6,10,134,True,,ended_before,,,,,,,,,,,,,,,,29,reached,9,True,False,1,1,34,17,13,4,8,33,6,5,83,True,
0,ok,True,101573112,False,False,DONE,,,1,6b5f58eb8c006cd1e938a6746ccac55479c1ae230b288c6b544fe63207a40777,no_explicit_terminal_engine_result,28,EpisodeState.COMPLETED,-1,17,55146846,loss,True,53,1,True,loss,/private/tmp/kaggle_eps/55565056/replays/episode-101573112-replay.json,-1,1ca8b0508c84331666d88a09460864e452a2caacfd213dc9a07c521be79d3872,142,46,55565056,reached,19,True,False,1,1,29,19,6,4,3,21,6,10,90,True,,ended_before,,,,,,,,,,,,,,,,29,reached,9,False,False,1,1,40,28,6,6,13,27,6,5,56,False,
0,ok,True,101572655,False,False,DONE,,,1,86e0a53c10a83bdf53194427257e3d4157d782b5ee9a01489dfa8847efd5120e,no_explicit_terminal_engine_result,14,EpisodeState.COMPLETED,-1,28,55563648,loss,True,21,1,True,loss,/private/tmp/kaggle_eps/55565056/replays/episode-101572655-replay.json,-1,3a3322dfa252fefb00a2a7a3938f7f91c32c37948338c27c41540d8191a8159a,111,18,55565056,ended_before,,,,,,,,,,,,,,,,19,ended_before,,,,,,,,,,,,,,,,29,reached,9,True,False,1,1,35,24,8,3,5,39,6,5,73,True,
0,ok,True,101563218,True,True,DONE,,,0,e614985f755da3e3cdf3500bff04c0aa3e6d47dcd64d98fbee184f1f7946185c,no_explicit_terminal_engine_result,36,EpisodeState.COMPLETED,1,9,55564939,win,False,58,1,True,win,/private/tmp/kaggle_eps/55565056/replays/episode-101563218-replay.json,1,aaf0ff4b1ab07b46a9986f7c2e2690c2a8d6013023a6e4e07a46c11b8fa6d396,155,52,55565056,reached,20,True,False,1,1,24,17,5,2,9,10,6,10,113,True,,reached,30,True,False,1,1,13,8,4,1,8,5,6,15,140,True,,reached,10,True,False,1,1,39,28,7,4,3,33,6,5,54,True,
0,ok,True,101551174,True,True,DONE,,,0,f21ecf976e34cbbc4dc07425e8adb3126bcdc8cc0b4162b82e75a4fa7047b777,no_explicit_terminal_engine_result,27,EpisodeState.COMPLETED,1,8,53968227,win,True,51,0,True,win,/private/tmp/kaggle_eps/55565056/replays/episode-101551174-replay.json,1,2f75dc4cbfabac8164325f19ecada6c08b58b8c0e914223a4d994b32d2729158,160,49,55565056,reached,19,True,False,1,1,16,6,7,3,9,15,5,10,118,True,,ended_before,,,,,,,,,,,,,,,,29,reached,9,True,False,1,1,46,33,7,6,7,41,6,5,35,True,
0,ok,True,101539609,False,False,DONE,,,1,bc08ae372b0c4914ba49242322377b054426f9642cc7206774ac43c4c3073503,no_explicit_terminal_engine_result,18,EpisodeState.COMPLETED,-1,17,55530501,loss,True,35,1,True,loss,/private/tmp/kaggle_eps/55565056/replays/episode-101539609-replay.json,-1,ac74605f0d5bbc14d401f178a88dc7575c1e4aa6eae4b4174cc176d01ba6b4df,142,34,55565056,ended_before,,,,,,,,,,,,,,,,19,ended_before,,,,,,,,,,,,,,,,29,reached,9,True,False,1,1,32,20,7,5,10,26,6,5,68,True,
0,ok,True,101528004,True,True,DONE,,,0,4444cb34c71ace928093602f52e4867fdb3d59510b8e37e49c24ff251c75b463,no_explicit_terminal_engine_result,35,EpisodeState.COMPLETED,-1,12,54411041,loss,False,52,1,True,loss,/private/tmp/kaggle_eps/55565056/replays/episode-101528004-replay.json,-1,e753770c22b9832adf690f845c8240d2a20e4387c238ecf7855587b4991fe1bf,160,47,55565056,reached,20,True,False,1,1,30,21,5,4,4,17,6,10,98,True,,reached,30,True,False,1,1,17,9,5,3,5,12,6,15,136,True,,reached,10,True,False,1,1,47,38,3,6,3,31,6,5,43,True,
0,ok,True,101523307,False,False,DONE,,,0,e837aabfdcfcc79b96357d112e4ec16c19db7ce2ecfa4cd4129a3a481e129cd0,no_explicit_terminal_engine_result,8,EpisodeState.COMPLETED,-1,25,55565687,loss,True,16,0,True,loss,/private/tmp/kaggle_eps/55565056/replays/episode-101523307-replay.json,-1,aaa07a22d826951b6b7a20cc12d523fd5d74a11625d84a3702284d2c66e61bba,63,15,55565056,ended_before,,,,,,,,,,,,,,,,19,ended_before,,,,,,,,,,,,,,,,29,ended_before,,,,,,,,,,,,,,,,9
0,ok,True,101520085,False,False,DONE,,,0,09f7a37f239bd17983a2839ee2dc708fd7e9f690c283ba6a3ba90254c565fb5e,no_explicit_terminal_engine_result,19,EpisodeState.COMPLETED,-1,17,55551860,loss,False,33,1,True,loss,/private/tmp/kaggle_eps/55565056/replays/episode-101520085-replay.json,-1,bc0145121f6f7eeacc1c8a3c4308b04a8b7c57d587c043c1ea3dda133de6e1a9,196,26,55565056,ended_before,,,,,,,,,,,,,,,,20,ended_before,,,,,,,,,,,,,,,,30,reached,10,True,False,1,1,26,13,8,5,11,36,5,5,92,True,
0,ok,True,101511932,False,False,DONE,,,0,2dcf492a0bf530d346e102756a8056c7b69f097d8e20f991025327425b6c3635,no_explicit_terminal_engine_result,7,EpisodeState.COMPLETED,-1,26,55561220,loss,False,10,1,True,loss,/private/tmp/kaggle_eps/55565056/replays/episode-101511932-replay.json,-1,882a6b2edc4d25f9d0015dc3181a6b7c5839544ac6f4febb1876fce52ddc9357,71,9,55565056,ended_before,,,,,,,,,,,,,,,,20,ended_before,,,,,,,,,,,,,,,,30,ended_before,,,,,,,,,,,,,,,,10
0,ok,True,101499492,True,True,DONE,,,0,09e1a5efc2c76cfb94106dfedddb70b80222245f898ec64bc11b00af7f65621f,no_explicit_terminal_engine_result,25,EpisodeState.COMPLETED,-1,9,54817336,loss,False,44,1,True,loss,/private/tmp/kaggle_eps/55565056/replays/episode-101499492-replay.json,-1,1c2e9712272c6994ceed3aee739c78f0f9b740e7a40d071ff4fa0d27e16b7319,146,41,55565056,reached,20,True,False,1,1,11,4,5,2,12,18,5,10,125,True,,ended_before,,,,,,,,,,,,,,,,30,reached,10,True,False,1,1,42,36,1,5,5,35,6,5,53,True,
0,ok,True,101499934,True,True,DONE,,,0,15d5ff213661c46b8ea7d0eae689dcddfdff8696c43ec40e22458de0c4223edc,no_explicit_terminal_engine_result,26,EpisodeState.COMPLETED,1,14,55509531,win,False,49,1,True,win,/private/tmp/kaggle_eps/55565056/replays/episode-101499934-replay.json,1,6208866adc197ba0d0c49211dc9aa6fc9a4ba193528ef435cfc9b2bcdd40f467,213,47,55565056,reached,20,True,False,1,1,28,17,6,5,7,23,5,10,151,True,,ended_before,,,,,,,,,,,,,,,,30,reached,10,True,False,1,1,40,30,4,6,9,37,6,5,65,True,
0,ok,True,101488284,False,False,DONE,,,1,8f1582a6ea8f7bd5eb3b1c668a204acf6df156376bd93d3ff3dc0787854a3712,no_explicit_terminal_engine_result,2,EpisodeState.COMPLETED,-1,59,55240461,loss,True,3,1,True,loss,/private/tmp/kaggle_eps/55565056/replays/episode-101488284-replay.json,-1,a70f347d53796ae099b0325359640fcb9677adf084900a98aaca5a187e4f0275,22,2,55565056,ended_before,,,,,,,,,,,,,,,,19,ended_before,,,,,,,,,,,,,,,,29,ended_before,,,,,,,,,,,,,,,,9
0,ok,True,101476721,False,False,DONE,,,1,becb771b5e8f4a7219c384f9ab75a7afd813340d627b4039d5374dc034d5d999,no_explicit_terminal_engine_result,19,EpisodeState.COMPLETED,1,15,54020867,win,True,31,1,True,win,/private/tmp/kaggle_eps/55565056/replays/episode-101476721-replay.json,1,e950494dd23fec5575c5470d470966aeec6b52c62289792eaa3c2b11984606ee,175,27,55565056,reached,19,True,False,1,1,15,4,10,1,5,22,6,10,170,True,,ended_before,,,,,,,,,,,,,,,,29,reached,9,True,False,1,1,29,18,7,4,10,29,6,5,98,True,
0,ok,True,101465589,False,False,DONE,,,0,807d3d0b2ee6c62695f14e5cae2bdc210c7ccbc9b5f63f58c99aabd514f69188,no_explicit_terminal_engine_result,32,EpisodeState.COMPLETED,1,22,54815918,win,False,49,1,True,win,/private/tmp/kaggle_eps/55565056/replays/episode-101465589-replay.json,1,e487e58e6f1ad4052bcfc8ba4d34cbc6dd1ad223c32a47c21b2a4c630a5ead8f,163,46,55565056,reached,20,True,False,1,1,28,6,19,3,5,34,6,10,107,True,,reached,30,True,False,1,1,23,1,21,1,9,4,6,15,152,True,,reached,10,True,False,1,1,42,29,7,6,7,39,6,5,49,True,
0,ok,True,101466234,False,False,DONE,,,0,cdf3e8b082d1990e3844e2c662e6d84b095a978861536995df66e8e812610535,no_explicit_terminal_engine_result,18,EpisodeState.COMPLETED,-1,21,54537546,loss,True,37,0,True,loss,/private/tmp/kaggle_eps/55565056/replays/episode-101466234-replay.json,-1,aefbef7f87ceff185879e84878ac9f14ee84d7f24cd3d061ad69cefcd1aa28a9,132,34,55565056,ended_before,,,,,,,,,,,,,,,,19,ended_before,,,,,,,,,,,,,,,,29,reached,9,False,False,1,1,30,14,11,5,25,26,6,5,76,False,
0,ok,True,101454651,True,True,DONE,,,0,f6ea728e723ea75e4c7c22704498e97489e35dbb8d21616c2aa1d8619258f670,no_explicit_terminal_engine_result,19,EpisodeState.COMPLETED,1,11,55564390,win,True,36,0,True,win,/private/tmp/kaggle_eps/55565056/replays/episode-101454651-replay.json,1,196deddd33f0093b212062bc05d623ce4be04dfbbd8d9d887948da7404e6fca3,139,33,55565056,reached,19,True,False,1,1,11,0,7,4,10,22,4,10,132,True,,ended_before,,,,,,,,,,,,,,,,29,reached,9,True,False,1,1,21,8,8,5,6,35,6,5,87,True,
0,ok,True,101452942,False,False,DONE,,,0,a81c7e853b749a0a13d9c354accc3f7f3835e60d000f0d94c5e62a205f4c6195,no_explicit_terminal_engine_result,15,EpisodeState.COMPLETED,1,43,55009413,win,True,24,0,True,win,/private/tmp/kaggle_eps/55565056/replays/episode-101452942-replay.json,1,bbdd0e37e3f571050e5a9826e77c55d3af68e91435bea08d5964a08dafd08b07,67,17,55565056,ended_before,,,,,,,,,,,,,,,,19,ended_before,,,,,,,,,,,,,,,,29,reached,9,False,False,1,1,47,39,2,6,15,34,6,5,40,False,
0,ok,True,101441388,False,False,DONE,,,0,f907851ae7d7ad92c8bd309e5b28da7bc33f1e3fd1f2ef53df826d390260ee77,no_explicit_terminal_engine_result,7,EpisodeState.COMPLETED,-1,41,55564305,loss,False,10,1,True,loss,/private/tmp/kaggle_eps/55565056/replays/episode-101441388-replay.json,-1,d1826343de46423579235584e338fa7febbb5b3d5b14e61ee1abf86adc1e833d,48,10,55565056,ended_before,,,,,,,,,,,,,,,,20,ended_before,,,,,,,,,,,,,,,,30,ended_before,,,,,,,,,,,,,,,,10
0,ok,True,101429829,False,False,DONE,,,0,4ab9a68f8a2970a545396509e8c5d49ceec2274aecf7caed8398ec746b226cba,no_explicit_terminal_engine_result,15,EpisodeState.COMPLETED,1,21,55565337,win,True,23,0,True,win,/private/tmp/kaggle_eps/55565056/replays/episode-101429829-replay.json,1,305cab1a45598f1ddfd61a0f9f30d415bbf937324ba2a6af4ab347bcf2b4a33f,119,11,55565056,ended_before,,,,,,,,,,,,,,,,19,ended_before,,,,,,,,,,,,,,,,29,reached,9,True,False,1,1,27,16,5,6,7,35,5,5,88,True,
0,ok,True,101418259,True,True,DONE,,,0,98bc3d4d97ea7c93a94906ec4d7c127104f55ffdc296c85c94339edbfe371036,no_explicit_terminal_engine_result,17,EpisodeState.COMPLETED,1,11,54461297,win,True,29,0,True,win,/private/tmp/kaggle_eps/55565056/replays/episode-101418259-replay.json,1,1a60f0d615f204060dd11950173b38161097e9d8e66e5c24ec93ac1bbbb01198,82,29,55565056,ended_before,,,,,,,,,,,,,,,,19,ended_before,,,,,,,,,,,,,,,,29,reached,9,True,False,1,1,23,13,5,5,4,36,6,5,55,True,
0,ok,True,101406213,True,True,DONE,,,1,89f5c27d37678ec493c7b1f7aac13a7cb227589ba07617c930ff861cb745d4e0,no_explicit_terminal_engine_result,19,EpisodeState.COMPLETED,1,13,55304069,win,True,39,1,True,win,/private/tmp/kaggle_eps/55565056/replays/episode-101406213-replay.json,1,25b0b713362564d6c18ea5dd3bb021800996ced67b58f6da53a3f601af69e5d3,128,37,55565056,reached,19,True,False,1,1,15,3,8,4,10,19,6,10,122,True,,ended_before,,,,,,,,,,,,,,,,29,reached,9,True,False,1,1,18,8,5,5,8,31,6,5,85,True,
0,ok,True,101393339,True,True,DONE,,,0,1e6c23004945fc078160f5a0c4573f0fce41cfc7a04da3e93c33ed2fcc28604e,no_explicit_terminal_engine_result,15,EpisodeState.COMPLETED,-1,14,55176388,loss,False,30,1,True,loss,/private/tmp/kaggle_eps/55565056/replays/episode-101393339-replay.json,-1,0c876fc2ab88b4a198dcfb28231362facd9b92cd02f663a3738bab533b08835a,119,29,55565056,ended_before,,,,,,,,,,,,,,,,20,ended_before,,,,,,,,,,,,,,,,30,reached,10,False,False,1,1,22,15,5,2,13,14,6,5,85,False,
0,ok,True,101394638,False,False,DONE,,,0,6904cfba62c1e6bae0d2a2d07c81a32114fc951e4cdf18c1eec459980d079d1c,no_explicit_terminal_engine_result,68,EpisodeState.COMPLETED,-1,24,53900795,loss,True,66,0,True,loss,/private/tmp/kaggle_eps/55565056/replays/episode-101394638-replay.json,-1,b5e439b3630b2d15d10d67d1b0f6fe3d5d35512da4027959f6104bf14957fe9d,148,58,55565056,reached,19,True,False,1,1,50,37,8,5,7,28,6,10,47,True,,reached,29,True,False,1,1,47,30,12,5,8,21,6,15,69,True,,reached,9,True,False,1,1,54,42,7,5,5,34,6,5,33,True,
0,ok,True,101381295,False,False,DONE,,,1,610d6fa0171619168a5676de631a0d52117425c23b5320d6c78561cd8eca5cd0,no_explicit_terminal_engine_result,15,EpisodeState.COMPLETED,1,16,55561796,win,True,37,1,True,win,/private/tmp/kaggle_eps/55565056/replays/episode-101381295-replay.json,1,323aac5a5835097bc4ab5ee945482735929a9d2ad296cd89ab00192f2adc125d,130,32,55565056,ended_before,,,,,,,,,,,,,,,,19,ended_before,,,,,,,,,,,,,,,,29,reached,9,True,False,1,1,26,9,14,3,4,30,6,5,94,True,
0,ok,True,101379240,False,False,DONE,,,0,cd95255a34a826e26407bc60781de41dd5d745cbf4f7e20d9dd2f65d8272d079,no_explicit_terminal_engine_result,16,EpisodeState.COMPLETED,-1,17,54694874,loss,True,30,0,True,loss,/private/tmp/kaggle_eps/55565056/replays/episode-101379240-replay.json,-1,ad2da65159397a61ee556c60dc0a3143c819b981ca3ecbcbaebf4260799ae3d2,125,30,55565056,ended_before,,,,,,,,,,,,,,,,19,ended_before,,,,,,,,,,,,,,,,29,reached,9,True,False,1,1,35,30,2,3,7,27,6,5,69,True,
0,ok,True,101371685,False,False,DONE,,,0,e5a2a2342eea3d068f5d40b16312c764fc02a332aff57a77a1b830c74d5347c0,no_explicit_terminal_engine_result,14,EpisodeState.COMPLETED,-1,29,55539824,loss,True,27,0,True,loss,/private/tmp/kaggle_eps/55565056/replays/episode-101371685-replay.json,-1,54676b4736a907201b7750dea92a158956eae4f781b7b107cff99d4865c994f4,122,23,55565056,ended_before,,,,,,,,,,,,,,,,19,ended_before,,,,,,,,,,,,,,,,29,reached,9,True,False,1,1,36,29,3,4,7,25,6,5,73,True,
0,ok,True,101369913,False,False,DONE,,,0,45fc8a312d6410a5561e079cc5cad238375f8bf18d53c48d48aa435aa6b32287,no_explicit_terminal_engine_result,11,EpisodeState.COMPLETED,1,32,53932967,win,True,14,0,True,win,/private/tmp/kaggle_eps/55565056/replays/episode-101369913-replay.json,1,1de0e69520e5d0b54ddb7a2f554650e02bb480ce153fadbe4eee8de08d3ab327,49,14,55565056,ended_before,,,,,,,,,,,,,,,,19,ended_before,,,,,,,,,,,,,,,,29,reached,9,True,False,1,1,35,25,5,5,7,40,6,5,38,True,
0,ok,True,101358379,False,False,DONE,,,0,abd78d0d01d7a7aa9425afb7614d9052634f5b5c8447f887899123dee777a154,no_explicit_terminal_engine_result,15,EpisodeState.COMPLETED,1,18,55289920,win,True,35,0,True,win,/private/tmp/kaggle_eps/55565056/replays/episode-101358379-replay.json,1,0d6e4826e6c1bb42fed85480d4f4e700c2c6aab7b3cb719d1e36f51dcbb7fd43,129,34,55565056,ended_before,,,,,,,,,,,,,,,,19,ended_before,,,,,,,,,,,,,,,,29,reached,9,True,False,1,1,27,16,8,3,10,24,6,5,97,True,
0,ok,True,101353314,True,True,DONE,,,0,bf41d0ae29576e5ae42e640ccebf19e5387e9084ba5f64be9640a035385c6961,no_explicit_terminal_engine_result,19,EpisodeState.COMPLETED,-1,5,55561534,loss,False,37,1,True,loss,/private/tmp/kaggle_eps/55565056/replays/episode-101353314-replay.json,-1,174ebb5010d54024b013ed8461f0f41466e62aab1cfe1b8c7e6266bc76d63d69,149,34,55565056,ended_before,,,,,,,,,,,,,,,,20,ended_before,,,,,,,,,,,,,,,,30,reached,10,True,False,1,1,27,15,9,3,4,25,6,5,85,True,
0,ok,True,101344758,True,True,DONE,,,0,f8a76f3db775e724fa9a3def779356d214d2d74889f300d3113a65f32eca18b8,no_explicit_terminal_engine_result,25,EpisodeState.COMPLETED,1,13,55541866,win,True,40,0,True,win,/private/tmp/kaggle_eps/55565056/replays/episode-101344758-replay.json,1,9c7c74726ce927076d0b1875db329b01df84b473eb3b0cb4b8365c2001160260,124,35,55565056,reached,19,False,False,1,1,18,10,4,4,15,19,6,10,97,False,,ended_before,,,,,,,,,,,,,,,,29,reached,9,True,False,1,1,36,26,4,6,9,34,6,5,54,True,
0,ok,True,101340446,False,False,DONE,,,0,346c8860c973643c843dced1a41a4385e6b12bfaeafc61297208286b7bd494c5,no_explicit_terminal_engine_result,17,EpisodeState.COMPLETED,-1,30,54777849,loss,False,33,1,True,loss,/private/tmp/kaggle_eps/55565056/replays/episode-101340446-replay.json,-1,0077304812c53ec57574cf6f65ef81378516dfad5fd917d36339ac2871ee9e03,122,29,55565056,ended_before,,,,,,,,,,,,,,,,20,ended_before,,,,,,,,,,,,,,,,30,reached,10,True,False,1,1,35,16,15,4,7,27,6,5,80,True,
0,ok,True,101328909,False,False,DONE,,,0,898087023835b268137831a2c8db161151f458ea6a90e5697cc5688679ad73f1,no_explicit_terminal_engine_result,23,EpisodeState.COMPLETED,1,22,55542225,win,True,33,0,True,win,/private/tmp/kaggle_eps/55565056/replays/episode-101328909-replay.json,1,73d6c57f38138772d87366db0e43ffbf98275a6f7708e42fc2bcced6d46724e2,106,33,55565056,reached,19,True,False,1,1,24,5,15,4,7,22,6,10,96,True,,ended_before,,,,,,,,,,,,,,,,29,reached,9,True,False,1,1,43,33,5,5,4,33,6,5,49,True,
0,ok,True,101326680,False,False,DONE,,,1,61e7be967b6dca362f3e24022ed79e4134ce859904e4dc036fbdb24279d0cc6a,no_explicit_terminal_engine_result,23,EpisodeState.COMPLETED,1,21,54851361,win,True,38,1,True,win,/private/tmp/kaggle_eps/55565056/replays/episode-101326680-replay.json,1,6fba937e0711bc9c27c2727f460c04f74cba4924d0c8fe1bfa257bd34d83710e,123,31,55565056,reached,19,False,False,1,1,21,2,14,5,1,20,6,10,114,False,,ended_before,,,,,,,,,,,,,,,,29,reached,9,False,False,1,1,29,10,14,5,14,26,6,5,82,False,
0,ok,True,101314736,False,False,DONE,,,0,673f34b3630b2029c02ebd7dd970db1ace2495320d8eac1e585b475c74febc90,no_explicit_terminal_engine_result,15,EpisodeState.COMPLETED,-1,16,55562425,loss,False,32,1,True,loss,/private/tmp/kaggle_eps/55565056/replays/episode-101314736-replay.json,-1,3f490b7d25976d6c136bd9acd8240219ab463640607030680543637964414b07,130,25,55565056,ended_before,,,,,,,,,,,,,,,,20,ended_before,,,,,,,,,,,,,,,,30,reached,10,True,False,1,1,19,11,5,3,10,26,6,5,100,True,
0,ok,True,101303107,True,True,DONE,,,0,9aadee1652c1a8a7ccc71e30b5415319a8702b6f96fad0b5350c2aa9119e1d12,no_explicit_terminal_engine_result,26,EpisodeState.COMPLETED,1,10,55543051,win,False,47,1,True,win,/private/tmp/kaggle_eps/55565056/replays/episode-101303107-replay.json,1,65cf6e452739148b3a4061e1d7599a53e08e204a05c88a73eecdbc48b3bf6317,122,41,55565056,reached,20,True,False,1,1,19,8,6,5,9,12,6,10,93,True,,ended_before,,,,,,,,,,,,,,,,30,reached,10,False,False,1,1,34,22,6,6,15,31,6,5,55,False,
0,ok,True,101301197,False,False,DONE,,,1,2bdbe26316906fb9a8aedf766b988b614596d05fbd5fc6714d973f222f6a731c,no_explicit_terminal_engine_result,16,EpisodeState.COMPLETED,-1,15,55388626,loss,True,29,1,True,loss,/private/tmp/kaggle_eps/55565056/replays/episode-101301197-replay.json,-1,069851c2169f4865a1da0bb3d81ecebb661cbe3a7a0356d4279972315445feba,130,29,55565056,ended_before,,,,,,,,,,,,,,,,19,ended_before,,,,,,,,,,,,,,,,29,reached,9,True,False,1,1,28,9,15,4,5,38,6,5,81,True,
0,ok,True,101289587,True,True,DONE,,,1,b1310ff69065eab21984e1df15db2e8a9b3a62d5516caff617d5dc4f7347444f,no_explicit_terminal_engine_result,15,EpisodeState.COMPLETED,1,11,54638983,win,True,34,1,True,win,/private/tmp/kaggle_eps/55565056/replays/episode-101289587-replay.json,1,282ce14cb1075abc77559791763a3ad73f4e7c9510335bbb7419abfa59fdfda8,94,26,55565056,ended_before,,,,,,,,,,,,,,,,19,ended_before,,,,,,,,,,,,,,,,29,reached,9,False,False,1,1,32,19,7,6,26,22,6,5,55,False,
0,ok,True,101289492,True,True,DONE,,,1,b7141cf2b3e6dded2eac72c148c632a3cdb1a0ef33f0442d607834f6d267eeb4,no_explicit_terminal_engine_result,13,EpisodeState.COMPLETED,1,10,54483619,win,True,28,1,True,win,/private/tmp/kaggle_eps/55565056/replays/episode-101289492-replay.json,1,4a43a9d3b61021cad63e2b49b10707611786ca72899db4119428e9642b95133e,92,25,55565056,ended_before,,,,,,,,,,,,,,,,19,ended_before,,,,,,,,,,,,,,,,29,reached,9,True,False,1,1,14,8,2,4,9,28,6,5,73,True,
0,ok,True,101277896,False,False,DONE,,,0,b8f5d43a16d25ba41fdabc807c615d3695c2f6cbbf5c58e86b06b00780556c4f,no_explicit_terminal_engine_result,15,EpisodeState.COMPLETED,1,32,55541351,win,True,32,0,True,win,/private/tmp/kaggle_eps/55565056/replays/episode-101277896-replay.json,1,33285e7d4185b0a467aa022343f7a69cbce2ffb9078b00b31d7293153edd1538,127,25,55565056,ended_before,,,,,,,,,,,,,,,,19,ended_before,,,,,,,,,,,,,,,,29,reached,9,True,False,1,1,38,29,3,6,7,28,5,5,72,True,
0,ok,True,101277782,False,False,DONE,,,0,0a1170b003aadcca3e8c495a93fcd4836bb88f801dbd67b5f1e432cdc4fb3517,no_explicit_terminal_engine_result,28,EpisodeState.COMPLETED,1,19,53888657,win,False,46,1,True,win,/private/tmp/kaggle_eps/55565056/replays/episode-101277782-replay.json,1,e20e5da9b6602182899ca2385ae226f2ce703ce453cab61f4f6ed1bf1641dc2b,153,43,55565056,reached,20,True,False,1,1,31,16,10,5,12,22,6,10,97,True,,ended_before,,,,,,,,,,,,,,,,30,reached,10,True,False,1,1,50,39,5,6,9,27,6,5,43,True,
0,ok,True,101266156,True,True,DONE,,,0,27548dd33b48ab0977cef8cc3d652c5da88b886b6fb23d8f37a879b9b86609eb,no_explicit_terminal_engine_result,14,EpisodeState.COMPLETED,1,2,54566471,win,False,28,1,True,win,/private/tmp/kaggle_eps/55565056/replays/episode-101266156-replay.json,1,5c110743790af36949228fc82b72452119864dff837e19d6239f3266c37a7351,123,24,55565056,ended_before,,,,,,,,,,,,,,,,20,ended_before,,,,,,,,,,,,,,,,30,reached,10,True,False,1,1,13,3,7,3,3,34,6,5,99,True,
0,ok,True,101253835,False,False,DONE,,,0,16ef84422854c34966cd6542f52e4c82befc04b3f7c3e709797eba0f01a6465b,no_explicit_terminal_engine_result,14,EpisodeState.COMPLETED,-1,21,55379849,loss,True,35,0,True,loss,/private/tmp/kaggle_eps/55565056/replays/episode-101253835-replay.json,-1,988b070a7afb1d2d55f3717725f1b0bee85e45222dc0c66dc872721fe89425a1,120,27,55565056,ended_before,,,,,,,,,,,,,,,,19,ended_before,,,,,,,,,,,,,,,,29,reached,9,True,False,1,1,39,23,13,3,5,24,6,5,78,True,
0,ok,True,101242039,True,True,DONE,,,0,f11669d67547b2a5267826905a0f0b6155dc90fd2ffede95b73fd63f530be559,no_explicit_terminal_engine_result,25,EpisodeState.COMPLETED,1,11,55418033,win,True,46,0,True,win,/private/tmp/kaggle_eps/55565056/replays/episode-101242039-replay.json,1,b6c2a3574ea10048505ddab883ce29dee3fb566dd754dedd21c7d52c515a5098,160,43,55565056,reached,19,True,False,1,1,18,7,10,1,3,14,6,10,132,True,,ended_before,,,,,,,,,,,,,,,,29,reached,9,True,False,1,1,33,18,9,6,8,34,6,5,80,True,
0,ok,True,101230282,False,False,DONE,,,0,655dbc0a0e9ec04201c173bf0ac6584aaab7eead98ff9a2f48a0c40227a46184,no_explicit_terminal_engine_result,42,EpisodeState.COMPLETED,1,17,55525489,win,False,42,1,True,win,/private/tmp/kaggle_eps/55565056/replays/episode-101230282-replay.json,1,8bdfa8c8b4a658e45a8ea890d56e5f0adf7d9ae4d9f18361780168c6a64af723,103,38,55565056,reached,20,True,False,1,1,28,21,1,6,11,27,6,10,66,True,,reached,30,True,False,1,1,23,12,5,6,10,17,6,15,80,True,,reached,10,True,False,1,1,42,32,4,6,8,38,6,5,38,True,
0,ok,True,101229067,False,False,DONE,,,0,9eb2a65609888b035d6d9a2e556391b7deecafed6b35bbcf332a80c19c93d47f,no_explicit_terminal_engine_result,15,EpisodeState.COMPLETED,1,36,53782550,win,True,24,0,True,win,/private/tmp/kaggle_eps/55565056/replays/episode-101229067-replay.json,1,1f919543b70e60b15f5db2e816c27992c1c6bcafe325282531a8c6ce920680d3,59,15,55565056,ended_before,,,,,,,,,,,,,,,,19,ended_before,,,,,,,,,,,,,,,,29,reached,9,True,False,1,1,54,41,7,6,10,34,5,5,34,True,
0,ok,True,101217191,False,False,DONE,,,0,051b0bdd6e5adbbe8e4a4b8a9a283b4b0ef5ddb0e5f8963d6921d175b6df0775,no_explicit_terminal_engine_result,26,EpisodeState.COMPLETED,1,21,55218192,win,False,54,1,True,win,/private/tmp/kaggle_eps/55565056/replays/episode-101217191-replay.json,1,881404ce8339b77a6d8171a3cdfce41020b6a761c8c73ec182bddc09386d35f2,233,36,55565056,reached,20,False,False,1,1,29,19,7,3,15,17,1,10,188,False,,ended_before,,,,,,,,,,,,,,,,30,reached,10,False,False,1,1,44,37,2,5,23,22,4,5,87,False,
0,ok,True,101205402,True,False,DONE,,,0,2314700258b5c637bc6272a0a9c84a6de2cc9cd22d8174c468cd438ebd68b4bf,no_explicit_terminal_engine_result,20,EpisodeState.COMPLETED,1,14,55552955,win,False,33,1,True,win,/private/tmp/kaggle_eps/55565056/replays/episode-101205402-replay.json,1,0dc5aa72d191014ffa831caf149d186bac90275638b7c4d442842ceb771c73c5,178,30,55565056,reached,20,False,False,1,1,14,3,7,4,14,24,1,10,175,False,,ended_before,,,,,,,,,,,,,,,,30,reached,10,True,False,1,1,32,21,6,5,10,34,6,5,77,True,
0,ok,True,101193575,True,True,DONE,,,0,47fcde27f42a26d9ce50395a052468a4a3a8e2e1dc72ba7fc28cd97972428150,no_explicit_terminal_engine_result,21,EpisodeState.COMPLETED,1,14,54847011,win,True,20,0,True,win,/private/tmp/kaggle_eps/55565056/replays/episode-101193575-replay.json,1,4968dbb428487a05df500c3d4fead239d04fa8c2291e786fa5c9bd8b0bc27e1e,68,20,55565056,reached,19,True,False,1,1,15,6,3,6,9,17,6,10,59,True,,ended_before,,,,,,,,,,,,,,,,29,reached,9,True,False,1,1,29,20,3,6,5,29,6,5,41,True,
0,ok,True,101181239,False,False,DONE,,,0,03e556131cbf8b7fe796dd63e48b76f6799879a47f5c174e7426083a43cc54a5,no_explicit_terminal_engine_result,2,EpisodeState.COMPLETED,-1,58,54489042,loss,True,2,0,True,loss,/private/tmp/kaggle_eps/55565056/replays/episode-101181239-replay.json,-1,325a2e7d67e06caebf9341b31d2267956e547e8754bdc2d363a5a145e1652b84,20,2,55565056,ended_before,,,,,,,,,,,,,,,,19,ended_before,,,,,,,,,,,,,,,,29,ended_before,,,,,,,,,,,,,,,,9
0,ok,True,101175147,True,True,DONE,,,0,59ac97823217522a161ef24ed0274284ab10fa0bbeaf256e92a5743c58e152da,no_explicit_terminal_engine_result,19,EpisodeState.COMPLETED,-1,12,55242735,loss,False,33,1,True,loss,/private/tmp/kaggle_eps/55565056/replays/episode-101175147-replay.json,-1,090618b99dc0922c2a41c019264fd6796feb090c64a1c55b9145ee3157f7b473,135,27,55565056,ended_before,,,,,,,,,,,,,,,,20,ended_before,,,,,,,,,,,,,,,,30,reached,10,False,False,1,1,42,33,5,4,15,26,6,5,56,False,
0,ok,True,101168169,True,True,DONE,,,0,84e38101965729c693a8ea9e8bbabaeda6c1659cc55461bbdea0487d25bb1437,no_explicit_terminal_engine_result,46,EpisodeState.COMPLETED,1,11,55560046,win,False,53,1,True,win,/private/tmp/kaggle_eps/55565056/replays/episode-101168169-replay.json,1,78751a6046ed2560fd616e6830e0df6324da46a9e493a92d38711e0be96292e7,172,33,55565056,reached,20,False,False,1,1,35,24,5,6,13,23,6,10,73,False,,reached,30,False,False,1,1,28,18,4,6,14,18,6,15,96,False,,reached,10,True,False,1,1,43,33,4,6,7,36,6,5,36,True,
0,ok,True,101155860,True,True,DONE,,,0,10458ee20f8b2b7c90d8e0ca7b98a8009f32470e5e297620c1c5ff19490de07a,no_explicit_terminal_engine_result,35,EpisodeState.COMPLETED,1,14,55418900,win,True,55,0,True,win,/private/tmp/kaggle_eps/55565056/replays/episode-101155860-replay.json,1,55bd0b219a323c2ba097764c8e8c742705a1762f74a90ec09f29b4fe03178374,133,53,55565056,reached,19,True,False,1,1,27,20,5,2,6,18,6,10,96,True,,reached,29,True,False,1,1,17,9,6,2,8,8,6,15,122,True,,reached,9,True,False,1,1,47,37,6,4,6,29,6,5,53,True,
0,ok,True,101150115,True,True,DONE,,,0,edb2a4e6c1288960b717038e1ba2f8974866c69c99736811e6423b6c46587cf7,no_explicit_terminal_engine_result,31,EpisodeState.COMPLETED,1,8,53935336,win,True,42,0,True,win,/private/tmp/kaggle_eps/55565056/replays/episode-101150115-replay.json,1,b73b57ae83f5b62b295c3da17a89c67199397eccff94f3c1167f0fc34965d596,143,34,55565056,reached,19,True,False,1,1,21,10,6,5,10,26,6,10,102,True,,reached,29,False,False,1,1,14,5,4,5,15,19,3,15,130,False,,reached,9,True,False,1,1,36,28,3,5,5,31,6,5,70,True,
0,ok,True,101150147,True,True,DONE,,,0,3a248205030dfc04d00ec2f1d59f9c56c62b985c45ffeab199a18d7800e97d07,no_explicit_terminal_engine_result,17,EpisodeState.COMPLETED,1,12,55535108,win,True,35,0,True,win,/private/tmp/kaggle_eps/55565056/replays/episode-101150147-replay.json,1,4c7fb3a3630a7d0b5585430eb0bf6ae36c14c89c5ca86cf83cd6957b55bbb3e2,109,33,55565056,ended_before,,,,,,,,,,,,,,,,19,ended_before,,,,,,,,,,,,,,,,29,reached,9,True,False,1,1,46,38,2,6,9,27,6,5,47,True,
0,ok,True,101137871,True,True,DONE,,,0,3ef7f1604453f15586f0b15e5dc4c3f5b6f8f841fc1272f2896492abae8e05b4,no_explicit_terminal_engine_result,27,EpisodeState.COMPLETED,1,12,53771459,win,True,45,0,True,win,/private/tmp/kaggle_eps/55565056/replays/episode-101137871-replay.json,1,0a2f813c93a9e6d8b354e1529f29c59336aeb1618c27d1b6f1a946726232b958,113,36,55565056,reached,19,True,False,1,1,22,18,1,3,5,17,6,10,81,True,,ended_before,,,,,,,,,,,,,,,,29,reached,9,False,False,1,1,42,32,4,6,16,28,6,5,42,False,
0,ok,True,101135610,True,True,DONE,,,0,0a9a5f8bdd7ab396d9a99fd129f8e9bc31ee35e2f720dc3ec9bbf694142a4cd5,no_explicit_terminal_engine_result,19,EpisodeState.COMPLETED,1,12,55565201,win,True,45,0,True,win,/private/tmp/kaggle_eps/55565056/replays/episode-101135610-replay.json,1,5a9dab122be69d238ddcb72950bfe669214db0ecdea2e3c2e8c4f48cd556fd1f,142,42,55565056,reached,19,True,False,1,1,12,4,7,1,4,15,4,10,137,True,,ended_before,,,,,,,,,,,,,,,,29,reached,9,True,False,1,1,22,13,5,4,7,28,6,5,80,True,
0,ok,True,101134937,True,True,DONE,,,0,d1b16bb4b19ef1e80ea1712fa1386c4a7a6c0f0c3a1290504b79fc06e81650c6,no_explicit_terminal_engine_result,17,EpisodeState.COMPLETED,-1,9,54086447,loss,False,34,1,True,loss,/private/tmp/kaggle_eps/55565056/replays/episode-101134937-replay.json,-1,d1a5c63df9f63c0f249235bfd1a886a6905d9c81c4bbe7895367dd09e5334cca,125,33,55565056,ended_before,,,,,,,,,,,,,,,,20,ended_before,,,,,,,,,,,,,,,,30,reached,10,True,False,1,1,12,6,3,3,7,28,6,5,96,True,
0,ok,True,101123163,True,True,DONE,,,0,096fdea24b16d8d252336a3ec04a3d70674ec19c74a30a019f5cf8efde2ca3c7,no_explicit_terminal_engine_result,15,EpisodeState.COMPLETED,1,7,54637121,win,True,29,0,True,win,/private/tmp/kaggle_eps/55565056/replays/episode-101123163-replay.json,1,b420f7c93df8c4ca64c66c10318f54f5412c78b417be72b7adff436c8e2ae7f9,110,27,55565056,ended_before,,,,,,,,,,,,,,,,19,ended_before,,,,,,,,,,,,,,,,29,reached,9,True,False,1,1,21,10,7,4,8,27,6,5,87,True,
0,ok,True,101114697,False,False,DONE,,,0,171325353289a942a93015ad3d21bb463bca506c96851a481b860854f8d8c7dc,no_explicit_terminal_engine_result,29,EpisodeState.COMPLETED,1,19,54873494,win,True,47,0,True,win,/private/tmp/kaggle_eps/55565056/replays/episode-101114697-replay.json,1,4200a9d3402e901ce34a6c06d2947fd9cc23ca8697de3f577a7abebb12696871,122,43,55565056,reached,19,True,False,1,1,27,14,9,4,8,14,5,10,96,True,,reached,29,False,False,1,1,19,4,11,4,13,7,5,15,117,False,,reached,9,True,False,1,1,31,21,5,5,10,25,6,5,65,True,
0,ok,True,101103448,False,False,DONE,,,0,6d04170a288e413ae24630b7255ae33186ae9e68afb5e51f0626763ba0e68ea2,no_explicit_terminal_engine_result,15,EpisodeState.COMPLETED,-1,22,55510004,loss,False,26,1,True,loss,/private/tmp/kaggle_eps/55565056/replays/episode-101103448-replay.json,-1,4d74f2f9e32092535d842798f06f2cb8b135cdb2a4d699c413504a804419a340,165,25,55565056,ended_before,,,,,,,,,,,,,,,,20,ended_before,,,,,,,,,,,,,,,,30,reached,10,True,False,1,1,28,15,7,6,11,38,4,5,91,True,
0,ok,True,101091245,True,True,DONE,,,0,346d1d57d2f57c931c1fa0d0f0efaa5d33535fbea13793f12bb9bf25b37b6723,no_explicit_terminal_engine_result,33,EpisodeState.COMPLETED,1,7,54902920,win,True,55,0,True,win,/private/tmp/kaggle_eps/55565056/replays/episode-101091245-replay.json,1,c675222cc25bb54a5a7b72cbc25e434ea77ccb68957ba82eddde427939490c3e,147,53,55565056,reached,19,True,False,1,1,17,7,8,2,3,29,6,10,97,True,,reached,29,True,False,1,1,10,4,5,1,11,15,6,15,125,True,,reached,9,True,False,1,1,25,14,6,5,4,36,6,5,63,True,
0,ok,True,101079430,True,True,DONE,,,0,26ceac9b2fa5495825c07193b37f2a8fc80dabd3854f6e03ab59f41efeb164c6,no_explicit_terminal_engine_result,34,EpisodeState.COMPLETED,1,11,55534305,win,False,53,1,True,win,/private/tmp/kaggle_eps/55565056/replays/episode-101079430-replay.json,1,6c32e7f4fd7f7ba9676be5d01a01f8cb42df1a4eb837399d77a7bc50743cac7f,159,44,55565056,reached,20,True,False,1,1,15,7,5,3,9,12,5,10,119,True,,reached,30,True,False,1,1,14,2,9,3,11,6,5,15,136,True,,reached,10,False,False,1,1,38,25,8,5,29,18,6,5,75,False,
0,ok,True,101067118,False,False,DONE,,,0,2abe74b52ecd01984439ccb3325379242c1a809596c451b1657fc4bbeb937590,no_explicit_terminal_engine_result,18,EpisodeState.COMPLETED,1,18,55415639,win,False,35,1,True,win,/private/tmp/kaggle_eps/55565056/replays/episode-101067118-replay.json,1,bafb4fcbbe880dad6dddc97dedab0cc36b8371c3903037823498a71a3f5145a9,132,31,55565056,ended_before,,,,,,,,,,,,,,,,20,ended_before,,,,,,,,,,,,,,,,30,reached,10,False,False,1,1,32,20,8,4,21,23,6,5,86,False,
0,ok,True,101055316,False,False,DONE,,,1,f73fc8dad4349eabb70b78d93620a3300a085f0e5f511b1ec9d14a63da382bf7,no_explicit_terminal_engine_result,13,EpisodeState.COMPLETED,1,46,55439511,win,True,24,1,True,win,/private/tmp/kaggle_eps/55565056/replays/episode-101055316-replay.json,1,026c1921850307f30a47b48a06faf39f928b603af82a820109ed92bf9d532de5,71,23,55565056,ended_before,,,,,,,,,,,,,,,,19,ended_before,,,,,,,,,,,,,,,,29,reached,9,True,False,1,1,48,40,2,6,10,25,5,5,58,True,
0,ok,True,101043488,True,True,DONE,,,0,6183541e900db27fac498b898a0d2db790cfe2bd2c2d47fb295d4d072b343c71,no_explicit_terminal_engine_result,19,EpisodeState.COMPLETED,1,13,53836509,win,True,35,0,True,win,/private/tmp/kaggle_eps/55565056/replays/episode-101043488-replay.json,1,d9bdf37845eb4c0f2dd9cfdcfb747f6ae777983c50a8716e866c7427b6bf0252,100,31,55565056,reached,19,False,False,1,1,13,2,5,6,14,18,6,10,96,False,,ended_before,,,,,,,,,,,,,,,,29,reached,9,True,False,1,1,48,39,3,6,9,33,6,5,44,True,
0,ok,True,101041424,False,False,DONE,,,0,b0e2ca76801febb91bff99f6a47cabde9bba82d38ecbbebd4c6eeecaa8b8878c,no_explicit_terminal_engine_result,16,EpisodeState.COMPLETED,1,34,55557548,win,False,30,1,True,win,/private/tmp/kaggle_eps/55565056/replays/episode-101041424-replay.json,1,f2d1faa052908249aad474b1b1b75fcfa99d401f18f2adef7989f17f4bfd6501,128,24,55565056,ended_before,,,,,,,,,,,,,,,,20,ended_before,,,,,,,,,,,,,,,,30,reached,10,False,False,1,1,38,29,4,5,18,28,3,5,86,False,
0,ok,True,101036806,True,True,DONE,,,0,15d8cb47e8576640004eb2cf905e1acb683fa10e72a4da65615d248b60483739,no_explicit_terminal_engine_result,12,EpisodeState.COMPLETED,1,9,53837157,win,False,27,1,True,win,/private/tmp/kaggle_eps/55565056/replays/episode-101036806-replay.json,1,f1b4813781962a6e27d911f2d838d59bbc419312d1a5122198d9b37d5fd16c9a,96,24,55565056,ended_before,,,,,,,,,,,,,,,,20,ended_before,,,,,,,,,,,,,,,,30,reached,10,False,False,1,1,13,4,4,5,14,29,6,5,76,False,
0,ok,True,101032041,False,False,DONE,,,0,92e5fb5bac0a3261aa635a13dc86b050fa5d8b6e220ba6693f725e937d29ea16,no_explicit_terminal_engine_result,26,EpisodeState.COMPLETED,-1,23,55420848,loss,True,45,0,True,loss,/private/tmp/kaggle_eps/55565056/replays/episode-101032041-replay.json,-1,3aae6de68330f1509bca28f9e3cde0aa442bd927ab41f9be2ebe299d9dfd9f5e,135,40,55565056,reached,19,True,False,1,1,32,23,5,4,8,18,6,10,97,True,,ended_before,,,,,,,,,,,,,,,,29,reached,9,True,False,1,1,44,32,7,5,5,32,6,5,56,True,
0,ok,True,101030274,False,False,DONE,,,0,b2535595debff2e705358b4c0b8d8fe98fa81853161577c31ef8032218068f9c,no_explicit_terminal_engine_result,17,EpisodeState.COMPLETED,-1,32,54802257,loss,False,35,1,True,loss,/private/tmp/kaggle_eps/55565056/replays/episode-101030274-replay.json,-1,ef03d58eb2bfa224bf55066cdb1dcb4854f344ba29a39b7004ccf9889c736b64,128,35,55565056,ended_before,,,,,,,,,,,,,,,,20,ended_before,,,,,,,,,,,,,,,,30,reached,10,True,False,1,1,42,24,15,3,9,20,6,5,80,True,
0,ok,True,101018462,True,True,DONE,,,0,fb66871a99d96ff0ddc511ca2592824370ddd321320865c3a80451461222e2ad,no_explicit_terminal_engine_result,25,EpisodeState.COMPLETED,1,13,54947601,win,True,23,0,True,win,/private/tmp/kaggle_eps/55565056/replays/episode-101018462-replay.json,1,39002cdcbbe51bee2a44a6aa30ec8e4b531156d4cf695b8b81c2b7aeb52f1b66,72,22,55565056,reached,19,True,False,1,1,21,9,6,6,10,18,6,10,55,True,,ended_before,,,,,,,,,,,,,,,,29,reached,9,True,False,1,1,38,28,4,6,6,41,6,5,34,True,
0,ok,True,101006631,False,False,DONE,,,0,8f3142abaac1c83fd90d0e5ca463d7f7f167afe62f904d75e2805eb463a24968,no_explicit_terminal_engine_result,16,EpisodeState.COMPLETED,-1,33,54269785,loss,True,25,0,True,loss,/private/tmp/kaggle_eps/55565056/replays/episode-101006631-replay.json,-1,e6844be6c7987c64f50e731f037c96e21b075ebe26cc937ee559b951da322f4a,76,25,55565056,ended_before,,,,,,,,,,,,,,,,19,ended_before,,,,,,,,,,,,,,,,29,reached,9,True,False,1,1,40,28,7,5,6,35,4,5,48,True,
0,ok,True,101004613,False,False,DONE,,,0,4cdfff4dd3cc7c5e0e97315ed2b18a6b08a754538134d4436bd766d84be5b6a1,no_explicit_terminal_engine_result,22,EpisodeState.COMPLETED,1,18,55558716,win,False,36,1,True,win,/private/tmp/kaggle_eps/55565056/replays/episode-101004613-replay.json,1,6a5a4a54b2e27279e50da23d2f67ea8ded0af027572377e763b992610fb586dc,112,35,55565056,reached,20,True,False,1,1,19,3,10,6,7,27,6,10,105,True,,ended_before,,,,,,,,,,,,,,,,30,reached,10,True,False,1,1,37,26,5,6,5,35,6,5,52,True,
0,ok,True,100994783,False,False,DONE,,,0,15e92f3d2bbb65f6f85b0eb1f16419be45f9f7079b3c307951de207728ab0e16,no_explicit_terminal_engine_result,5,EpisodeState.COMPLETED,-1,36,55142013,loss,False,5,1,True,loss,/private/tmp/kaggle_eps/55565056/replays/episode-100994783-replay.json,-1,0dea3909935dfc6c342a7c59f0a9f439f510719b3bf060e8782e41cacae7dd86,51,4,55565056,ended_before,,,,,,,,,,,,,,,,20,ended_before,,,,,,,,,,,,,,,,30,ended_before,,,,,,,,,,,,,,,,10
0,ok,True,100984959,False,False,DONE,,,0,b29ea1a06ed46f44132aee78d6e45b70058cfa082080f7fd5f7ba47d4ba93345,no_explicit_terminal_engine_result,22,EpisodeState.COMPLETED,1,28,54891713,win,False,22,1,True,win,/private/tmp/kaggle_eps/55565056/replays/episode-100984959-replay.json,1,9ef47ea0f45002ae5303c2cefb92a72f15bef5931894eeaa075f2d8ddcfb996e,91,22,55565056,reached,20,True,False,1,1,29,23,0,6,12,36,2,10,79,True,,ended_before,,,,,,,,,,,,,,,,30,reached,10,True,False,1,1,39,30,3,6,7,42,6,5,48,True,
0,ok,True,100984365,False,False,DONE,,,0,9e701f5fb5927007eb71ce044cc515907477ee2334445a3ea55eefc7c4db15ad,no_explicit_terminal_engine_result,16,EpisodeState.COMPLETED,-1,22,54469512,loss,True,36,0,True,loss,/private/tmp/kaggle_eps/55565056/replays/episode-100984365-replay.json,-1,05d3440bd3d7bf9b0f94d7c69c0f1b9a59452406b577c756dba16e24ef43400d,116,35,55565056,ended_before,,,,,,,,,,,,,,,,19,ended_before,,,,,,,,,,,,,,,,29,reached,9,True,False,1,1,39,19,16,4,9,24,6,5,74,True,
0,ok,True,100973614,False,False,DONE,,,0,7c787e82544c222cb8fcd509d04c5834040336caee701c489dc39c0c67979f64,no_explicit_terminal_engine_result,39,EpisodeState.COMPLETED,1,27,55399367,win,True,44,0,True,win,/private/tmp/kaggle_eps/55565056/replays/episode-100973614-replay.json,1,411728c2d538495b12dcf21b7dec0e701335e82818f36cabc05d907b3e454523,94,32,55565056,reached,19,True,False,1,1,40,23,11,6,10,13,6,10,61,True,,reached,29,True,False,1,1,32,13,13,6,11,8,6,15,80,True,,reached,9,True,False,1,1,50,36,8,6,9,26,6,5,36,True,
0,ok,True,100961769,False,False,DONE,,,0,930c97ab57acf21a24817592432ad32b81c8d943cf8cd7466209f1daa3583857,no_explicit_terminal_engine_result,13,EpisodeState.COMPLETED,-1,37,55030237,loss,False,20,1,True,loss,/private/tmp/kaggle_eps/55565056/replays/episode-100961769-replay.json,-1,c1c96df4b383b84874cee885c2c756a7688dc55e2f23b15476efc84b321dca65,80,16,55565056,ended_before,,,,,,,,,,,,,,,,20,ended_before,,,,,,,,,,,,,,,,30,reached,10,True,False,1,1,39,29,7,3,2,39,6,5,66,True,
0,ok,True,100955148,False,False,DONE,,,0,f17179e922b394550a347008e9dbd283a0fac2b2a7cc39a1b60fc238eba3893d,no_explicit_terminal_engine_result,2,EpisodeState.COMPLETED,-1,59,54769781,loss,True,2,0,True,loss,/private/tmp/kaggle_eps/55565056/replays/episode-100955148-replay.json,-1,767a3e4cc2b35553fd1a82bcecd0499ca24b188af5762cfbf508a2cb3ff9bf07,31,1,55565056,ended_before,,,,,,,,,,,,,,,,19,ended_before,,,,,,,,,,,,,,,,29,ended_before,,,,,,,,,,,,,,,,9
0,ok,True,100950719,False,False,DONE,,,0,209a2f821af709f0791ff01a09c991810e57263b529c415176e54a5a79c0181f,no_explicit_terminal_engine_result,15,EpisodeState.COMPLETED,1,48,55066092,win,True,27,0,True,win,/private/tmp/kaggle_eps/55565056/replays/episode-100950719-replay.json,1,e87f2be1ed4b77da0bc0f8896b7cd49f5f7c8d7b1349f1c5109f52ddb436b99a,62,15,55565056,ended_before,,,,,,,,,,,,,,,,19,ended_before,,,,,,,,,,,,,,,,29,reached,9,False,False,1,1,51,41,4,6,14,23,6,5,46,False,
0,ok,True,100948542,True,True,DONE,,,1,c1f526b5e4d2de79357eb76d82cb13faeb9ebca10597c98e1b76022d1e18f913,no_explicit_terminal_engine_result,21,EpisodeState.COMPLETED,1,10,55402933,win,True,39,1,True,win,/private/tmp/kaggle_eps/55565056/replays/episode-100948542-replay.json,1,6245997a7709a62a94dd12d45399be4962a4d4f4a027abde70b99adf95567dbe,114,36,55565056,reached,19,True,False,1,1,11,2,4,5,6,11,6,10,108,True,,ended_before,,,,,,,,,,,,,,,,29,reached,9,True,False,1,1,46,37,3,6,9,30,6,5,40,True,
0,ok,True,100936707,False,False,DONE,,,0,ba242e34dd6270441e683b1847a4b565e223bc7ee2b07c6292b33c039447b198,no_explicit_terminal_engine_result,23,EpisodeState.COMPLETED,1,33,55558565,win,True,38,0,True,win,/private/tmp/kaggle_eps/55565056/replays/episode-100936707-replay.json,1,5d0aa0e710d920b1ccead3a407d13b3c202598ebee2e0bd43459021e19b212b5,90,31,55565056,reached,19,True,False,1,1,33,22,5,6,10,14,5,10,78,True,,ended_before,,,,,,,,,,,,,,,,29,reached,9,True,False,1,1,42,33,3,6,6,31,6,5,44,True,
0,ok,True,100931750,True,True,DONE,,,0,08de1c85f4599f7989beb1a388017ef10d42c3fcf291a652a229fd97c2f0ee6c,no_explicit_terminal_engine_result,15,EpisodeState.COMPLETED,1,11,53961572,win,True,32,0,True,win,/private/tmp/kaggle_eps/55565056/replays/episode-100931750-replay.json,1,533f1ee6077713a715ac5b64b3725b87e26838de104c6e64e6fb7ff93ba5b9a7,112,24,55565056,ended_before,,,,,,,,,,,,,,,,19,ended_before,,,,,,,,,,,,,,,,29,reached,9,False,False,1,1,17,8,3,6,16,22,6,5,89,False,
0,ok,True,100930864,False,False,DONE,,,0,c21aedfd25fda37234b88ac6e281f31edf10b342c3d89146438119b9921b709f,no_explicit_terminal_engine_result,21,EpisodeState.COMPLETED,1,44,53996666,win,True,29,0,True,win,/private/tmp/kaggle_eps/55565056/replays/episode-100930864-replay.json,1,2fea7ed3eaa2c428e18d8060550ae543eb6782699e2b296c680eabc68cd51720,85,25,55565056,reached,19,False,False,1,1,44,32,9,3,14,23,3,10,79,False,,ended_before,,,,,,,,,,,,,,,,29,reached,9,False,False,1,1,48,38,6,4,13,28,6,5,49,False,
0,ok,True,100918533,False,False,DONE,,,0,27d708398dc1b3ff1209e8c2fe859062aa024c0c725900aa89cd475c52d573ff,no_explicit_terminal_engine_result,18,EpisodeState.COMPLETED,-1,31,54452626,loss,True,34,0,True,loss,/private/tmp/kaggle_eps/55565056/replays/episode-100918533-replay.json,-1,612858c77cc15a5505dab09d0c12934cfb9ae7485727ed69bf5fb8bf736bc602,116,33,55565056,ended_before,,,,,,,,,,,,,,,,19,ended_before,,,,,,,,,,,,,,,,29,reached,9,True,False,1,1,46,39,3,4,11,31,6,5,55,True,
0,ok,True,100917533,False,False,DONE,,,0,30e26000648fcf68e3a92cd0cd17c99243436157e02c76f73cac769d8685da40,no_explicit_terminal_engine_result,20,EpisodeState.COMPLETED,-1,25,55564637,loss,True,39,0,True,loss,/private/tmp/kaggle_eps/55565056/replays/episode-100917533-replay.json,-1,ef7bed62b5768121450689d99e15789e2dbe7d6462e882abaf657587379c8c3a,162,36,55565056,reached,19,True,False,1,1,25,10,14,1,3,23,6,10,153,True,,ended_before,,,,,,,,,,,,,,,,29,reached,9,True,False,1,1,35,21,9,5,5,35,6,5,89,True,
0,ok,True,100913594,True,True,DONE,,,0,f412b70086cb6b489a2b51b110775d9a969441a96e8d0a486ac25ea73303cc40,no_explicit_terminal_engine_result,20,EpisodeState.COMPLETED,1,8,53908750,win,False,45,1,True,win,/private/tmp/kaggle_eps/55565056/replays/episode-100913594-replay.json,1,40b17f443debbd6531830b4930b2e41b4891759b5787fff9b0682bda299477b5,146,45,55565056,reached,20,True,False,1,1,8,3,4,1,6,8,5,10,141,True,,ended_before,,,,,,,,,,,,,,,,30,reached,10,True,False,1,1,27,18,5,4,10,26,6,5,79,True,
0,ok,True,100904280,True,True,DONE,,,0,aa33f2dc90ca349b655bb8f2bcb283c1d16f96058f42158bd9ce403aa552362b,no_explicit_terminal_engine_result,26,EpisodeState.COMPLETED,1,8,54893807,win,False,42,1,True,win,/private/tmp/kaggle_eps/55565056/replays/episode-100904280-replay.json,1,212ce6f09af733670a85fe5d8a65dbb02757818eb78e0976fc8e6d35b1130296,121,37,55565056,reached,20,True,False,1,1,17,11,2,4,11,14,3,10,97,True,,ended_before,,,,,,,,,,,,,,,,30,reached,10,False,False,1,1,40,17,19,4,13,23,6,5,62,False,
0,ok,True,100892471,True,True,DONE,,,0,48d656a7ab04b05a470f045beb5b4d1f4eb16ac192e5c6f2a1de1267a64f52e0,no_explicit_terminal_engine_result,40,EpisodeState.COMPLETED,-1,12,55248117,loss,True,51,0,True,loss,/private/tmp/kaggle_eps/55565056/replays/episode-100892471-replay.json,-1,bf66469ca4797a193ea6644908071807d15164e66b9d22293db1999802dc496f,134,47,55565056,reached,19,True,False,1,1,31,22,3,6,7,10,6,10,91,True,,reached,29,True,False,1,1,22,12,4,6,9,5,6,15,113,True,,reached,9,False,False,1,1,36,28,2,6,15,15,6,5,69,False,
0,ok,True,100889837,False,False,DONE,,,0,d83620dd917f0b3cc8f6dbd8eeb18cf8456cdcd86a63203d149d9f3491f621ce,no_explicit_terminal_engine_result,14,EpisodeState.COMPLETED,-1,36,54271464,loss,True,27,0,True,loss,/private/tmp/kaggle_eps/55565056/replays/episode-100889837-replay.json,-1,12f3f3ebe037da7b041c8616273cff3dd0d90d857ec384919d34f92dbbd2b52c,104,26,55565056,ended_before,,,,,,,,,,,,,,,,19,ended_before,,,,,,,,,,,,,,,,29,reached,9,True,False,1,1,40,27,10,3,8,30,6,5,69,True,
0,ok,True,100877535,True,True,DONE,,,0,2bab6ad27368c79f63130ebd2be16501670dd14c4d7b7e4c0ac49701d5b095b4,no_explicit_terminal_engine_result,14,EpisodeState.COMPLETED,1,14,55319296,win,False,30,1,True,win,/private/tmp/kaggle_eps/55565056/replays/episode-100877535-replay.json,1,f773ebabd314dd7425cbcfd00730056d805891d790f5d002150c8c39fa44b02c,85,30,55565056,ended_before,,,,,,,,,,,,,,,,20,ended_before,,,,,,,,,,,,,,,,30,reached,10,True,False,1,1,16,8,3,5,6,27,6,5,72,True,
0,ok,True,100871807,False,False,DONE,,,0,6cc0eebc4c22e1d6f92a0711900a1f8e928eb3822db7cf5b41f4535fa5c948e1,no_explicit_terminal_engine_result,20,EpisodeState.COMPLETED,-1,21,54790760,loss,True,40,0,True,loss,/private/tmp/kaggle_eps/55565056/replays/episode-100871807-replay.json,-1,15efb3f7e04303161cde7eee3c6cf7dc8e5bd2dfcbcd8593e3527bf80be019e8,134,37,55565056,reached,19,True,False,1,1,21,11,9,1,4,8,6,10,124,True,,ended_before,,,,,,,,,,,,,,,,29,reached,9,True,False,1,1,35,25,6,4,8,26,6,5,74,True,
0,ok,True,100859526,False,False,DONE,,,0,de2cd199aa51788498c2808ebaaea562d233376f98addc0822152af9e0e001e6,no_explicit_terminal_engine_result,19,EpisodeState.COMPLETED,1,20,54433360,win,True,29,0,True,win,/private/tmp/kaggle_eps/55565056/replays/episode-100859526-replay.json,1,08d9d86bc637f23cd2bfac5021ab67332dcec62e4a02e1b85e63aeee18cdf664,115,24,55565056,reached,19,True,False,1,1,20,3,13,4,12,21,6,10,110,True,,ended_before,,,,,,,,,,,,,,,,29,reached,9,True,False,1,1,30,16,10,4,3,41,6,5,72,True,
0,ok,True,100858844,True,True,DONE,,,0,72c2a4af6ceee85bc8c0074164bdb39fd80678fca02eda062f34bb4632fce6c3,no_explicit_terminal_engine_result,15,EpisodeState.COMPLETED,1,12,54613501,win,True,32,0,True,win,/private/tmp/kaggle_eps/55565056/replays/episode-100858844-replay.json,1,64633e39947e3906146ecc327d746732318fa26b7567ee6b04d486deabf99e0f,86,30,55565056,ended_before,,,,,,,,,,,,,,,,19,ended_before,,,,,,,,,,,,,,,,29,reached,9,False,False,1,1,27,15,6,6,13,19,6,5,62,False,
0,ok,True,100846817,False,False,DONE,,,0,95b1909ad1f29a51aedc2d252d70ec9ffcbafa6ac51a5c506bc43ab464a8d4c5,no_explicit_terminal_engine_result,8,EpisodeState.COMPLETED,-1,42,55561494,loss,True,14,0,True,loss,/private/tmp/kaggle_eps/55565056/replays/episode-100846817-replay.json,-1,3ee9e530e2e5ca27720dd524328d4fda7d1a22de786dbec49baf8aa4549265e2,63,14,55565056,ended_before,,,,,,,,,,,,,,,,19,ended_before,,,,,,,,,,,,,,,,29,ended_before,,,,,,,,,,,,,,,,9
0,ok,True,100847705,True,True,DONE,,,1,273142b69e238ff377dc7a385732ae21ba44c29a6dd11623878848238ccb2677,no_explicit_terminal_engine_result,29,EpisodeState.COMPLETED,1,12,55468893,win,True,42,1,True,win,/private/tmp/kaggle_eps/55565056/replays/episode-100847705-replay.json,1,eb18abbc8bd01b1a70a3245463042fb572b6fdc8f82ba1d7247ed0c73d272124,112,41,55565056,reached,19,True,False,1,1,19,10,5,4,7,20,5,10,87,True,,reached,29,True,False,1,1,12,1,8,3,8,16,5,15,107,True,,reached,9,True,False,1,1,35,22,7,6,11,35,5,5,43,True,
0,ok,True,100835884,False,False,DONE,,,0,367b9f17be68849a00544914d5c1ccf05cb8ed5e821b546e6a419e566d45bf4b,no_explicit_terminal_engine_result,28,EpisodeState.COMPLETED,-1,17,55563037,loss,True,45,0,True,loss,/private/tmp/kaggle_eps/55565056/replays/episode-100835884-replay.json,-1,9d4d5d3a16c7718727e33c288f2ebea8b65e351bfbe7d8ad1676b11981e3662e,136,44,55565056,reached,19,True,False,1,1,23,15,5,3,6,13,6,10,110,True,,ended_before,,,,,,,,,,,,,,,,29,reached,9,True,False,1,1,42,32,4,6,9,26,6,5,59,True,
0,ok,True,100824069,True,True,DONE,,,0,d7f026d823b192dd4b4e9d738481776eba583fe64670e4b4ee4aee7a7fb162b1,no_explicit_terminal_engine_result,35,EpisodeState.COMPLETED,1,5,54639697,win,True,57,0,True,win,/private/tmp/kaggle_eps/55565056/replays/episode-100824069-replay.json,1,dac52c0782b2060992db96833e2f7e397400ee967c0f6d4f540d5bc867447881,235,42,55565056,reached,19,False,False,1,1,27,15,8,4,16,18,5,10,115,False,,reached,29,True,False,1,1,11,5,5,1,12,13,4,15,195,True,,reached,9,True,False,1,1,43,31,7,5,12,24,6,5,54,True,
0,ok,True,100812228,False,False,DONE,,,0,bda33eb0c459fe5f9d636f6ccc63727f8b493f72011aac0fe9eb361735d458a5,no_explicit_terminal_engine_result,15,EpisodeState.COMPLETED,-1,38,54039848,loss,False,17,1,True,loss,/private/tmp/kaggle_eps/55565056/replays/episode-100812228-replay.json,-1,715beb8932322e6fe76c8efbb0ed4fb097794870edf4f088e636587fc2e8143d,54,17,55565056,ended_before,,,,,,,,,,,,,,,,20,ended_before,,,,,,,,,,,,,,,,30,reached,10,True,False,1,1,41,27,9,5,7,30,6,5,38,True,
0,ok,True,100807649,True,True,DONE,,,1,34e0c623168fc930ce03f0dee618d603ae0580ed66fc65c6d873f5a50f2c1810,no_explicit_terminal_engine_result,54,EpisodeState.COMPLETED,-1,12,55557170,loss,True,67,1,True,loss,/private/tmp/kaggle_eps/55565056/replays/episode-100807649-replay.json,-1,258418f1e4802584cceae841a0a29e88780134cf50fb91976ac7a64fcb5bc503,180,60,55565056,reached,19,True,False,1,1,35,25,5,5,4,30,6,10,74,True,,reached,29,True,False,1,1,30,20,5,5,8,19,6,15,99,True,,reached,9,True,False,1,1,42,32,4,6,4,35,6,5,43,True,
0,ok,True,100806909,False,False,DONE,,,0,83a1560581ac1075f0c0b166a85588750d670baf3528a8852c04ce83bf11dddf,no_explicit_terminal_engine_result,16,EpisodeState.COMPLETED,1,17,55301294,win,False,31,1,True,win,/private/tmp/kaggle_eps/55565056/replays/episode-100806909-replay.json,1,07d9dc75827c100b55ed53cb8a88844804895433a8f353935c2c2f3bac8734e1,145,26,55565056,ended_before,,,,,,,,,,,,,,,,20,ended_before,,,,,,,,,,,,,,,,30,reached,10,True,False,1,1,34,26,2,6,7,35,4,5,87,True,
0,ok,True,100795077,False,False,DONE,,,0,4a654835c80568e15e0cf41e368ed745c9ef2a79f00afdce55421472ac03dbb0,no_explicit_terminal_engine_result,20,EpisodeState.COMPLETED,1,21,54689600,win,False,41,1,True,win,/private/tmp/kaggle_eps/55565056/replays/episode-100795077-replay.json,1,0638f79181de940c5e4cbfa3e21618ed2dddeaad67f6c0b4191b73d2c57b3d16,125,35,55565056,reached,20,True,False,1,1,21,4,15,2,10,18,6,10,121,True,,ended_before,,,,,,,,,,,,,,,,30,reached,10,True,False,1,1,29,12,14,3,5,35,6,5,79,True,
0,ok,True,100783261,False,False,DONE,,,0,8dffd2c2e07f557a21be30446a4f44a5abd5168e43bc6f18ebfcadc34f85e67a,no_explicit_terminal_engine_result,26,EpisodeState.COMPLETED,-1,21,54295080,loss,True,44,0,True,loss,/private/tmp/kaggle_eps/55565056/replays/episode-100783261-replay.json,-1,25ae1d01e53fe2304878f58cd9e43c59c2d32768d117a96e74159806d1debba8,115,43,55565056,reached,19,True,False,1,1,25,20,3,2,8,9,6,10,89,True,,ended_before,,,,,,,,,,,,,,,,29,reached,9,True,False,1,1,36,28,3,5,11,27,6,5,48,True,
0,ok,True,100771420,True,True,DONE,,,1,e848a421c6ef6124a3f6f2a747ea3e74d004c87b474b20e8b62534926b6ad080,no_explicit_terminal_engine_result,25,EpisodeState.COMPLETED,1,10,55541342,win,True,29,1,True,win,/private/tmp/kaggle_eps/55565056/replays/episode-100771420-replay.json,1,7fe1ad6301a8b78971fa91af3a166c68f01ac91e9ac84b43d62838b8952ffe64,128,29,55565056,reached,19,True,False,1,1,17,6,6,5,7,24,6,10,113,True,,ended_before,,,,,,,,,,,,,,,,29,reached,9,True,False,1,1,40,30,5,5,9,29,6,5,55,True,
0,ok,True,100759123,False,False,DONE,,,0,712fc3d5a967c0b36296b4ec4cd1a949cc6863ee7cd549d86a6650c08792dc85,no_explicit_terminal_engine_result,26,EpisodeState.COMPLETED,-1,21,55557739,loss,True,53,0,True,loss,/private/tmp/kaggle_eps/55565056/replays/episode-100759123-replay.json,-1,2829cea317def61ce5184630f96b40dc740cc00652d240d7f658a7877fea1435,134,46,55565056,reached,19,True,False,1,1,38,25,11,2,9,11,4,10,101,True,,ended_before,,,,,,,,,,,,,,,,29,reached,9,True,False,1,1,40,32,4,4,12,26,6,5,62,True,
0,ok,True,100747245,False,False,DONE,,,1,d30d8d5f91ef04f51471695d8d533960a1f2c7a80a2d252045ede92d7501ec31,no_explicit_terminal_engine_result,2,EpisodeState.COMPLETED,-1,59,55562470,loss,True,3,1,True,loss,/private/tmp/kaggle_eps/55565056/replays/episode-100747245-replay.json,-1,61c721904491833c58351374267d5345ee2bb03449f6ef98282d427fb26cc71d,29,3,55565056,ended_before,,,,,,,,,,,,,,,,19,ended_before,,,,,,,,,,,,,,,,29,ended_before,,,,,,,,,,,,,,,,9
0,ok,True,100740679,False,False,DONE,,,0,55b86d593d267420595a4516693474d1abe4f57aba8eeb419edbde3dfb54c529,no_explicit_terminal_engine_result,28,EpisodeState.COMPLETED,-1,17,55271038,loss,True,40,0,True,loss,/private/tmp/kaggle_eps/55565056/replays/episode-100740679-replay.json,-1,4c5d5ccf8323df0c9647d39e357665cc4821af0c992dee0f17c99cd7e72ae598,121,38,55565056,reached,19,True,False,1,1,26,18,5,3,4,14,6,10,84,True,,ended_before,,,,,,,,,,,,,,,,29,reached,9,True,False,1,1,39,28,5,6,11,29,6,5,42,True,
0,ok,True,100728820,False,False,DONE,,,0,36f5aad895aa5dd84fd131562ae5780ad3f037782c96e47366606eee3a563040,no_explicit_terminal_engine_result,14,EpisodeState.COMPLETED,-1,17,55374996,loss,True,29,0,True,loss,/private/tmp/kaggle_eps/55565056/replays/episode-100728820-replay.json,-1,56334b53140136fa3c424e62082a7fb5a29ac0ecac058df751d151a8bcf484e7,116,27,55565056,ended_before,,,,,,,,,,,,,,,,19,ended_before,,,,,,,,,,,,,,,,29,reached,9,True,False,1,1,33,15,15,3,5,36,6,5,74,True,
0,ok,True,100717047,False,False,DONE,,,0,04fd7174a98d87513fc6ad04897fbfdc175b6a98a7d410c9fc886c1ebd871803,no_explicit_terminal_engine_result,24,EpisodeState.COMPLETED,-1,27,54801771,loss,True,33,0,True,loss,/private/tmp/kaggle_eps/55565056/replays/episode-100717047-replay.json,-1,82b11a6110c10f73962efa32eb467c61007802596d208c159db203800938ddb5,132,30,55565056,reached,19,True,False,1,1,29,6,20,3,3,27,6,10,109,True,,ended_before,,,,,,,,,,,,,,,,29,reached,9,True,False,1,1,41,19,16,6,4,38,6,5,63,True,
0,ok,True,100714932,False,False,DONE,,,0,39d710447a1037c3bf79e85bdacb52a3ccea2005673c66b95f6967d26bd934d7,no_explicit_terminal_engine_result,16,EpisodeState.COMPLETED,-1,21,54192838,loss,True,35,0,True,loss,/private/tmp/kaggle_eps/55565056/replays/episode-100714932-replay.json,-1,b31923c1b61bb30121fc5cd4a92a485278d108dbdf04b03c9338e35dc9673bc9,192,31,55565056,ended_before,,,,,,,,,,,,,,,,19,ended_before,,,,,,,,,,,,,,,,29,reached,9,False,False,1,1,34,25,5,4,13,24,6,5,90,False,
0,ok,True,100712900,False,False,DONE,,,0,585bd8ac757ac00a04e74a2e184c2b1e915b492c4d9fccef04025d465f48c467,no_explicit_terminal_engine_result,14,EpisodeState.COMPLETED,-1,22,54074448,loss,True,30,0,True,loss,/private/tmp/kaggle_eps/55565056/replays/episode-100712900-replay.json,-1,d43682b284258e1d6850ade6476f6caa9df2844832b5b7e5c89013d053a9d58e,176,26,55565056,ended_before,,,,,,,,,,,,,,,,19,ended_before,,,,,,,,,,,,,,,,29,reached,9,True,False,1,1,30,24,3,3,9,32,6,5,130,True,
0,ok,True,100701102,True,True,DONE,,,0,8cf1185f0d44a0c4105c7b19a921b82bd34aac607054e427290436b13fe87ca5,no_explicit_terminal_engine_result,16,EpisodeState.COMPLETED,-1,11,55468937,loss,True,29,0,True,loss,/private/tmp/kaggle_eps/55565056/replays/episode-100701102-replay.json,-1,62aab8f16b7c28eb3ea373e854e30d20f32f21b7dc9f7675956f2c6c7c098010,138,26,55565056,ended_before,,,,,,,,,,,,,,,,19,ended_before,,,,,,,,,,,,,,,,29,reached,9,True,False,1,1,30,25,2,3,2,32,6,5,86,True,
0,ok,True,100691279,False,False,DONE,,,0,9c8529025bd6c29dfb8537b8b3e2b223cd121c5245af32c24a81dff5253a3035,no_explicit_terminal_engine_result,14,EpisodeState.COMPLETED,-1,17,55285391,loss,True,29,0,True,loss,/private/tmp/kaggle_eps/55565056/replays/episode-100691279-replay.json,-1,ed28c0aa5d8d5f78c30567df299a781bb11667f2f2ec50bee8cb839099b0c633,137,29,55565056,ended_before,,,,,,,,,,,,,,,,19,ended_before,,,,,,,,,,,,,,,,29,reached,9,True,False,1,1,32,14,15,3,9,29,6,5,82,True,
0,ok,True,100690157,False,False,DONE,,,0,d4674a780170d8c6514922c0d965ccb8f5c1e74b13820849c97414b5f98a5e6b,no_explicit_terminal_engine_result,16,EpisodeState.COMPLETED,-1,31,54324882,loss,True,34,0,True,loss,/private/tmp/kaggle_eps/55565056/replays/episode-100690157-replay.json,-1,5fb2d6280c95785460625e8c48e4f1bcfc702410e0fe434a70cebf2871cd74ea,111,33,55565056,ended_before,,,,,,,,,,,,,,,,19,ended_before,,,,,,,,,,,,,,,,29,reached,9,True,False,1,1,32,10,18,4,3,35,6,5,66,True,
0,ok,True,100678343,False,False,DONE,,,0,b37b8582c82cb2b5ffccf0a1b76cfe06f07d74d3a797eb228330da831221f6b8,no_explicit_terminal_engine_result,3,EpisodeState.COMPLETED,1,58,54186023,win,False,6,1,True,win,/private/tmp/kaggle_eps/55565056/replays/episode-100678343-replay.json,1,bae28bbe7eed04c9b19e9078f6d6886495df086314a8b1428d4b2ce6f6ff5a48,20,6,55565056,ended_before,,,,,,,,,,,,,,,,20,ended_before,,,,,,,,,,,,,,,,30,ended_before,,,,,,,,,,,,,,,,10
0,ok,True,100666551,False,False,DONE,,,0,41904440d37fadad5c27fe70627f99bcfaeb05fc3b46885b8aeb5d44ccba9c70,no_explicit_terminal_engine_result,32,EpisodeState.COMPLETED,-1,25,55562687,loss,True,47,0,True,loss,/private/tmp/kaggle_eps/55565056/replays/episode-100666551-replay.json,-1,344e14537b722aac18678faaca7a1ce3fa80f3e503ce809ea5bd36cd31704536,168,46,55565056,reached,19,True,False,1,1,31,20,6,5,9,30,5,10,99,True,,reached,29,True,False,1,1,27,18,7,2,8,15,5,15,148,True,,reached,9,True,False,1,1,50,38,6,6,12,35,6,5,32,True,
0,ok,True,100654695,False,False,DONE,,,0,a2b37768eb70218dc890ec761af85d40e6561020e677de5d4df1a941df0334f9,no_explicit_terminal_engine_result,25,EpisodeState.COMPLETED,-1,16,54248570,loss,False,40,1,True,loss,/private/tmp/kaggle_eps/55565056/replays/episode-100654695-replay.json,-1,3a3e2143be89863da91623b204d2d6ab6e1772c95fb895adce9f9ca8a9c0bdca,146,40,55565056,reached,20,True,False,1,1,18,12,4,2,10,12,5,10,126,True,,ended_before,,,,,,,,,,,,,,,,30,reached,10,True,False,1,1,41,34,3,4,3,26,6,5,59,True,
0,ok,True,100642397,False,False,DONE,,,0,4974c22128a49679e04189afdec94a15865a19dcfaf4f5cb861e49fc0caa7acf,no_explicit_terminal_engine_result,27,EpisodeState.COMPLETED,-1,21,55554462,loss,False,44,1,True,loss,/private/tmp/kaggle_eps/55565056/replays/episode-100642397-replay.json,-1,d379247931ecbedaffc160fe4692cd7e4519fd7ddfe03960d2208bc708653887,302,43,55565056,reached,20,True,False,1,1,33,17,14,2,3,25,4,10,191,True,,ended_before,,,,,,,,,,,,,,,,30,reached,10,True,False,1,1,38,27,5,6,2,39,5,5,84,True,
0,ok,True,100630547,True,True,DONE,,,0,d02c132ae1f292ce38573a5724d3133dddb9bcd21c709d469701452807e4d363,no_explicit_terminal_engine_result,20,EpisodeState.COMPLETED,1,4,55411493,win,False,41,1,True,win,/private/tmp/kaggle_eps/55565056/replays/episode-100630547-replay.json,1,d65d32d58f78a9faf729dc1c29a9734687fad2d2e071ff435753f491d640fba6,134,39,55565056,reached,20,True,False,1,1,4,0,3,1,6,8,4,10,132,True,,ended_before,,,,,,,,,,,,,,,,30,reached,10,True,False,1,1,19,8,8,3,12,15,6,5,79,True,
0,ok,True,100627955,False,False,DONE,,,0,bc22cc1f7ce3eefce745b6eb4db8848606612fc519c6d866e84e765d2c3889af,no_explicit_terminal_engine_result,33,EpisodeState.COMPLETED,-1,32,54950362,loss,False,45,1,True,loss,/private/tmp/kaggle_eps/55565056/replays/episode-100627955-replay.json,-1,55b6195800e4f7b63a0d72afdb089f07b4dea8b43720e4f8ff6a2b02f7a5baeb,111,44,55565056,reached,20,True,False,1,1,41,33,4,4,6,21,6,10,73,True,,reached,30,True,False,1,1,33,27,5,1,6,16,6,15,95,True,,reached,10,True,False,1,1,46,39,1,6,4,28,6,5,46,True,
0,ok,True,100617363,False,False,DONE,,,0,5b816297b70fd2ac3db8529b2ac2bb7a5d0235ce884e28dcb9c00e14bda28e9a,no_explicit_terminal_engine_result,36,EpisodeState.COMPLETED,-1,16,55543938,loss,True,45,0,True,loss,/private/tmp/kaggle_eps/55565056/replays/episode-100617363-replay.json,-1,fbede5faabc32ce6f1bc814eeb6ed27a960c152bfb67173219f4665ade73d35f,126,41,55565056,reached,19,True,False,1,1,29,20,3,6,6,14,6,10,74,True,,reached,29,True,False,1,1,19,13,0,6,8,6,6,15,106,True,,reached,9,False,False,1,1,49,41,2,6,13,26,6,5,43,False,
0,ok,True,100605485,True,True,DONE,,,1,e3f5dcdaf09104a56963afce078b4ba99697f98498fe4c3e35bc604d77be05ed,no_explicit_terminal_engine_result,27,EpisodeState.COMPLETED,1,8,54611565,win,True,50,1,True,win,/private/tmp/kaggle_eps/55565056/replays/episode-100605485-replay.json,1,45b34c84a224d2f4376079f3b0a03f2f1604ed22b4101e43be6763c79c4b304c,167,47,55565056,reached,19,True,False,1,1,21,15,3,3,3,30,5,10,99,True,,ended_before,,,,,,,,,,,,,,,,29,reached,9,True,False,1,1,44,36,3,5,4,36,6,5,39,True,
0,ok,True,100593679,True,True,DONE,,,0,1b0789ddce381387164b14a0f20b9ed2229f3149c1b71cc3caa8f4805ce93b56,no_explicit_terminal_engine_result,15,EpisodeState.COMPLETED,1,12,55548845,win,True,39,0,True,win,/private/tmp/kaggle_eps/55565056/replays/episode-100593679-replay.json,1,c14a85f626498b8c84f2465752cd109dbf01c867f15cc28e3b9a1051e41f687d,129,33,55565056,ended_before,,,,,,,,,,,,,,,,19,ended_before,,,,,,,,,,,,,,,,29,reached,9,True,False,1,1,23,11,9,3,10,29,6,5,90,True,
0,ok,True,100587173,False,False,DONE,,,0,ddc166cb303ffc38f9969f518566cefcb59fecb9f766e1cb317a3f122a073870,no_explicit_terminal_engine_result,6,EpisodeState.COMPLETED,-1,41,55533389,loss,True,11,0,True,loss,/private/tmp/kaggle_eps/55565056/replays/episode-100587173-replay.json,-1,f81cb9a3dea7100506d98c60d9f4297474aa88b80c50732adfffc353fc76b533,66,11,55565056,ended_before,,,,,,,,,,,,,,,,19,ended_before,,,,,,,,,,,,,,,,29,ended_before,,,,,,,,,,,,,,,,9
0,ok,True,100575336,False,False,DONE,,,1,7867fa26c4c5d097f6669310b4d6c66567111730ea63275ca54742988da552c9,no_explicit_terminal_engine_result,23,EpisodeState.COMPLETED,1,20,55397898,win,True,36,1,True,win,/private/tmp/kaggle_eps/55565056/replays/episode-100575336-replay.json,1,b0d4010f603e42475ab2da2d4037dbe35e756601acc15790d55207703072f317,109,33,55565056,reached,19,True,False,1,1,23,8,11,4,8,13,6,10,96,True,,ended_before,,,,,,,,,,,,,,,,29,reached,9,False,False,1,1,35,22,9,4,15,32,6,5,67,False,
0,ok,True,100563506,False,False,DONE,,,1,1358578d289fbe392501590fdd21c5647b978badc957a8cd12e5f1b22600932e,no_explicit_terminal_engine_result,7,EpisodeState.COMPLETED,1,56,55098261,win,True,12,1,True,win,/private/tmp/kaggle_eps/55565056/replays/episode-100563506-replay.json,1,f6bb7f51f2483a29ccdafd38340884979bb4baa84bd0831085847599fdad51d0,29,12,55565056,ended_before,,,,,,,,,,,,,,,,19,ended_before,,,,,,,,,,,,,,,,29,ended_before,,,,,,,,,,,,,,,,9
0,ok,True,100559517,False,False,DONE,,,0,43d543669d1271230b4f7e1763a6366c38b7fc456299cf3e28a666c9cfbfacd3,no_explicit_terminal_engine_result,18,EpisodeState.COMPLETED,-1,16,55508140,loss,True,45,0,True,loss,/private/tmp/kaggle_eps/55565056/replays/episode-100559517-replay.json,-1,4e7470551cc97034193868aba023e97ad1d7de94cd8edfafda97fdb4df6c05d5,158,42,55565056,ended_before,,,,,,,,,,,,,,,,19,ended_before,,,,,,,,,,,,,,,,29,reached,9,True,False,1,1,36,28,4,4,12,27,6,5,79,True,
0,ok,True,100547717,False,False,DONE,,,0,70b5576eb165609478e8267ae3eb70e9395a941f0644e7c957f155fad947fc12,no_explicit_terminal_engine_result,28,EpisodeState.COMPLETED,1,26,54277996,win,False,37,1,True,win,/private/tmp/kaggle_eps/55565056/replays/episode-100547717-replay.json,1,7563fb0511028bcba2a69b6fc58d7b2b1f4569c1f1c85ead3168cbdd8e25fe34,104,36,55565056,reached,20,True,False,1,1,29,7,17,5,11,18,6,10,87,True,,ended_before,,,,,,,,,,,,,,,,30,reached,10,True,False,1,1,33,18,10,5,6,24,6,5,67,True,
0,ok,True,100535407,True,True,DONE,,,0,e3884f3c2600b56e72a72c28810c675bb7c37faa4b3603a83f267a667596eb28,no_explicit_terminal_engine_result,28,EpisodeState.COMPLETED,1,9,53825718,win,False,47,1,True,win,/private/tmp/kaggle_eps/55565056/replays/episode-100535407-replay.json,1,c0497221e31dbdcb7a0b74862bae53d9a9ce265493c2254589f1fd384f332969,144,45,55565056,reached,20,True,False,1,1,12,6,4,2,3,17,5,10,119,True,,ended_before,,,,,,,,,,,,,,,,30,reached,10,True,False,1,1,41,35,2,4,4,23,6,5,59,True,
0,ok,True,100523552,False,False,DONE,,,0,102228188ec792ac6958dbd0582729a1f90551a48e0fe32242da4f2bafc5dc40,no_explicit_terminal_engine_result,40,EpisodeState.COMPLETED,-1,22,55300538,loss,True,55,0,True,loss,/private/tmp/kaggle_eps/55565056/replays/episode-100523552-replay.json,-1,9fb29b337ca8b71ad6e427874e455d14257113a6feedf55f375f058eddd426f3,139,52,55565056,reached,19,True,False,1,1,25,11,11,3,4,10,6,10,99,True,,reached,29,True,False,1,1,23,6,14,3,9,5,6,15,114,True,,reached,9,True,False,1,1,33,21,6,6,5,33,6,5,56,True,
0,ok,True,100511759,False,False,DONE,,,0,5d3ca87c2d2fae43aa4b2a1c28e1bedd8c00218e8470fe808e12f4715290407c,no_explicit_terminal_engine_result,4,EpisodeState.COMPLETED,-1,46,54468720,loss,True,5,0,True,loss,/private/tmp/kaggle_eps/55565056/replays/episode-100511759-replay.json,-1,19a18e0bbecc5da4da3ec6de64db626b56b6a446b705c05550088e9724e055f0,36,4,55565056,ended_before,,,,,,,,,,,,,,,,19,ended_before,,,,,,,,,,,,,,,,29,ended_before,,,,,,,,,,,,,,,,9
0,ok,True,100499941,True,True,DONE,,,0,ca9f406c1d936166dba9ade30800e00f85002db873b6fd938160a71c21b398d5,no_explicit_terminal_engine_result,23,EpisodeState.COMPLETED,1,5,55463751,win,True,45,0,True,win,/private/tmp/kaggle_eps/55565056/replays/episode-100499941-replay.json,1,28553db5098f671edd6bbda039350e167e6cda371c9284afb0d279118468b6b9,159,43,55565056,reached,19,True,False,1,1,10,2,5,3,4,8,5,10,137,True,,ended_before,,,,,,,,,,,,,,,,29,reached,9,True,False,1,1,22,11,7,4,8,23,6,5,86,True,
0,ok,True,100487611,False,False,DONE,,,0,fdd6eb903041833b93451b82c17e44a4451f39e64665484de7ce8812c506ec92,no_explicit_terminal_engine_result,16,EpisodeState.COMPLETED,1,23,55553977,win,False,31,1,True,win,/private/tmp/kaggle_eps/55565056/replays/episode-100487611-replay.json,1,554bfe94d7c0358d5f0fdde695a32d41478d0ae0f06a1195e8642bf9a74852aa,144,20,55565056,ended_before,,,,,,,,,,,,,,,,20,ended_before,,,,,,,,,,,,,,,,30,reached,10,False,False,1,1,29,17,6,6,22,31,5,5,90,False,
0,ok,True,100477671,True,True,DONE,,,0,d15acca96dd2d6be63ffa5afc8784061064e7b670df983481eb402c03df1813f,no_explicit_terminal_engine_result,25,EpisodeState.COMPLETED,1,9,55528861,win,True,30,0,True,win,/private/tmp/kaggle_eps/55565056/replays/episode-100477671-replay.json,1,00694583aa50d6ca42694960941f26d2fc707d86184c3181b41428e9f38670ed,93,30,55565056,reached,19,True,False,1,1,22,8,8,6,10,16,6,10,66,True,,ended_before,,,,,,,,,,,,,,,,29,reached,9,True,False,1,1,44,36,2,6,6,36,6,5,43,True,
0,ok,True,100472932,True,True,DONE,,,0,e5ab50d26449b7cd4b55573f82daea56bc9d036228664fe5e934ee2bcbcb1dca,no_explicit_terminal_engine_result,16,EpisodeState.COMPLETED,-1,13,55560397,loss,True,44,0,True,loss,/private/tmp/kaggle_eps/55565056/replays/episode-100472932-replay.json,-1,6d0981645d5a3246739a5c85e4f1d03c33dbdc82d2a3df08067d3072e2e5401a,136,39,55565056,ended_before,,,,,,,,,,,,,,,,19,ended_before,,,,,,,,,,,,,,,,29,reached,9,True,False,1,1,23,14,5,4,7,26,6,5,78,True,
0,ok,True,100461382,False,False,DONE,,,0,65e151240abb97df74c733d8dd86ac454efe97a58894ddb39747f2a5bd25633b,no_explicit_terminal_engine_result,13,EpisodeState.COMPLETED,-1,45,55546765,loss,False,28,1,True,loss,/private/tmp/kaggle_eps/55565056/replays/episode-100461382-replay.json,-1,3cfc2f0d0bea31224766eb7700eed9b223f836e9a015c03123406a22b7a6f81a,87,25,55565056,ended_before,,,,,,,,,,,,,,,,20,ended_before,,,,,,,,,,,,,,,,30,reached,10,True,False,1,1,46,25,19,2,4,26,6,5,73,True,
0,ok,True,100449562,True,True,DONE,,,0,21cea557dc1760b93db371485a7eecdf16154cecb42329c3245706b003a5ccfe,no_explicit_terminal_engine_result,25,EpisodeState.COMPLETED,1,8,55368620,win,True,44,0,True,win,/private/tmp/kaggle_eps/55565056/replays/episode-100449562-replay.json,1,e23ba890e817b5f0569bfba41720eac3915e563895a92d459fdaed84962d63e7,125,41,55565056,reached,19,True,False,1,1,23,9,10,4,12,17,6,10,95,True,,ended_before,,,,,,,,,,,,,,,,29,reached,9,True,False,1,1,28,19,4,5,4,31,6,5,63,True,
0,ok,True,100437229,False,False,DONE,,,1,f3cda70123712945b610e94c7adc1141a5281a79db45ca9a4aeb3a87cfafa206,no_explicit_terminal_engine_result,25,EpisodeState.COMPLETED,1,17,55333282,win,True,36,1,True,win,/private/tmp/kaggle_eps/55565056/replays/episode-100437229-replay.json,1,8eca1ac4ac3076c248ec948de2ce6a432886a34028dea68be684c88492231c31,125,34,55565056,reached,19,True,False,1,1,17,3,8,6,5,17,6,10,107,True,,ended_before,,,,,,,,,,,,,,,,29,reached,9,True,False,1,1,28,16,6,6,4,29,6,5,66,True,
0,ok,True,100425466,False,False,DONE,,,0,ef7856a87f9cd1c969439b7f87858091f4085237059e67e412f959ca59db21d8,no_explicit_terminal_engine_result,33,EpisodeState.COMPLETED,1,17,53900278,win,True,40,0,True,win,/private/tmp/kaggle_eps/55565056/replays/episode-100425466-replay.json,1,1b829a818e7e8c538c42d8ae984e5d53413fc1dbc1b8d64574498ab7a042a370,122,28,55565056,reached,19,True,False,1,1,48,38,4,6,12,33,6,10,51,True,,reached,29,False,False,1,1,21,8,7,6,18,20,6,15,105,False,,reached,9,True,False,1,1,52,43,3,6,8,39,6,5,35,True,
0,ok,True,100413669,False,False,DONE,,,0,ee7488d6ca6a8a25c53b3a059876db57aab3395254aa45c3a42c525ef7d5fe57,no_explicit_terminal_engine_result,23,EpisodeState.COMPLETED,-1,20,55563780,loss,False,40,1,True,loss,/private/tmp/kaggle_eps/55565056/replays/episode-100413669-replay.json,-1,e5c430ef60414df9a2d4d62c6431edce5de7479e254e620b43421e4ba5b8953d,210,39,55565056,reached,20,True,False,1,1,22,9,11,2,6,14,6,10,167,True,,ended_before,,,,,,,,,,,,,,,,30,reached,10,True,False,1,1,39,29,5,5,9,27,6,5,69,True,
0,ok,True,100401854,False,False,DONE,,,0,738e72b15712de44b97f3c6a99f047b0570c26055a0ec7036fe74af8190a5397,no_explicit_terminal_engine_result,20,EpisodeState.COMPLETED,-1,23,55507769,loss,True,46,0,True,loss,/private/tmp/kaggle_eps/55565056/replays/episode-100401854-replay.json,-1,e9ecaff4783eeebb7b3cf62c44b08cdbc55f4aac6a2d8abe63cf3f293ec5235f,196,45,55565056,reached,19,True,False,1,1,23,16,5,2,5,7,6,10,183,True,,ended_before,,,,,,,,,,,,,,,,29,reached,9,True,False,1,1,34,22,8,4,4,26,6,5,90,True,
0,ok,True,100389558,True,True,DONE,,,1,a938ad34dc99a9cc0c490999a3aa8695e513bbeb80a28ef29326580389987852,no_explicit_terminal_engine_result,49,EpisodeState.COMPLETED,1,8,53810096,win,True,62,1,True,win,/private/tmp/kaggle_eps/55565056/replays/episode-100389558-replay.json,1,914d1abee51dbbaa0c62cfdef78c671b8808d6d6a3a6aa50af07cb10ac451fdf,149,61,55565056,reached,19,True,False,1,1,45,36,3,6,5,20,6,10,68,True,,reached,29,True,False,1,1,30,22,4,4,5,14,5,15,102,True,,reached,9,True,False,1,1,54,43,5,6,11,26,6,5,39,True,
0,ok,True,100377754,True,True,DONE,,,0,c36604ba90f0da04c6aca0722c8838357de88debcf7052dbd4f9a8f472c56b82,no_explicit_terminal_engine_result,20,EpisodeState.COMPLETED,1,10,54824967,win,False,40,1,True,win,/private/tmp/kaggle_eps/55565056/replays/episode-100377754-replay.json,1,c4ea1bc0e6edf39a89cc83f4d43225162f18cccee521267e6fb595bcc584f8bc,135,40,55565056,reached,20,True,False,1,1,10,0,7,3,4,15,5,10,131,True,,ended_before,,,,,,,,,,,,,,,,30,reached,10,True,False,1,1,17,7,5,5,4,37,6,5,81,True,
0,ok,True,100369970,True,True,DONE,,,0,e9d46748bac310dab06e4474fd00e45827b04165d496581e29c3975dadf77d9e,no_explicit_terminal_engine_result,14,EpisodeState.COMPLETED,1,12,54767920,win,False,27,1,True,win,/private/tmp/kaggle_eps/55565056/replays/episode-100369970-replay.json,1,7d28794a76b1865d57b91b5a6f005949e50e3cb8dd8c4795d072cbbeefd24194,117,23,55565056,ended_before,,,,,,,,,,,,,,,,20,ended_before,,,,,,,,,,,,,,,,30,reached,10,True,False,1,1,31,5,21,5,12,27,6,5,91,True,
0,ok,True,100357728,True,True,DONE,,,0,74800c319b5f7bebc650a3594ca3a57d30ef5255aa69a0cc602bb9df0c63580c,no_explicit_terminal_engine_result,21,EpisodeState.COMPLETED,1,12,55541020,win,True,39,0,True,win,/private/tmp/kaggle_eps/55565056/replays/episode-100357728-replay.json,1,699e56443c058f8264a68d055ab71b6f1d869281bcdd47aa8f7ee9ccd2db07da,107,39,55565056,reached,19,True,False,1,1,13,5,4,4,9,17,6,10,93,True,,ended_before,,,,,,,,,,,,,,,,29,reached,9,True,False,1,1,29,18,7,4,7,28,6,5,63,True,
0,ok,True,100350386,True,True,DONE,,,0,336be52bb27b5fd33dfedc2455c3f19bb890e6d5749169a2d9259c7db71e2ddf,no_explicit_terminal_engine_result,32,EpisodeState.COMPLETED,-1,14,55563517,loss,True,41,0,True,loss,/private/tmp/kaggle_eps/55565056/replays/episode-100350386-replay.json,-1,739c834c20ac559dc4faa6550a973154c777a2a64b34cfb53176d4e2d559a37f,128,37,55565056,reached,19,True,False,1,1,34,20,9,5,9,33,6,10,69,True,,reached,29,True,False,1,1,16,8,5,3,7,18,6,15,112,True,,reached,9,True,False,1,1,41,32,3,6,6,38,6,5,49,True,
0,ok,True,100338609,True,True,DONE,,,0,451df825d3e9022bec3d61a34b37e273ed738f98ed1cde01ccb631f3f8fba4f7,no_explicit_terminal_engine_result,22,EpisodeState.COMPLETED,1,8,55520658,win,False,37,1,True,win,/private/tmp/kaggle_eps/55565056/replays/episode-100338609-replay.json,1,aa2a4748b3e03e8afddfa3c1ededb0c2097038d69f8861a45d65d72a4cd243a6,125,37,55565056,reached,20,True,False,1,1,9,2,4,3,10,10,6,10,120,True,,ended_before,,,,,,,,,,,,,,,,30,reached,10,True,False,1,1,22,12,7,3,5,22,6,5,94,True,
0,ok,True,100326802,False,False,DONE,,,1,bb24254b67f10f06f16c74fe06f7b5679c359976ed1a830763151132e1fdbd3e,no_explicit_terminal_engine_result,17,EpisodeState.COMPLETED,1,15,54876073,win,True,35,1,True,win,/private/tmp/kaggle_eps/55565056/replays/episode-100326802-replay.json,1,0142e8bc03209a89b4b148b393b36bfbcbf495200750a0ad03231582087be540,111,32,55565056,ended_before,,,,,,,,,,,,,,,,19,ended_before,,,,,,,,,,,,,,,,29,reached,9,True,False,1,1,35,27,3,5,12,25,6,5,72,True,
0,ok,True,100314985,True,True,DONE,,,0,efccefccd31f39756a42e526def2f60026df09327d49f3779c772ea18c4a40e8,no_explicit_terminal_engine_result,32,EpisodeState.COMPLETED,1,13,55402219,win,False,55,1,True,win,/private/tmp/kaggle_eps/55565056/replays/episode-100314985-replay.json,1,2f5d03a86d3063e91236efd7613d7b737416f0594f9d4764b52a76a5a01898ef,212,48,55565056,reached,20,True,False,1,1,20,10,4,6,7,12,6,10,146,True,,reached,30,False,False,1,1,15,3,7,5,16,7,2,15,191,False,,reached,10,True,False,1,1,30,15,9,6,3,18,6,5,98,True,
0,ok,True,100302657,True,True,DONE,,,1,f21ef5b26d2dac04af1d3531d54acc11b7eed3ff90eb34c7a371bd0104a174c5,no_explicit_terminal_engine_result,35,EpisodeState.COMPLETED,1,13,54866777,win,True,50,1,True,win,/private/tmp/kaggle_eps/55565056/replays/episode-100302657-replay.json,1,00f35a3c9069e224752e45bb393e4974f032299f6f110b73a3e7915a0cb573a8,130,48,55565056,reached,19,True,False,1,1,23,15,5,3,5,17,6,10,88,True,,reached,29,True,False,1,1,14,8,3,3,10,10,6,15,114,True,,reached,9,True,False,1,1,46,35,7,4,5,35,6,5,38,True,
0,ok,True,100290586,True,True,DONE,,,0,7760e7eb753d968bd387586e6c87ba102e957c847a8f0195ce45890a4b7f88e9,no_explicit_terminal_engine_result,28,EpisodeState.COMPLETED,-1,11,55410745,loss,True,56,0,True,loss,/private/tmp/kaggle_eps/55565056/replays/episode-100290586-replay.json,-1,2a69110b414706de1484631e5b4dbf96afd1aac06e13bfee41b1c33793e927d6,171,53,55565056,reached,19,True,False,1,1,15,12,2,1,4,11,6,10,139,True,,ended_before,,,,,,,,,,,,,,,,29,reached,9,True,False,1,1,36,19,14,3,6,31,6,5,82,True,
0,ok,True,100290846,True,True,DONE,,,0,ad1a90aa40820fd5b09073c4c7554e2ce3c0296ba26bfacc9e0bafa09994e54f,no_explicit_terminal_engine_result,23,EpisodeState.COMPLETED,1,11,55132120,win,True,42,0,True,win,/private/tmp/kaggle_eps/55565056/replays/episode-100290846-replay.json,1,32009743d495563a44ab769a5b8e9e8835bc42d0904bbc949960278961961787,132,39,55565056,reached,19,False,False,1,1,15,4,5,6,16,11,6,10,121,False,,ended_before,,,,,,,,,,,,,,,,29,reached,9,True,False,1,1,52,41,5,6,6,26,6,5,43,True,
0,ok,True,100279032,True,True,DONE,,,0,652dd17b88d66c6f30651f8c561171fd34a89dd2521bcc28d0a4fbb54b7af938,no_explicit_terminal_engine_result,25,EpisodeState.COMPLETED,1,11,54911963,win,True,41,0,True,win,/private/tmp/kaggle_eps/55565056/replays/episode-100279032-replay.json,1,0b59af6735bc94747013f9c00f2e0ae28282a080b96063bf33c681730cde3b1a,137,36,55565056,reached,19,True,False,1,1,15,7,6,2,7,8,6,10,122,True,,ended_before,,,,,,,,,,,,,,,,29,reached,9,True,False,1,1,34,19,11,4,6,21,6,5,72,True,
0,ok,True,100267203,True,True,DONE,,,0,1f9e2c806f5b145835d922aa68835af4b56972ceff6fcd1622a20425a2c2929a,no_explicit_terminal_engine_result,17,EpisodeState.COMPLETED,1,12,55305872,win,True,40,0,True,win,/private/tmp/kaggle_eps/55565056/replays/episode-100267203-replay.json,1,88e3c7849df3a1901d75394f6f33f4e3f7a9c255df58190fb7b621ee6b669c85,125,38,55565056,ended_before,,,,,,,,,,,,,,,,19,ended_before,,,,,,,,,,,,,,,,29,reached,9,True,False,1,1,35,26,4,5,7,30,6,5,68,True,
0,ok,True,100264148,False,False,DONE,,,1,ce57dba703e0ec10dce4d5c8aeb5d16119faee425252b6682588a017820076e1,no_explicit_terminal_engine_result,23,EpisodeState.COMPLETED,1,17,55555294,win,True,48,1,True,win,/private/tmp/kaggle_eps/55565056/replays/episode-100264148-replay.json,1,7bfe4184ae710ef92c395f9db89e6ea9f5addf9ac1d8f07055cdd0c8a8dfda18,144,46,55565056,reached,19,True,False,1,1,21,3,17,1,5,6,6,10,128,True,,ended_before,,,,,,,,,,,,,,,,29,reached,9,True,False,1,1,33,17,12,4,11,20,6,5,76,True,
0,ok,True,100256265,False,False,DONE,,,0,d1b4c66d7a6f18ba5642603b810693653ad0b761d5756508f3c6dcc67df79953,no_explicit_terminal_engine_result,13,EpisodeState.COMPLETED,1,46,55402865,win,True,23,0,True,win,/private/tmp/kaggle_eps/55565056/replays/episode-100256265-replay.json,1,002cd871fc07ea9caf3c0611a04f8eabf4a1694debe2444326b4ed78b1744da5,63,16,55565056,ended_before,,,,,,,,,,,,,,,,19,ended_before,,,,,,,,,,,,,,,,29,reached,9,False,False,1,1,47,41,0,6,15,30,5,5,47,False,
0,ok,True,100244430,True,True,DONE,,,0,85a5a5b272ec9b4adfa42035aace34e039e1a08fdbe6416a7632f9fd88804037,no_explicit_terminal_engine_result,23,EpisodeState.COMPLETED,1,12,54530937,win,True,37,0,True,win,/private/tmp/kaggle_eps/55565056/replays/episode-100244430-replay.json,1,4887f1164294d45800b49e4315e1b701cabb9222251e3c1a364782f7be44e291,116,36,55565056,reached,19,True,False,1,1,12,2,6,4,5,9,6,10,108,True,,ended_before,,,,,,,,,,,,,,,,29,reached,9,True,False,1,1,20,7,8,5,6,20,6,5,76,True,
0,ok,True,100238615,True,True,DONE,,,0,04079f43c2f5e6da1e4394abcdca118335ab31962d210813b5153dec971f953f,no_explicit_terminal_engine_result,15,EpisodeState.COMPLETED,-1,14,55070338,loss,False,36,1,True,loss,/private/tmp/kaggle_eps/55565056/replays/episode-100238615-replay.json,-1,c33d7e4797610e262045d959e1b886ee5de00a6f8fb84e059b6f76af0e44f9ab,136,32,55565056,ended_before,,,,,,,,,,,,,,,,20,ended_before,,,,,,,,,,,,,,,,30,reached,10,True,False,1,1,21,12,6,3,10,23,6,5,101,True,
0,ok,True,100229812,False,False,DONE,,,0,a16d2b5388174508d33af9bc131b85efbf2f7931d1bdf2c1a876c9908fa23fec,no_explicit_terminal_engine_result,2,EpisodeState.COMPLETED,-1,59,54079636,loss,True,2,0,True,loss,/private/tmp/kaggle_eps/55565056/replays/episode-100229812-replay.json,-1,9857d4ebbd6251e2037c4180f971ca889e198e6307b9d271ee1c88f5a5222492,21,2,55565056,ended_before,,,,,,,,,,,,,,,,19,ended_before,,,,,,,,,,,,,,,,29,ended_before,,,,,,,,,,,,,,,,9
0,ok,True,100222967,False,False,DONE,,,0,3fdc7909fb84e4663f27f6eea1c468da1521f47773d9506ac0f4eb11fd011adb,no_explicit_terminal_engine_result,578,EpisodeState.COMPLETED,1,32,55565241,win,True,602,0,True,win,/private/tmp/kaggle_eps/55565056/replays/episode-100222967-replay.json,1,fd2c7eacd94db501cd45644b5e9ae692ffcc66a1ca6c3671366fd15bfe9a2896,1807,600,55565056,reached,19,True,False,1,1,32,22,7,3,4,17,6,10,128,True,,reached,29,True,False,1,1,32,22,7,3,4,17,6,15,158,True,,reached,9,False,False,1,1,43,31,7,5,15,25,6,5,59,False,
0,ok,True,100211170,True,True,DONE,,,0,a327c57333a9fbbc20c25cdc4a6da872846f5c782ee8dee68a943e0201065645,no_explicit_terminal_engine_result,17,EpisodeState.COMPLETED,-1,12,54319354,loss,False,29,1,True,loss,/private/tmp/kaggle_eps/55565056/replays/episode-100211170-replay.json,-1,b2b6eff976daf2a5479e666e8a8e7a8c7e03fe78321b60940d66714a5e4c3d36,225,28,55565056,ended_before,,,,,,,,,,,,,,,,20,ended_before,,,,,,,,,,,,,,,,30,reached,10,False,False,1,1,21,11,6,4,14,21,5,5,166,False,
0,ok,True,100199326,False,False,DONE,,,1,9245a31b200d37972792a653647bfe20e079dbd17b1325ba23750eb87ea72706,no_explicit_terminal_engine_result,5,EpisodeState.COMPLETED,1,56,54305201,win,True,11,1,True,win,/private/tmp/kaggle_eps/55565056/replays/episode-100199326-replay.json,1,b8e733b42a38cb3efb18442ee4af2c4c3d04f695761e1f3ae86aa697643cc5a0,29,11,55565056,ended_before,,,,,,,,,,,,,,,,19,ended_before,,,,,,,,,,,,,,,,29,ended_before,,,,,,,,,,,,,,,,9
0,ok,True,100189049,True,True,DONE,,,0,53b00db5c513162e5850223297131045df4ef854df88a06e152ce9cf7f4d1dba,no_explicit_terminal_engine_result,27,EpisodeState.COMPLETED,1,11,54427808,win,True,51,0,True,win,/private/tmp/kaggle_eps/55565056/replays/episode-100189049-replay.json,1,c0f2b196b74dceb6e725b041f581a6a4d78b0dcd0e4da7bc017c8b841e134014,139,44,55565056,reached,19,True,False,1,1,21,10,7,4,12,16,3,10,97,True,,ended_before,,,,,,,,,,,,,,,,29,reached,9,True,False,1,1,34,21,7,6,10,34,6,5,49,True,
0,ok,True,100177210,False,False,DONE,,,0,ebebe1a599de65adcfcdbd13419db83e7963d4b880c3ae5d34cb1b7539199543,no_explicit_terminal_engine_result,17,EpisodeState.COMPLETED,-1,17,53948578,loss,False,25,1,True,loss,/private/tmp/kaggle_eps/55565056/replays/episode-100177210-replay.json,-1,1cf88dfee4f3a342274d8bff32744be12a77e29a2bd6088b8fd6b237f435d7d5,167,25,55565056,ended_before,,,,,,,,,,,,,,,,20,ended_before,,,,,,,,,,,,,,,,30,reached,10,True,False,1,1,29,19,6,4,7,29,6,5,103,True,
0,ok,True,100165407,False,False,DONE,,,0,ef789dfc5f7c424905b4c5d2253fcb0943fcdc82de869b37b675e1050305f9f4,no_explicit_terminal_engine_result,22,EpisodeState.COMPLETED,-1,16,54650324,loss,True,41,0,True,loss,/private/tmp/kaggle_eps/55565056/replays/episode-100165407-replay.json,-1,7b62f89ed4cf56cb1daa312032f991c358a2ccc2bcbc89ca49ea9f26e46c91af,136,37,55565056,reached,19,True,False,1,1,17,7,9,1,3,13,6,10,121,True,,ended_before,,,,,,,,,,,,,,,,29,reached,9,True,False,1,1,37,28,4,5,7,31,6,5,63,True,
0,ok,True,100153576,False,False,DONE,,,0,f5fcf101ff0a0de5add800163c97d6f496f137c5ab9a5bacf177dc58dbbe3e00,no_explicit_terminal_engine_result,16,EpisodeState.COMPLETED,-1,25,54160372,loss,True,18,0,True,loss,/private/tmp/kaggle_eps/55565056/replays/episode-100153576-replay.json,-1,7dff958d0dd1e385d890fd6517745a3622f2c9d5eef63d255521e9f205060714,87,17,55565056,ended_before,,,,,,,,,,,,,,,,19,ended_before,,,,,,,,,,,,,,,,29,reached,9,True,False,1,1,47,38,3,6,7,42,6,5,29,True,
0,ok,True,100146755,False,False,DONE,,,0,5520eea36ec0a7a239d2b00a1d020257b58d9276c89150d316a78162713e7ff5,no_explicit_terminal_engine_result,14,EpisodeState.COMPLETED,-1,23,55415020,loss,True,26,0,True,loss,/private/tmp/kaggle_eps/55565056/replays/episode-100146755-replay.json,-1,7366377f4d013f8e7fc1c04c742a18569278ad999e24c2582902d190b159dfc0,122,22,55565056,ended_before,,,,,,,,,,,,,,,,19,ended_before,,,,,,,,,,,,,,,,29,reached,9,True,False,1,1,28,12,12,4,7,26,6,5,90,True,
0,ok,True,100140059,False,False,DONE,,,0,7f212433a1c91a46396cb06512a4eee6757de8904e788c02e6df42b83f297836,no_explicit_terminal_engine_result,6,EpisodeState.COMPLETED,-1,39,55565696,loss,True,10,0,True,loss,/private/tmp/kaggle_eps/55565056/replays/episode-100140059-replay.json,-1,59f5b99a11a4e86b184b88387ea45b1bb91405d4d2d39aac5c1fd9d1b7b846c4,81,9,55565056,ended_before,,,,,,,,,,,,,,,,19,ended_before,,,,,,,,,,,,,,,,29,ended_before,,,,,,,,,,,,,,,,9
0,ok,True,100128231,False,False,DONE,,,0,aec44acea9d00280dc75260ac6ef0bd4065836de863d669a5b6bbf5ba466bf1a,no_explicit_terminal_engine_result,18,EpisodeState.COMPLETED,-1,18,55564049,loss,True,34,0,True,loss,/private/tmp/kaggle_eps/55565056/replays/episode-100128231-replay.json,-1,029a6c7600d4a2e7652309e589ea0a6831dd842806c91bc1ac3a8932f07f7756,141,31,55565056,ended_before,,,,,,,,,,,,,,,,19,ended_before,,,,,,,,,,,,,,,,29,reached,9,True,False,1,1,33,19,10,4,11,23,6,5,85,True,
0,ok,True,100126490,False,False,DONE,,,0,c20fa8fe0d88b0b17bbd6f3708f747cf85599da416ac77df44a6b82baa649ae6,no_explicit_terminal_engine_result,13,EpisodeState.COMPLETED,1,15,55412607,win,True,27,0,True,win,/private/tmp/kaggle_eps/55565056/replays/episode-100126490-replay.json,1,d38c281d4e2c8943bd0eaba12e43222e1f45a01e1a1ae42e1c7d39e368a6ad4b,117,24,55565056,ended_before,,,,,,,,,,,,,,,,19,ended_before,,,,,,,,,,,,,,,,29,reached,9,True,False,1,1,20,10,6,4,8,23,6,5,91,True,
0,ok,True,100114661,False,False,DONE,,,0,e453a80d276594e66e96f5120d2377a12e13bad3e6f8adec0d722e593f9614c0,no_explicit_terminal_engine_result,23,EpisodeState.COMPLETED,1,17,55470907,win,True,45,0,True,win,/private/tmp/kaggle_eps/55565056/replays/episode-100114661-replay.json,1,65cf8b102c6fc84b167861531840e737763f65b663d6f24529b9827efc661571,147,32,55565056,reached,19,True,False,1,1,18,5,11,2,2,22,6,10,127,True,,ended_before,,,,,,,,,,,,,,,,29,reached,9,True,False,1,1,37,22,9,6,10,29,6,5,58,True,
0,ok,True,100101680,True,True,DONE,,,0,0a954aa89393e708af7e7dc2ef4e312980311bcb3e1f98808186fa5252629b4b,no_explicit_terminal_engine_result,56,EpisodeState.COMPLETED,-1,12,54880384,loss,True,62,0,True,loss,/private/tmp/kaggle_eps/55565056/replays/episode-100101680-replay.json,-1,42db28cb21aaeedcd68bd56cafba6a619e7c9196434b7629de5cb750db6a5ff2,171,39,55565056,reached,19,True,False,1,1,42,31,5,6,12,32,6,10,60,True,,reached,29,False,False,1,1,37,23,8,6,15,26,6,15,81,False,,reached,9,True,False,1,1,47,37,4,6,6,37,6,5,42,True,
0,ok,True,100102283,True,True,DONE,,,0,72f47868566ad4ae3c122a02e90a811e95615119d882445bb1ef2b6ada01d245,no_explicit_terminal_engine_result,31,EpisodeState.COMPLETED,1,11,55310310,win,True,45,0,True,win,/private/tmp/kaggle_eps/55565056/replays/episode-100102283-replay.json,1,fb669c03b990333f49e11b3014314fbb6d96970a2780f82b471687332e6596f6,112,37,55565056,reached,19,True,False,1,1,40,16,20,4,11,12,5,10,87,True,,reached,29,False,False,1,1,13,6,3,4,13,7,5,15,104,False,,reached,9,False,False,1,1,44,25,15,4,16,18,6,5,67,False,
0,ok,True,100090479,True,True,DONE,,,0,6fda2e4f1a45ae469dd82b679c6109134bf24e45f954e86a6bc28b5ff2ebdb14,no_explicit_terminal_engine_result,27,EpisodeState.COMPLETED,1,8,54624081,win,True,39,0,True,win,/private/tmp/kaggle_eps/55565056/replays/episode-100090479-replay.json,1,b47ca762cc341785947b9ab7a91363ce7b6db826a5bfa30d88cca4e1d2d1e468,136,36,55565056,reached,19,True,False,1,1,13,8,3,2,4,35,6,10,104,True,,ended_before,,,,,,,,,,,,,,,,29,reached,9,True,False,1,1,39,31,5,3,3,40,6,5,51,True,
0,ok,True,100078663,False,False,DONE,,,0,43e4a8f57d265d2b018d06e41665aea421afa6d1795ebd7f3cfef4aae98bc7dd,no_explicit_terminal_engine_result,14,EpisodeState.COMPLETED,-1,22,55553659,loss,True,28,0,True,loss,/private/tmp/kaggle_eps/55565056/replays/episode-100078663-replay.json,-1,2ed8b5eeae3a177a965e3a4b01c251f025f67895e2bc22a357dc97e4e53d6b2f,151,27,55565056,ended_before,,,,,,,,,,,,,,,,19,ended_before,,,,,,,,,,,,,,,,29,reached,9,True,False,1,1,29,16,7,6,8,30,6,5,88,True,
0,ok,True,100066845,False,False,DONE,,,0,8fc73a20132c2ba2f99fdc408b64e57f02dc884fd7341f6d41cb2ad99d092070,no_explicit_terminal_engine_result,20,EpisodeState.COMPLETED,-1,15,55559367,loss,True,39,0,True,loss,/private/tmp/kaggle_eps/55565056/replays/episode-100066845-replay.json,-1,13bfc420df0661f92ad96ec66828c05fe3e838b8fe1fc8e6f323966f5b2bb8e6,131,29,55565056,reached,19,True,False,1,1,15,5,9,1,2,16,6,10,124,True,,ended_before,,,,,,,,,,,,,,,,29,reached,9,False,False,1,1,28,15,7,6,25,22,6,5,72,False,
0,ok,True,100054515,True,False,DONE,,,1,5cca405745e2737e3ff61b43eb7ffa8537b7fd33e29f7aa273190b8a2d9a8491,no_explicit_terminal_engine_result,37,EpisodeState.COMPLETED,1,10,55090625,win,True,42,1,True,win,/private/tmp/kaggle_eps/55565056/replays/episode-100054515-replay.json,1,7f3e141b703fb21d896de76e9334a409c13dea150c56a0cf4a37f9d297013456,210,16,55565056,reached,19,False,False,1,1,25,14,6,5,15,34,4,10,142,False,,reached,29,False,False,1,1,14,5,4,5,16,27,2,15,188,False,,reached,9,True,False,1,1,33,24,3,6,7,39,6,5,81,True,
0,ok,True,100042666,False,False,DONE,,,0,7d481aebd3a3b2144f7410983092cfadb11d732b4b2dc35baa952e4b934ba2da,no_explicit_terminal_engine_result,6,EpisodeState.COMPLETED,-1,34,54496657,loss,True,10,0,True,loss,/private/tmp/kaggle_eps/55565056/replays/episode-100042666-replay.json,-1,cd4b64f059a952049c45bfa4a43d91954744841b49fcc5a109e0680740dc4215,55,10,55565056,ended_before,,,,,,,,,,,,,,,,19,ended_before,,,,,,,,,,,,,,,,29,ended_before,,,,,,,,,,,,,,,,9
0,ok,True,100035714,True,True,DONE,,,0,e3abc437e981eeb6db51a84b249bacaaeeb63ebe3004f3d892361385df6075e3,no_explicit_terminal_engine_result,21,EpisodeState.COMPLETED,1,5,55197607,win,True,38,0,True,win,/private/tmp/kaggle_eps/55565056/replays/episode-100035714-replay.json,1,4a897531da2ddfd016b610fca80c88efa68a580bc2d0ad02324a68c1add89b3f,132,38,55565056,reached,19,True,False,1,1,10,6,3,1,4,18,6,10,124,True,,ended_before,,,,,,,,,,,,,,,,29,reached,9,True,False,1,1,34,25,5,4,7,31,6,5,66,True,
0,ok,True,100030746,False,False,DONE,,,0,b928426b1ad1f3f6c7eb81e952ea0a47ec801b80a89bd60b20ced1692dd8ae8d,no_explicit_terminal_engine_result,20,EpisodeState.COMPLETED,1,15,55564390,win,False,42,1,True,win,/private/tmp/kaggle_eps/55565056/replays/episode-100030746-replay.json,1,de0a8b8b47d5c67cac896627509d91cd215f6710171e0f74c9e856449967574b,166,38,55565056,reached,20,True,False,1,1,15,0,10,5,5,7,6,10,162,True,,ended_before,,,,,,,,,,,,,,,,30,reached,10,True,False,1,1,34,16,12,6,4,31,6,5,82,True,
0,ok,True,100021952,True,True,DONE,,,0,cbcd61f415f0e0a528a65e03ff19440db896b2ff37d029dc1884a6bcf78b4967,no_explicit_terminal_engine_result,16,EpisodeState.COMPLETED,1,12,55541524,win,False,29,1,True,win,/private/tmp/kaggle_eps/55565056/replays/episode-100021952-replay.json,1,25bc45dbc551b58af0d2ab1007635f87f1fdb441381e78c5eae05669c985cb35,116,28,55565056,ended_before,,,,,,,,,,,,,,,,20,ended_before,,,,,,,,,,,,,,,,30,reached,10,True,False,1,1,23,13,5,5,6,31,6,5,80,True,
0,ok,True,100015273,False,False,DONE,,,0,3c359e390811e1da5fa7cf50bfaa83afa35775d9a1c06040885dd59b62eed07c,no_explicit_terminal_engine_result,22,EpisodeState.COMPLETED,1,20,55565687,win,False,38,1,True,win,/private/tmp/kaggle_eps/55565056/replays/episode-100015273-replay.json,1,608b5c951ebfdf5e2a94592000c45939a1dd5f02fa6ae1f5cc70fdd5eeb9dc76,118,31,55565056,reached,20,True,False,1,1,24,5,15,4,6,20,6,10,102,True,,ended_before,,,,,,,,,,,,,,,,30,reached,10,False,False,1,1,31,17,9,5,16,28,6,5,64,False,
0,ok,True,100003444,False,False,DONE,,,0,6ccb5d77e3e6eae6ad312f650d397f9c271834150962e672a28a93f4b379d546,no_explicit_terminal_engine_result,21,EpisodeState.COMPLETED,1,21,55539013,win,True,41,0,True,win,/private/tmp/kaggle_eps/55565056/replays/episode-100003444-replay.json,1,b57cec4942cd3af19790d4e6c80d60742722c8514cd69a523003d1dc6ae2eaa1,209,36,55565056,reached,19,True,False,1,1,22,13,7,2,7,25,2,10,186,True,,ended_before,,,,,,,,,,,,,,,,29,reached,9,True,False,1,1,36,25,6,5,6,37,5,5,76,True,
0,ok,True,99994973,True,True,DONE,,,1,7de1582680c421be0f7379caa92b36326f8196f6b2079494e4e5065e63b8917d,no_explicit_terminal_engine_result,18,EpisodeState.COMPLETED,-1,12,54185579,loss,True,40,1,True,loss,/private/tmp/kaggle_eps/55565056/replays/episode-99994973-replay.json,-1,a065eb6f162710844195e60de62561e185c5d3e7ecc4078901c782d99e718e2e,121,38,55565056,ended_before,,,,,,,,,,,,,,,,19,ended_before,,,,,,,,,,,,,,,,29,reached,9,False,False,1,1,20,10,6,4,15,22,6,5,81,False,
0,ok,True,99985822,True,True,DONE,,,0,4a756d9afc9aff3a0b37709e8230fe3af2b440fe90a1dbf96b4187c27042de15,no_explicit_terminal_engine_result,11,EpisodeState.COMPLETED,1,14,54743711,win,True,22,0,True,win,/private/tmp/kaggle_eps/55565056/replays/episode-99985822-replay.json,1,ad49bfab81615676264180a8d1948586078488bb630e10cb70e12dec0e12ea1d,90,22,55565056,ended_before,,,,,,,,,,,,,,,,19,ended_before,,,,,,,,,,,,,,,,29,reached,9,True,False,1,1,17,5,6,6,10,25,6,5,77,True,
0,ok,True,99975393,True,True,DONE,,,0,dab92b655b5c90e148c058ffcd433b5cf9e88f17d4b008a70c69373a4293bab4,no_explicit_terminal_engine_result,29,EpisodeState.COMPLETED,-1,6,55538779,loss,False,46,1,True,loss,/private/tmp/kaggle_eps/55565056/replays/episode-99975393-replay.json,-1,8143071c23b6cb5ad7b4895e88911ccdc285fcb61c32d31cb8b4735ff4f04f9f,152,46,55565056,reached,20,True,False,1,1,14,6,5,3,3,20,5,10,113,True,,ended_before,,,,,,,,,,,,,,,,30,reached,10,True,False,1,1,33,25,2,6,7,25,6,5,57,True,
0,ok,True,99961871,False,False,DONE,,,0,4a00e9adf0df018444113e3c5df236b11a26f69413b97b90bb922c6e3a610147,no_explicit_terminal_engine_result,9,EpisodeState.COMPLETED,1,49,55565195,win,True,19,0,True,win,/private/tmp/kaggle_eps/55565056/replays/episode-99961871-replay.json,1,4713f2fd18a0202076a8fc516eaafd1e0d659e4a0c982f9544c2583946ea5cc8,53,14,55565056,ended_before,,,,,,,,,,,,,,,,19,ended_before,,,,,,,,,,,,,,,,29,reached,9,False,False,1,1,49,40,3,6,13,30,4,5,49,False,
0,ok,True,99963101,True,True,DONE,,,0,bd25c20b3bb8e1f7020a949bf32a7fee5a0603cae9625244b5b9bffbd72c0718,no_explicit_terminal_engine_result,29,EpisodeState.COMPLETED,-1,6,55541453,loss,False,53,1,True,loss,/private/tmp/kaggle_eps/55565056/replays/episode-99963101-replay.json,-1,311b027257cafd329c5e2f6d7d7a439eaae60679591f73d6d261121e6910ddda,158,48,55565056,reached,20,True,False,1,1,16,6,6,4,11,7,6,10,112,True,,ended_before,,,,,,,,,,,,,,,,30,reached,10,False,False,1,1,26,16,5,5,14,21,6,5,80,False,
0,ok,True,99961011,False,False,DONE,,,0,a4ca01eeeb2d2fd46d7c32f73335cbd0c155face9af157ab058fab1b1b9af998,no_explicit_terminal_engine_result,5,EpisodeState.COMPLETED,-1,43,55258033,loss,False,8,1,True,loss,/private/tmp/kaggle_eps/55565056/replays/episode-99961011-replay.json,-1,f8a394b60ceb1178fa8b832a8365f1a048354ae135b54eb2ab4834bf2bbecd8a,58,8,55565056,ended_before,,,,,,,,,,,,,,,,20,ended_before,,,,,,,,,,,,,,,,30,ended_before,,,,,,,,,,,,,,,,10
0,ok,True,99950570,True,True,DONE,,,0,0b81e40b4f2724be235d36f9e8124fcf5488e4ef099bde3cb5b4f78d55216632,no_explicit_terminal_engine_result,22,EpisodeState.COMPLETED,-1,9,55523284,loss,True,42,0,True,loss,/private/tmp/kaggle_eps/55565056/replays/episode-99950570-replay.json,-1,3121a16bc775c1a4ff5a57d83ddee5d7f7508252d17e8c7d63d84e981115be2d,115,30,55565056,reached,19,True,False,1,1,12,6,4,2,6,16,4,10,102,True,,ended_before,,,,,,,,,,,,,,,,29,reached,9,False,False,1,1,45,36,5,4,15,27,6,5,48,False,
0,ok,True,99949297,True,True,DONE,,,0,149c291a970e145a0014d23259f57c7b7dbb4218198fe2e7097cc754fbe03b5e,no_explicit_terminal_engine_result,13,EpisodeState.COMPLETED,-1,11,55472330,loss,False,31,1,True,loss,/private/tmp/kaggle_eps/55565056/replays/episode-99949297-replay.json,-1,e3f9e409b68908bef3fed8d6a612ae5ad41116ea3e769997395dd688f2454756,130,30,55565056,ended_before,,,,,,,,,,,,,,,,20,ended_before,,,,,,,,,,,,,,,,30,reached,10,True,False,1,1,16,7,7,2,12,21,5,5,98,True,
0,ok,True,99941246,True,True,DONE,,,0,fa9b6103feafa12af92d49b9fe0b5d127287b5f724f18e2223de9cf7e03bac06,no_explicit_terminal_engine_result,14,EpisodeState.COMPLETED,-1,14,55461799,loss,True,38,0,True,loss,/private/tmp/kaggle_eps/55565056/replays/episode-99941246-replay.json,-1,a2046fc1e532e440833661b2bbd7706b5a70a11a3896b885b56d8e4d872caacb,124,36,55565056,ended_before,,,,,,,,,,,,,,,,19,ended_before,,,,,,,,,,,,,,,,29,reached,9,True,False,1,1,37,14,20,3,4,28,6,5,86,True,
0,ok,True,99937735,True,True,DONE,,,0,1edac8f6c09625e6abc529ccd260111e7374b5721c5ae08f65cf147473686d96,no_explicit_terminal_engine_result,20,EpisodeState.COMPLETED,1,9,55563645,win,False,39,1,True,win,/private/tmp/kaggle_eps/55565056/replays/episode-99937735-replay.json,1,a1bd69543d8f2ad60910167809baaaf0301685be80e3ea7189fabd0e95147398,131,39,55565056,reached,20,True,False,1,1,9,1,5,3,4,13,5,10,129,True,,ended_before,,,,,,,,,,,,,,,,30,reached,10,True,False,1,1,23,14,5,4,7,25,6,5,88,True,
0,ok,True,99926543,False,False,DONE,,,0,eb630b4749f2dfb86408217719c39c31519d669327a1b6065056f7bcb0c7b9c1,no_explicit_terminal_engine_result,21,EpisodeState.COMPLETED,1,17,55175842,win,True,42,0,True,win,/private/tmp/kaggle_eps/55565056/replays/episode-99926543-replay.json,1,7e782f7829a93a810e2d6a3158211ad46243bdbb418a5845e77f1dde83ef0b18,116,33,55565056,reached,19,False,False,1,1,18,6,8,4,15,12,6,10,108,False,,ended_before,,,,,,,,,,,,,,,,29,reached,9,True,False,1,1,22,15,3,4,8,32,6,5,70,True,
0,ok,True,99913702,False,False,DONE,,,0,a42a33c271c0f3e79a87d3f5b39ccc93cc978668521aa86a41d37964dee07ffa,no_explicit_terminal_engine_result,18,EpisodeState.COMPLETED,-1,24,55544788,loss,True,35,0,True,loss,/private/tmp/kaggle_eps/55565056/replays/episode-99913702-replay.json,-1,c8c7bd31e438d73cbbbb4654ee79744a5db45103fa985913b3eed80f48242fc7,126,33,55565056,ended_before,,,,,,,,,,,,,,,,19,ended_before,,,,,,,,,,,,,,,,29,reached,9,True,False,1,1,41,22,15,4,8,25,6,5,70,True,
0,ok,True,99901399,True,True,DONE,,,0,316477884f0c6a1d345eadaf31194ba387e7154957ca4ea96049312a82cf83c4,no_explicit_terminal_engine_result,35,EpisodeState.COMPLETED,1,12,55535922,win,True,56,0,True,win,/private/tmp/kaggle_eps/55565056/replays/episode-99901399-replay.json,1,e4730bd1e9ff0b212ee4509617910c074c473e8c767c343436ce34f959d7c6ca,227,54,55565056,reached,19,True,False,1,1,19,6,9,4,11,17,6,10,149,True,,reached,29,True,False,1,1,12,3,5,4,9,12,5,15,195,True,,reached,9,True,False,1,1,32,24,2,6,11,23,6,5,83,True,
0,ok,True,99889514,True,True,DONE,,,0,c20214a0851dd0d50d7c2d1ac884d3ba854e78032ce94578b31817fdc99047fd,no_explicit_terminal_engine_result,30,EpisodeState.COMPLETED,1,8,55558605,win,False,50,1,True,win,/private/tmp/kaggle_eps/55565056/replays/episode-99889514-replay.json,1,843df8bf828386b5d678884eecae892ee457a6c617feaaf036a4a31d5bd9ba98,135,50,55565056,reached,20,True,False,1,1,19,13,5,1,4,15,6,10,105,True,,reached,30,True,False,1,1,8,3,4,1,5,8,6,15,130,True,,reached,10,True,False,1,1,48,26,19,3,6,34,6,5,58,True,
0,ok,True,99877455,True,True,DONE,,,1,be76dc3abea074acfdc8f6ec763a564f4930caabf32353615bd657055798dc66,no_explicit_terminal_engine_result,27,EpisodeState.COMPLETED,1,14,55463678,win,True,41,1,True,win,/private/tmp/kaggle_eps/55565056/replays/episode-99877455-replay.json,1,544d2ddf32dcd539d16f876202b737ee03ebc26ce5573a6779b90ddf295a1bf5,111,36,55565056,reached,19,False,False,1,1,33,24,4,5,14,18,6,10,87,False,,ended_before,,,,,,,,,,,,,,,,29,reached,9,True,False,1,1,42,32,5,5,5,23,6,5,60,True,
0,ok,True,99877672,False,False,DONE,,,0,c84c64ebf236bba4c7d0c3bf6cc1b1080dca2319a4e01e8b6ced8b2b7a6998cd,no_explicit_terminal_engine_result,12,EpisodeState.COMPLETED,-1,23,54614362,loss,True,13,0,True,loss,/private/tmp/kaggle_eps/55565056/replays/episode-99877672-replay.json,-1,eb4c98b12a482b839543efb0e5435df4982a398dbc637bb75f1ffd278a1d45b5,103,13,55565056,ended_before,,,,,,,,,,,,,,,,19,ended_before,,,,,,,,,,,,,,,,29,reached,9,True,False,1,1,33,20,8,5,8,40,5,5,77,True,
0,ok,True,99865153,False,False,DONE,,,0,3c71084416b037617855c2db0b1db71cbe3024afd7096b33e37dff77b18ab1fb,no_explicit_terminal_engine_result,12,EpisodeState.COMPLETED,-1,29,55552677,loss,True,16,0,True,loss,/private/tmp/kaggle_eps/55565056/replays/episode-99865153-replay.json,-1,9644b87dc8b3a819ed03e9c1640d53931f493addd7019c22fd6f159f6394787b,83,15,55565056,ended_before,,,,,,,,,,,,,,,,19,ended_before,,,,,,,,,,,,,,,,29,reached,9,True,False,1,1,29,14,11,4,3,40,6,5,72,True,
0,ok,True,99862821,False,False,DONE,,,0,20fe44080c0dedde7e34172d6536daf987d27d6df97c605367f90588cbef8620,no_explicit_terminal_engine_result,18,EpisodeState.COMPLETED,-1,20,54791158,loss,True,36,0,True,loss,/private/tmp/kaggle_eps/55565056/replays/episode-99862821-replay.json,-1,bdaa815a602cdbaba25e9ad8d1859d1e0b172f7a94b69cfa5d27d3cd76e4b5d2,123,28,55565056,ended_before,,,,,,,,,,,,,,,,19,ended_before,,,,,,,,,,,,,,,,29,reached,9,True,False,1,1,39,25,9,5,8,30,6,5,56,True,
0,ok,True,99850981,True,True,DONE,,,0,39cfd0a3799668d303ace81376f28ff28f965406c211de0c9e221ca702722c8e,no_explicit_terminal_engine_result,28,EpisodeState.COMPLETED,-1,9,55367444,loss,True,51,0,True,loss,/private/tmp/kaggle_eps/55565056/replays/episode-99850981-replay.json,-1,a91aafa6f926f2e676f902fb9e12f231a41b7b6d89ba19f9e72a1838800ff0b1,252,45,55565056,reached,19,False,False,1,1,22,11,6,5,15,25,3,10,135,False,,ended_before,,,,,,,,,,,,,,,,29,reached,9,True,False,1,1,46,35,5,6,8,33,6,5,49,True,
0,ok,True,99839147,False,False,DONE,,,0,35315e58f9f8c66287a45ca83dc68d0c6ead96390e1adcc17b9c09dc93546983,no_explicit_terminal_engine_result,8,EpisodeState.COMPLETED,-1,38,55537721,loss,True,9,0,True,loss,/private/tmp/kaggle_eps/55565056/replays/episode-99839147-replay.json,-1,b908ad530b46fe109edad337c41e6147bb1fe7bf828e8a445de915681a6122fa,50,9,55565056,ended_before,,,,,,,,,,,,,,,,19,ended_before,,,,,,,,,,,,,,,,29,ended_before,,,,,,,,,,,,,,,,9
0,ok,True,99827306,True,True,DONE,,,0,118161186e8c07a874065a3f5419e3c30ae4f0f5f275c886c339ffbce085fef4,no_explicit_terminal_engine_result,16,EpisodeState.COMPLETED,1,10,55565773,win,False,25,1,True,win,/private/tmp/kaggle_eps/55565056/replays/episode-99827306-replay.json,1,089c0e534490a520cc867d86da82684757347b525e5c78a1f66ed629a7447aa8,115,25,55565056,ended_before,,,,,,,,,,,,,,,,20,ended_before,,,,,,,,,,,,,,,,30,reached,10,True,False,1,1,19,9,5,5,9,35,6,5,77,True,
0,ok,True,99821239,True,True,DONE,,,1,151a3709411e52529b9460bfe0820578dd9b1f7103d9befefedb128df8f5c54e,no_explicit_terminal_engine_result,25,EpisodeState.COMPLETED,1,5,54328680,win,True,44,1,True,win,/private/tmp/kaggle_eps/55565056/replays/episode-99821239-replay.json,1,9d4d37e04849e2003336d7c960f1f0ba615132a2306910a7dbb31e4dde70ab07,149,44,55565056,reached,19,True,False,1,1,13,4,5,4,3,23,6,10,114,True,,ended_before,,,,,,,,,,,,,,,,29,reached,9,True,False,1,1,31,21,4,6,5,36,6,5,60,True,
0,ok,True,99811853,False,False,DONE,,,1,0dc341e3fd8d1f35cf248e1a02073e9c4a202ae984b5afd6466035936ce2c028,no_explicit_terminal_engine_result,14,EpisodeState.COMPLETED,-1,27,55370667,loss,True,22,1,True,loss,/private/tmp/kaggle_eps/55565056/replays/episode-99811853-replay.json,-1,bf0c70838b580120d0ce7eedeeed59dfc3264afb81c09b4d643439b65a714dbd,102,21,55565056,ended_before,,,,,,,,,,,,,,,,19,ended_before,,,,,,,,,,,,,,,,29,reached,9,True,False,1,1,31,16,11,4,2,34,6,5,78,True,
0,ok,True,99800139,False,False,DONE,,,1,96e56e16f537b454a811d6a1055b2231994eee6ebdfe4a736ce68860ef7f84c1,no_explicit_terminal_engine_result,8,EpisodeState.COMPLETED,-1,37,54917543,loss,True,15,1,True,loss,/private/tmp/kaggle_eps/55565056/replays/episode-99800139-replay.json,-1,56fcbc39711b27534880f4ceaf144eb87eb2c013b435373250765d8dc03ffcf2,68,11,55565056,ended_before,,,,,,,,,,,,,,,,19,ended_before,,,,,,,,,,,,,,,,29,ended_before,,,,,,,,,,,,,,,,9
0,ok,True,99788300,False,False,DONE,,,0,8c0de0015eb257cb98ae981a2a3126c6dd4fe58c1e5b3da80cc86b33745b4190,no_explicit_terminal_engine_result,14,EpisodeState.COMPLETED,-1,25,55476929,loss,True,24,0,True,loss,/private/tmp/kaggle_eps/55565056/replays/episode-99788300-replay.json,-1,c2c3233d212e69c458ec53daec1b129fba8321458e2865283621968f5da7f753,112,19,55565056,ended_before,,,,,,,,,,,,,,,,19,ended_before,,,,,,,,,,,,,,,,29,reached,9,True,False,1,1,36,21,12,3,11,31,6,5,73,True,
0,ok,True,99776054,False,False,DONE,,,0,df4587654cf9c1b238208d6308e5fbc0f844b94c1141a5c019504c60d181a905,no_explicit_terminal_engine_result,37,EpisodeState.COMPLETED,1,19,55546292,win,True,50,0,True,win,/private/tmp/kaggle_eps/55565056/replays/episode-99776054-replay.json,1,76e605ad842f7fcfa9783dc43644eba822ab0936a54ddebd2569b067f0f4518d,138,39,55565056,reached,19,False,False,1,1,31,21,4,6,17,22,4,10,74,False,,reached,29,True,False,1,1,22,10,8,4,5,12,3,15,113,True,,reached,9,True,False,1,1,41,30,5,6,12,29,6,5,45,True,
0,ok,True,99767613,False,False,DONE,,,0,81c8642e3d71d7ff3692f0b4308fa8a55982cd71524fc4fb6bf7b9c896829af7,no_explicit_terminal_engine_result,60,EpisodeState.COMPLETED,-1,28,55381155,loss,True,62,0,True,loss,/private/tmp/kaggle_eps/55565056/replays/episode-99767613-replay.json,-1,8e5195c3b30f9d986bfd38e5a1d6d9bc50ed467508af365a831389366fa95519,138,40,55565056,reached,19,True,False,1,1,39,29,4,6,9,21,6,10,73,True,,reached,29,True,False,1,1,34,24,4,6,12,16,6,15,88,True,,reached,9,True,False,1,1,47,35,6,6,11,28,6,5,47,True,
0,ok,True,99764031,False,False,DONE,,,0,78d2cc64c58ab71f112e04334c830a6d2cd36321f5f8338d03fb68b3a2c2ec3e,no_explicit_terminal_engine_result,15,EpisodeState.COMPLETED,-1,35,55495282,loss,False,27,1,True,loss,/private/tmp/kaggle_eps/55565056/replays/episode-99764031-replay.json,-1,473ce68f671c83b14ea7c65070f4988f9dd654ecc958405ac0ed6aa5b0d29269,146,24,55565056,ended_before,,,,,,,,,,,,,,,,20,ended_before,,,,,,,,,,,,,,,,30,reached,10,True,False,1,1,37,23,10,4,10,38,6,5,98,True,
0,ok,True,99751809,False,False,DONE,,,0,421dbc868ca2508d08025a6ee7ff6656cc097fdfe7fd3c1655da1eadc5108a21,no_explicit_terminal_engine_result,19,EpisodeState.COMPLETED,-1,17,55558124,loss,False,33,1,True,loss,/private/tmp/kaggle_eps/55565056/replays/episode-99751809-replay.json,-1,f8a947d811359ba1be7c6ca3dbfc52dde2c12bfa7d96ce9977cb2e25e7c1748f,130,31,55565056,ended_before,,,,,,,,,,,,,,,,20,ended_before,,,,,,,,,,,,,,,,30,reached,10,True,False,1,1,23,16,5,2,2,22,6,5,94,True,
0,ok,True,99752225,False,False,DONE,,,0,2509c6f814622610850653075382eec58dfe8a7322a67ad8b267cc40086173ba,no_explicit_terminal_engine_result,20,EpisodeState.COMPLETED,1,31,55523806,win,False,27,1,True,win,/private/tmp/kaggle_eps/55565056/replays/episode-99752225-replay.json,1,9dc89ebcf4315fffe5792ba64bcc5f25ea0c1f62d783acc3ee80dda6a547659c,106,24,55565056,reached,20,True,False,1,1,31,22,7,2,11,28,2,10,103,True,,ended_before,,,,,,,,,,,,,,,,30,reached,10,True,False,1,1,40,32,4,4,12,33,6,5,59,True,
0,ok,True,99740387,True,True,DONE,,,0,8a76a4a583552209f762084e2abff62f89e98a66c8839c08c191e8f879b85f5c,no_explicit_terminal_engine_result,14,EpisodeState.COMPLETED,-1,9,55421127,loss,True,40,0,True,loss,/private/tmp/kaggle_eps/55565056/replays/episode-99740387-replay.json,-1,5de54b0ffcd068628876c2ea525d70841749c75e3b86f7e2a4fbd75618dbf8c7,141,39,55565056,ended_before,,,,,,,,,,,,,,,,19,ended_before,,,,,,,,,,,,,,,,29,reached,9,True,False,1,1,30,12,15,3,12,23,6,5,92,True,
0,ok,True,99728066,False,False,DONE,,,0,6f39e253b77deceea2912961216bd093c03511f5522d9376203921390bc82c12,no_explicit_terminal_engine_result,13,EpisodeState.COMPLETED,-1,23,55353763,loss,False,35,1,True,loss,/private/tmp/kaggle_eps/55565056/replays/episode-99728066-replay.json,-1,3a6866d9313619ea4599d12d574ef036de7742aef65fd56cf1770ba956af69b0,159,32,55565056,ended_before,,,,,,,,,,,,,,,,20,ended_before,,,,,,,,,,,,,,,,30,reached,10,True,False,1,1,25,18,5,2,5,27,6,5,127,True,
0,ok,True,99716198,False,False,DONE,,,1,576b0462117d34e08910026d6ff54a0a05eca919036170947edd48af3ddde45b,no_explicit_terminal_engine_result,17,EpisodeState.COMPLETED,1,23,55536684,win,True,31,1,True,win,/private/tmp/kaggle_eps/55565056/replays/episode-99716198-replay.json,1,2e09f4aa82fd259f7fe2d2e309854f40431355b75a80e148bdd464fa24486752,103,29,55565056,ended_before,,,,,,,,,,,,,,,,19,ended_before,,,,,,,,,,,,,,,,29,reached,9,True,False,1,1,28,6,18,4,5,28,6,5,69,True,
0,ok,True,99706092,True,True,DONE,,,0,b2852a3810a30261077ab79b6fd154b1a4415a829b2e086604e889efcd925493,no_explicit_terminal_engine_result,12,EpisodeState.COMPLETED,1,5,53783540,win,False,26,1,True,win,/private/tmp/kaggle_eps/55565056/replays/episode-99706092-replay.json,1,378f1886eae8b454beabedfe851c779cfad78dc4d99ef4fcacf9a902c2c8b8af,105,24,55565056,ended_before,,,,,,,,,,,,,,,,20,ended_before,,,,,,,,,,,,,,,,30,reached,10,True,False,1,1,16,5,7,4,10,28,5,5,86,True,
0,ok,True,99693790,False,False,DONE,,,0,8c7104c82cd77f01bea1cd5edb08ecf2531ecbc87336f7eab4e700d1017b3aa7,no_explicit_terminal_engine_result,17,EpisodeState.COMPLETED,1,20,55228736,win,True,33,0,True,win,/private/tmp/kaggle_eps/55565056/replays/episode-99693790-replay.json,1,7d5e9547e42c3bb7d3b3ab4a9e3ce2e023b402270c9360765b00dd55a826c5b7,141,25,55565056,ended_before,,,,,,,,,,,,,,,,19,ended_before,,,,,,,,,,,,,,,,29,reached,9,True,False,1,1,34,24,4,6,10,34,4,5,76,True,
0,ok,True,99686260,True,True,DONE,,,0,d59cac47ccfc7125a37dfc2089e1ab0a8bf36d95815c62f67011b9ea777d5395,no_explicit_terminal_engine_result,22,EpisodeState.COMPLETED,1,14,54959873,win,False,47,1,True,win,/private/tmp/kaggle_eps/55565056/replays/episode-99686260-replay.json,1,0fa375961aba53074e667ad0f3d4dd68abbde54b16dbd426c4c561be724754ba,263,40,55565056,reached,20,True,False,1,1,14,8,4,2,8,23,1,10,234,True,,ended_before,,,,,,,,,,,,,,,,30,reached,10,True,False,1,1,27,16,6,5,11,35,4,5,104,True,
0,ok,True,99674532,False,False,DONE,,,0,ca741a35a096f1cee5668b481c69e9847fa9b13647376a79aa040f9a573c4e62,no_explicit_terminal_engine_result,16,EpisodeState.COMPLETED,-1,25,53776102,loss,True,31,0,True,loss,/private/tmp/kaggle_eps/55565056/replays/episode-99674532-replay.json,-1,6ed908cd29418a461cdf49a271dd803fd9ad20651683c3645e68f23efd85256d,168,31,55565056,ended_before,,,,,,,,,,,,,,,,19,ended_before,,,,,,,,,,,,,,,,29,reached,9,True,False,1,1,36,26,6,4,6,31,6,5,93,True,
0,ok,True,99662738,False,False,DONE,,,0,7fe0d55f2adf9ce55e82a612a1486454caa6a2a3a35fcb8ab1dcc9d63015b744,no_explicit_terminal_engine_result,8,EpisodeState.COMPLETED,-1,36,54629901,loss,True,14,0,True,loss,/private/tmp/kaggle_eps/55565056/replays/episode-99662738-replay.json,-1,a7a17190e865aea5c4b1625eeca3b2ebb6f31e8d5cc007e3d3c1d232e4e6a847,71,14,55565056,ended_before,,,,,,,,,,,,,,,,19,ended_before,,,,,,,,,,,,,,,,29,ended_before,,,,,,,,,,,,,,,,9
0,ok,True,99657469,True,True,DONE,,,0,ca6fd831388b3cfd96cb01bacc9eab890a8687a5c749055c6530e92c8e2f031a,no_explicit_terminal_engine_result,22,EpisodeState.COMPLETED,1,13,53767559,win,False,39,1,True,win,/private/tmp/kaggle_eps/55565056/replays/episode-99657469-replay.json,1,3f919ea9b4b46b6feea97eaf703beb4f374c1f232cdf8fcbccf33fa443fc5386,137,35,55565056,reached,20,False,False,1,1,13,4,4,5,13,18,2,10,126,False,,ended_before,,,,,,,,,,,,,,,,30,reached,10,True,False,1,1,26,14,7,5,12,25,6,5,78,True,
0,ok,True,99645620,False,False,DONE,,,0,2443570b9f5a87ede74a49414d8fcfadf4c26313b41ee158ce7acdb8a7d607a5,no_explicit_terminal_engine_result,3,EpisodeState.COMPLETED,-1,57,55550045,loss,False,5,1,True,loss,/private/tmp/kaggle_eps/55565056/replays/episode-99645620-replay.json,-1,a4b04e9bb98ee5a4cc5711890e7fd20d9270b3e199dadeacd22cb503229d5990,34,5,55565056,ended_before,,,,,,,,,,,,,,,,20,ended_before,,,,,,,,,,,,,,,,30,ended_before,,,,,,,,,,,,,,,,10
0,ok,True,99643488,True,True,DONE,,,1,7a7c08f246598f74f2678b48fbd1726a8a99c2fdf3a8a5c078deec7809755e5f,no_explicit_terminal_engine_result,18,EpisodeState.COMPLETED,-1,10,55529028,loss,True,38,1,True,loss,/private/tmp/kaggle_eps/55565056/replays/episode-99643488-replay.json,-1,166a8846158c5a0011a55a3aeb27369e980ab824ca87f51c77f176a88fb6179c,110,34,55565056,ended_before,,,,,,,,,,,,,,,,19,ended_before,,,,,,,,,,,,,,,,29,reached,9,False,False,1,1,27,11,12,4,15,19,6,5,66,False,
0,ok,True,99631644,False,False,DONE,,,0,e243c1e8c83153329c85d347026aa271b34727eb79d1a5bf084ae41551f63b20,no_explicit_terminal_engine_result,16,EpisodeState.COMPLETED,1,18,54078535,win,False,24,1,True,win,/private/tmp/kaggle_eps/55565056/replays/episode-99631644-replay.json,1,708cd17417520e39385bef2fd1ad28bd52364621195d4040f737bc80e7c14b7a,110,23,55565056,ended_before,,,,,,,,,,,,,,,,20,ended_before,,,,,,,,,,,,,,,,30,reached,10,True,False,1,1,25,14,9,2,2,29,6,5,88,True,
0,ok,True,99627055,False,False,DONE,,,0,8fccf3f0610eb82d5639fd084f67f7d1112f8cf07942bd923697f703f1ec13fe,no_explicit_terminal_engine_result,14,EpisodeState.COMPLETED,1,22,55219961,win,False,32,1,True,win,/private/tmp/kaggle_eps/55565056/replays/episode-99627055-replay.json,1,f2ca236f446f6ee414c66a9bf4197ebbcf302f4429b9da375ac59127dcb9cdd8,121,27,55565056,ended_before,,,,,,,,,,,,,,,,20,ended_before,,,,,,,,,,,,,,,,30,reached,10,True,False,1,1,28,10,15,3,7,17,6,5,93,True,
0,ok,True,99619651,False,False,DONE,,,0,4dddcf2e9466111bd59aedc22c79175f343d78e735cb75206f0acd1d400f6ffe,no_explicit_terminal_engine_result,23,EpisodeState.COMPLETED,1,30,55531420,win,True,43,0,True,win,/private/tmp/kaggle_eps/55565056/replays/episode-99619651-replay.json,1,266a8d2ada2bb24c2b14145a02c39474185a133a756152b200ae04631f2c0e50,113,38,55565056,reached,19,True,False,1,1,32,8,20,4,8,21,6,10,97,True,,ended_before,,,,,,,,,,,,,,,,29,reached,9,True,False,1,1,42,24,14,4,6,32,6,5,74,True,
0,ok,True,99607273,False,False,DONE,,,0,acbb0e128470170e6594d3e4ca05e50cdb1f3b0bb5fa57764e136c00ae4dd3b2,no_explicit_terminal_engine_result,28,EpisodeState.COMPLETED,-1,15,54274936,loss,True,51,0,True,loss,/private/tmp/kaggle_eps/55565056/replays/episode-99607273-replay.json,-1,12056e9b0412d41fb48121ce375777f79e762134d9e3123ad74ff530d16cb9be,212,42,55565056,reached,19,False,False,1,1,18,13,3,2,1,19,6,10,152,False,,ended_before,,,,,,,,,,,,,,,,29,reached,9,True,False,1,1,42,31,5,6,8,38,6,5,50,True,
0,ok,True,99595637,True,True,DONE,,,0,15fd20956a1fbace78e4142259eff4ac3aebc864f39924308f77c1fdd8bf29c2,no_explicit_terminal_engine_result,20,EpisodeState.COMPLETED,1,11,55549971,win,False,39,1,True,win,/private/tmp/kaggle_eps/55565056/replays/episode-99595637-replay.json,1,5483f306a0b71daf009bddfd999b6921c704527c46d09ab157db55a60cfe0d9b,137,37,55565056,reached,20,True,False,1,1,11,0,8,3,9,19,5,10,130,True,,ended_before,,,,,,,,,,,,,,,,30,reached,10,True,False,1,1,18,6,8,4,12,24,6,5,96,True,
0,ok,True,99594483,False,False,DONE,,,0,85cc93be13af02bcd885f39ec5d35f509223f9e5a43a3a9991b24ba148d01592,no_explicit_terminal_engine_result,14,EpisodeState.COMPLETED,-1,19,55565439,loss,True,33,0,True,loss,/private/tmp/kaggle_eps/55565056/replays/episode-99594483-replay.json,-1,0365aced6770b4e0842edc20f5f5dcbc1a9b6c88a74261955431a647e0fa782a,126,29,55565056,ended_before,,,,,,,,,,,,,,,,19,ended_before,,,,,,,,,,,,,,,,29,reached,9,False,False,1,1,38,20,15,3,15,33,6,5,75,False,
0,ok,True,99594445,False,False,DONE,,,0,8f35f51865d1e66e6b37e42a73feeaad2f7183055d55ea570cd264c3ce97f2df,no_explicit_terminal_engine_result,16,EpisodeState.COMPLETED,-1,24,55075382,loss,True,38,0,True,loss,/private/tmp/kaggle_eps/55565056/replays/episode-99594445-replay.json,-1,2040be70bb41e7d52c9c2bd263e104e61304f09065d88765b1ca998fca467b5f,132,37,55565056,ended_before,,,,,,,,,,,,,,,,19,ended_before,,,,,,,,,,,,,,,,29,reached,9,True,False,1,1,29,14,11,4,5,32,6,5,79,True,
0,ok,True,99583850,False,False,DONE,,,1,82304ac893ff8024f95113fc6032cd15023fc5e0c597d3429a2a7dd01c77e319,no_explicit_terminal_engine_result,12,EpisodeState.COMPLETED,-1,31,55549760,loss,True,17,1,True,loss,/private/tmp/kaggle_eps/55565056/replays/episode-99583850-replay.json,-1,dbf1b86536e27240ee581f5e192f3a013adefe13d5d5e72e4cb0b5d6afb54b23,81,15,55565056,ended_before,,,,,,,,,,,,,,,,19,ended_before,,,,,,,,,,,,,,,,29,reached,9,True,False,1,1,35,25,6,4,4,35,6,5,60,True,
0,ok,True,99572011,False,False,DONE,,,0,f323c93f45db4acb857f02499fd830843b2543876504c81356664b09af4922a4,no_explicit_terminal_engine_result,14,EpisodeState.COMPLETED,-1,31,55289525,loss,True,18,0,True,loss,/private/tmp/kaggle_eps/55565056/replays/episode-99572011-replay.json,-1,979f47bae27d97efbddc1081733419143285a4d80b2a7560c1d17180b50e6c62,71,18,55565056,ended_before,,,,,,,,,,,,,,,,19,ended_before,,,,,,,,,,,,,,,,29,reached,9,True,False,1,1,32,15,11,6,6,41,6,5,45,True,
0,ok,True,99560206,True,True,DONE,,,0,6f5920f60d37fc403b23a835fe8f52e880f67a23c16d5cebb965affe030af048,no_explicit_terminal_engine_result,20,EpisodeState.COMPLETED,1,13,55550230,win,False,37,1,True,win,/private/tmp/kaggle_eps/55565056/replays/episode-99560206-replay.json,1,6b2d2fe44e75c51a8edc5ab2d08e67303f086b5c8f1895b2710b1b05923b46f6,154,36,55565056,reached,20,True,False,1,1,13,0,10,3,3,20,4,10,149,True,,ended_before,,,,,,,,,,,,,,,,30,reached,10,True,False,1,1,22,9,8,5,10,36,6,5,67,True,
0,ok,True,99551307,False,False,DONE,,,0,4aa9e2d42e2735daf0b9e4ffcf29e67710386961859535ad8f495add034caaef,no_explicit_terminal_engine_result,40,EpisodeState.COMPLETED,1,17,55036068,win,False,52,1,True,win,/private/tmp/kaggle_eps/55565056/replays/episode-99551307-replay.json,1,062e467504d24f65f0a72b168606d3d1a47bada7f83c03abb21cc54f57dec4a6,163,47,55565056,reached,20,True,False,1,1,23,11,7,5,4,14,6,10,114,True,,reached,30,True,False,1,1,17,5,8,4,7,9,6,15,144,True,,reached,10,True,False,1,1,38,31,2,5,8,20,6,5,63,True,
0,ok,True,99547116,False,False,DONE,,,0,3798e4c544ec6be79782dc7d4809ce0e7e1837741a134785c14582b39380584f,no_explicit_terminal_engine_result,13,EpisodeState.COMPLETED,1,26,55327164,win,True,28,0,True,win,/private/tmp/kaggle_eps/55565056/replays/episode-99547116-replay.json,1,716df3cddeb7f1d39e9f8fc1afd937d5ab5ab6727e0b2a4531b9c7dc17845586,118,23,55565056,ended_before,,,,,,,,,,,,,,,,19,ended_before,,,,,,,,,,,,,,,,29,reached,9,False,False,1,1,29,8,16,5,16,30,6,5,87,False,
0,ok,True,99535287,True,True,DONE,,,0,a6e63f764479117d46ae5f13b94c8301f3db10084ac499fde23cdaadf9464165,no_explicit_terminal_engine_result,15,EpisodeState.COMPLETED,1,11,55533228,win,True,28,0,True,win,/private/tmp/kaggle_eps/55565056/replays/episode-99535287-replay.json,1,0b0f9b0ab0b1a13d338a6b518bfdb9e278ac33639e60874ecbae48f9ebda0625,90,27,55565056,ended_before,,,,,,,,,,,,,,,,19,ended_before,,,,,,,,,,,,,,,,29,reached,9,True,False,1,1,19,10,5,4,9,34,6,5,64,True,
0,ok,True,99522976,False,False,DONE,,,0,b23a2e8bf72692b32dea63c1f266405f5f983f2471b090fad99810e808c998cb,no_explicit_terminal_engine_result,19,EpisodeState.COMPLETED,-1,31,55216968,loss,False,39,1,True,loss,/private/tmp/kaggle_eps/55565056/replays/episode-99522976-replay.json,-1,95f70f09de1bd1a63bb81ec332b49724736d7007835be1be69fc63fea3ba1a8a,173,33,55565056,ended_before,,,,,,,,,,,,,,,,20,ended_before,,,,,,,,,,,,,,,,30,reached,10,True,False,1,1,46,36,4,6,4,38,6,5,62,True,
0,ok,True,99510406,True,True,DONE,,,0,0696037e38747c4c942599dfa8d3d39f5b50b6775c648ed49bae318301b9f561,no_explicit_terminal_engine_result,17,EpisodeState.COMPLETED,1,13,54898359,win,True,28,0,True,win,/private/tmp/kaggle_eps/55565056/replays/episode-99510406-replay.json,1,e5d7ea46194c6a28379ca32153cb0548ffa0bf4da6b5c905c388a9524decbdb2,117,25,55565056,ended_before,,,,,,,,,,,,,,,,19,ended_before,,,,,,,,,,,,,,,,29,reached,9,False,False,1,1,27,17,4,6,14,30,6,5,73,False,
0,ok,True,99511171,False,False,DONE,,,1,4199032f88905290609639149d230a7102d20212ba75222f03ddfeec417b5a6a,no_explicit_terminal_engine_result,8,EpisodeState.COMPLETED,-1,28,55247776,loss,True,12,1,True,loss,/private/tmp/kaggle_eps/55565056/replays/episode-99511171-replay.json,-1,45b4a422c68716f7a9163c635de89234043945cbf83cbe63c61894f8c3acb399,62,11,55565056,ended_before,,,,,,,,,,,,,,,,19,ended_before,,,,,,,,,,,,,,,,29,ended_before,,,,,,,,,,,,,,,,9
0,ok,True,99499396,True,True,DONE,,,0,09ab1e7b35d6aa4f871281a4e9e02f63eacdf49924cacf35f26939a44a02e54b,no_explicit_terminal_engine_result,29,EpisodeState.COMPLETED,1,10,55554614,win,True,51,0,True,win,/private/tmp/kaggle_eps/55565056/replays/episode-99499396-replay.json,1,0db3eff0ea471b050ed415cae432b7625b1497ddfec96bae069d1f9ac37d2ead,240,35,55565056,reached,19,False,False,1,1,15,7,5,3,14,26,1,10,191,False,,reached,29,False,False,1,1,10,0,9,1,14,20,1,15,235,False,,reached,9,True,False,1,1,33,23,6,4,9,39,4,5,94,True,
0,ok,True,99487608,False,False,DONE,,,0,6972aaa10a91620c3e6a59c32bb0c29d50419473295cbd5b5a6531e343d2ec6f,no_explicit_terminal_engine_result,42,EpisodeState.COMPLETED,-1,19,54630715,loss,True,62,0,True,loss,/private/tmp/kaggle_eps/55565056/replays/episode-99487608-replay.json,-1,d65718196e71d0d8329ad388aa11f6e1a16a3389a08e5b026b4421ee3690b9bd,155,38,55565056,reached,19,True,False,1,1,33,25,3,5,7,13,3,10,100,True,,reached,29,False,False,1,1,27,15,7,5,19,6,3,15,117,False,,reached,9,False,False,1,1,39,30,3,6,15,18,5,5,58,False,
0,ok,True,99475886,False,False,DONE,,,1,62e00d3f83ecbd5da8dbcf7c7e7359ca39b9d646b4b0203e283b54a432cfb786,no_explicit_terminal_engine_result,45,EpisodeState.COMPLETED,1,15,55558845,win,True,51,1,True,win,/private/tmp/kaggle_eps/55565056/replays/episode-99475886-replay.json,1,17d53a5e80c14d8e22462bf9ba29697816303d26939bd03701df789994540787,135,35,55565056,reached,19,True,False,1,1,41,29,6,6,12,20,6,10,72,True,,reached,29,False,False,1,1,33,17,10,6,14,14,6,15,90,False,,reached,9,True,False,1,1,47,38,3,6,6,26,6,5,51,True,
0,ok,True,99463548,True,True,DONE,,,0,a40d785700f3bc7fbfa633b3d701ae7063d3ef39096ea20aee4c6dd9c5d08346,no_explicit_terminal_engine_result,23,EpisodeState.COMPLETED,1,7,55559988,win,True,48,0,True,win,/private/tmp/kaggle_eps/55565056/replays/episode-99463548-replay.json,1,6bfd3457ca1cb856928af8103e844766f65655486984e7c57a66d8380073398b,137,39,55565056,reached,19,True,False,1,1,13,4,7,2,5,10,6,10,117,True,,ended_before,,,,,,,,,,,,,,,,29,reached,9,True,False,1,1,34,24,6,4,4,28,6,5,63,True,
0,ok,True,99455597,True,True,DONE,,,0,e890d0e4d3f582624020201168d7dc82e865a877298d031e84ee383435e6ca86,no_explicit_terminal_engine_result,25,EpisodeState.COMPLETED,1,11,53923417,win,True,51,0,True,win,/private/tmp/kaggle_eps/55565056/replays/episode-99455597-replay.json,1,bfbed37563e8172bd8cdf5eb5380e57a5ba156fc2e3a7b1c5393d7327d2fdc2f,157,46,55565056,reached,19,True,False,1,1,21,10,6,5,11,20,5,10,119,True,,ended_before,,,,,,,,,,,,,,,,29,reached,9,True,False,1,1,42,30,7,5,5,35,6,5,47,True,
0,ok,True,99455984,False,False,DONE,,,0,07b3cdcf723788bf93548382759985bbc0ed082fdd15dc5eaf536e40b503365f,no_explicit_terminal_engine_result,24,EpisodeState.COMPLETED,1,17,54601925,win,False,41,1,True,win,/private/tmp/kaggle_eps/55565056/replays/episode-99455984-replay.json,1,39a86cee30eb8dc5fc2ddad0b17a917cd9e5fecedba7d5fc916761efb8c89eef,131,39,55565056,reached,20,True,False,1,1,19,8,8,3,8,12,6,10,118,True,,ended_before,,,,,,,,,,,,,,,,30,reached,10,True,False,1,1,36,15,17,4,9,25,6,5,80,True,
0,ok,True,99444172,True,True,DONE,,,0,b791745e12e19eda9d8f4bd2665855802e87a143727e7fab037a4e83644b2352,no_explicit_terminal_engine_result,23,EpisodeState.COMPLETED,1,12,55549365,win,True,45,0,True,win,/private/tmp/kaggle_eps/55565056/replays/episode-99444172-replay.json,1,b7f93b9add7efa41cff53854cdacf9261db568de8c053a3d19f80cdde670a9b8,227,27,55565056,reached,19,False,False,1,1,15,9,2,4,20,15,2,10,179,False,,ended_before,,,,,,,,,,,,,,,,29,reached,9,True,False,1,1,36,26,4,6,12,28,6,5,70,True,
0,ok,True,99440602,True,True,DONE,,,1,6ee98ca79c2ffa155b08a2b316c9b4a1c7af6eebcb0cf7bdca3a6e1b9afa95d5,no_explicit_terminal_engine_result,41,EpisodeState.COMPLETED,1,10,55557554,win,True,58,1,True,win,/private/tmp/kaggle_eps/55565056/replays/episode-99440602-replay.json,1,2bc81884ff0018dd7e38cfbee3c0fb1dd1f5f24a9d647fc8426ddacd63287d29,148,54,55565056,reached,19,True,False,1,1,32,25,4,3,7,17,6,10,88,True,,reached,29,True,False,1,1,19,11,5,3,6,11,6,15,117,True,,reached,9,False,False,1,1,49,39,5,5,19,28,6,5,47,False,
0,ok,True,99430293,False,False,DONE,,,1,a6c8a2807a8a5e2b4c0397d4a305bd40f144daaaedabbcdfa7164f07df58e02a,no_explicit_terminal_engine_result,5,EpisodeState.COMPLETED,1,52,53877341,win,True,9,1,True,win,/private/tmp/kaggle_eps/55565056/replays/episode-99430293-replay.json,1,70a3737d16fe1cc49a2d98fae384b4674dd21983f82a908bac31bd6bfc54cd3b,22,9,55565056,ended_before,,,,,,,,,,,,,,,,19,ended_before,,,,,,,,,,,,,,,,29,ended_before,,,,,,,,,,,,,,,,9
0,ok,True,99426251,True,True,DONE,,,0,174e65a24c851a4a3c23a3041920b5029a7d35134200a14bc580289d5ae1c23c,no_explicit_terminal_engine_result,26,EpisodeState.COMPLETED,-1,7,53842586,loss,True,43,0,True,loss,/private/tmp/kaggle_eps/55565056/replays/episode-99426251-replay.json,-1,4283eec2743391f3799254db95fdd422ba1df8a94ee823ff452f4ad50296aef2,156,35,55565056,reached,19,True,False,1,1,11,4,5,2,11,12,4,10,124,True,,ended_before,,,,,,,,,,,,,,,,29,reached,9,False,False,1,1,28,13,9,6,15,30,6,5,72,False,
0,ok,True,99414440,True,True,DONE,,,1,4421a01a5f39929406125b3627647c5be8d903ce73ced8f0ca64729ca08a5736,no_explicit_terminal_engine_result,23,EpisodeState.COMPLETED,1,10,55370409,win,True,43,1,True,win,/private/tmp/kaggle_eps/55565056/replays/episode-99414440-replay.json,1,77fa3f96addd60219da9715563ec89b454175d962f4d76c378e3ef240b80bed2,126,35,55565056,reached,19,True,False,1,1,10,2,2,6,10,13,6,10,112,True,,ended_before,,,,,,,,,,,,,,,,29,reached,9,True,False,1,1,29,8,15,6,7,28,6,5,86,True,
0,ok,True,99410574,True,True,DONE,,,0,b778d2f7d78992abd9a2f4b1559f2767bfaf8814c3bc46f08b4274ea6c0b77b2,no_explicit_terminal_engine_result,17,EpisodeState.COMPLETED,-1,10,54104518,loss,False,35,1,True,loss,/private/tmp/kaggle_eps/55565056/replays/episode-99410574-replay.json,-1,bd656e74687edecf0958ac3c573bedc34769b069257e2e9ea4c9e42d8f99adf3,134,33,55565056,ended_before,,,,,,,,,,,,,,,,20,ended_before,,,,,,,,,,,,,,,,30,reached,10,False,False,1,1,19,7,8,4,20,28,5,5,94,False,
0,ok,True,99398820,False,False,DONE,,,0,5799e5a6671118fabb92913a19543e41be5eb93ba06f28284cc2c24650c06c5e,no_explicit_terminal_engine_result,9,EpisodeState.COMPLETED,-1,37,55558051,loss,False,12,1,True,loss,/private/tmp/kaggle_eps/55565056/replays/episode-99398820-replay.json,-1,63946793543f5278e8a5eead0b3ddb33e656b0328eec80adaa150b0bb0c1ee53,80,11,55565056,ended_before,,,,,,,,,,,,,,,,20,ended_before,,,,,,,,,,,,,,,,30,ended_before,,,,,,,,,,,,,,,,10
0,ok,True,99389681,False,False,DONE,,,0,74256b7e29ddbccd284a465a4426f3c072b71726cc8360adf2cf633fc3ad1dfd,no_explicit_terminal_engine_result,21,EpisodeState.COMPLETED,1,16,55247382,win,True,40,0,True,win,/private/tmp/kaggle_eps/55565056/replays/episode-99389681-replay.json,1,0427c0249b87e83552c7039eee31b7872a50b7c382bd1fa0bfd9aee2e740f04c,144,34,55565056,reached,19,False,False,1,1,17,3,12,2,16,7,6,10,136,False,,ended_before,,,,,,,,,,,,,,,,29,reached,9,True,False,1,1,48,37,5,6,5,29,6,5,43,True,
0,ok,True,99379175,False,False,DONE,,,1,db104521934ad86e46fcd4c4692af5bf01e942dc7244935558bcd9702648a718,no_explicit_terminal_engine_result,35,EpisodeState.COMPLETED,1,15,55494033,win,True,46,1,True,win,/private/tmp/kaggle_eps/55565056/replays/episode-99379175-replay.json,1,adb3ff2300081b62b59c48b30014adbfed0f21675f2ab6fcb02084f3377c8aa1,163,41,55565056,reached,19,True,False,1,1,34,23,5,6,6,25,6,10,86,True,,reached,29,True,False,1,1,21,9,7,5,6,28,4,15,133,True,,reached,9,True,False,1,1,34,28,0,6,3,31,6,5,72,True,
0,ok,True,99367148,True,True,DONE,,,0,b4efdaf7cfcefe4b2a928dc553283ae118d5cbc85750a9a178c0b5aaa8eeedc9,no_explicit_terminal_engine_result,31,EpisodeState.COMPLETED,1,13,54491135,win,True,44,0,True,win,/private/tmp/kaggle_eps/55565056/replays/episode-99367148-replay.json,1,51a0086cd7f30d154aece3cac206dea94626a29641bf902f240a116133e53d2e,136,42,55565056,reached,19,True,False,1,1,23,13,5,5,8,25,6,10,105,True,,reached,29,True,False,1,1,14,3,6,5,6,14,6,15,128,True,,reached,9,True,False,1,1,34,23,6,5,6,31,6,5,73,True,
0,ok,True,99367371,False,False,DONE,,,0,15c547809a18ec7c34c113c1527717ffedd74f6b79bdc62ad67d6aa14ae510f7,no_explicit_terminal_engine_result,38,EpisodeState.COMPLETED,1,18,54286573,win,False,52,1,True,win,/private/tmp/kaggle_eps/55565056/replays/episode-99367371-replay.json,1,9ddd0c50a241db604e13fce5d9efac382b2e30cc975279f5894eb034fb01edb0,153,45,55565056,reached,20,True,False,1,1,29,23,1,5,2,18,2,10,103,True,,reached,30,True,False,1,1,22,17,0,5,4,9,2,15,135,True,,reached,10,False,False,1,1,38,30,2,6,16,36,6,5,56,False,
0,ok,True,99355353,False,False,DONE,,,0,e4673777012d861fa05e35c684f0f3d6d5cfa47a6318232ec6f7f63977de7714,no_explicit_terminal_engine_result,22,EpisodeState.COMPLETED,-1,23,55495282,loss,True,48,0,True,loss,/private/tmp/kaggle_eps/55565056/replays/episode-99355353-replay.json,-1,bcf9610823b8fed06251bafe15252acc3acdf6401ea73be59aa959b64fb51c72,228,34,55565056,reached,19,False,False,1,1,24,13,7,4,16,15,3,10,185,False,,ended_before,,,,,,,,,,,,,,,,29,reached,9,False,False,1,1,36,28,2,6,22,24,6,5,87,False,
0,ok,True,99353596,True,True,DONE,,,0,08f066486b58c909e88e4d76a7c0879843edcf03530d152a23a29a1f6c1913d3,no_explicit_terminal_engine_result,20,EpisodeState.COMPLETED,1,7,54336448,win,False,38,1,True,win,/private/tmp/kaggle_eps/55565056/replays/episode-99353596-replay.json,1,3f290edf54bf7c90fcd9e89c48424d6b7685d494e20e3a344fa266f34254430f,127,37,55565056,reached,20,True,False,1,1,7,1,3,3,6,12,5,10,125,True,,ended_before,,,,,,,,,,,,,,,,30,reached,10,True,False,1,1,17,7,7,3,6,22,5,5,91,True,
0,ok,True,99341746,True,True,DONE,,,0,067e3a3855c14ef3371c07fa09072f9813cc0fc22771ec724e4ef4831f9b0852,no_explicit_terminal_engine_result,23,EpisodeState.COMPLETED,1,13,54370628,win,True,41,0,True,win,/private/tmp/kaggle_eps/55565056/replays/episode-99341746-replay.json,1,d3ce2bb0ff52b7ab426401c21d6377843c91944f681faea3f441e466b71537bf,107,36,55565056,reached,19,False,False,1,1,16,8,4,4,13,21,6,10,84,False,,ended_before,,,,,,,,,,,,,,,,29,reached,9,True,False,1,1,29,19,5,5,11,33,6,5,51,True,
0,ok,True,99329883,True,True,DONE,,,1,96814171eec680f5c7f865a276780c20358bfce715290391e7d21768423b5499,no_explicit_terminal_engine_result,15,EpisodeState.COMPLETED,1,10,55539634,win,True,31,1,True,win,/private/tmp/kaggle_eps/55565056/replays/episode-99329883-replay.json,1,4767285e70219b7078c16398eb8f9738391d4e101cf8a4ed367adeb3055ff192,104,29,55565056,ended_before,,,,,,,,,,,,,,,,19,ended_before,,,,,,,,,,,,,,,,29,reached,9,True,False,1,1,29,8,17,4,10,24,6,5,84,True,
0,ok,True,99316465,True,True,DONE,,,0,ce78db0615d7e415680c14478885616fa2c5b79bbd82ffe4d267898dc98bcc03,no_explicit_terminal_engine_result,53,EpisodeState.COMPLETED,-1,9,55309223,loss,False,68,1,True,loss,/private/tmp/kaggle_eps/55565056/replays/episode-99316465-replay.json,-1,3f47be3198bf7d965fe579c028a52211f9d21b60f8e7b2f3d64695b405841638,182,67,55565056,reached,20,True,False,1,1,33,26,2,5,6,23,5,10,77,True,,reached,30,True,False,1,1,23,17,2,4,8,13,5,15,126,True,,reached,10,True,False,1,1,44,38,0,6,6,28,6,5,50,True,
0,ok,True,99317581,False,False,DONE,,,1,826010bcc32b3984b67a6990ca97cfdaffe3af01a4a307c967e01541590def7f,no_explicit_terminal_engine_result,20,EpisodeState.COMPLETED,-1,19,55563423,loss,True,30,1,True,loss,/private/tmp/kaggle_eps/55565056/replays/episode-99317581-replay.json,-1,15436528b63eb7b6a19262a3e0aeffb6d8bcb9d7ad790d1036ff3cb8e0ca05c5,126,30,55565056,reached,19,True,False,1,1,20,4,15,1,3,29,5,10,118,True,,ended_before,,,,,,,,,,,,,,,,29,reached,9,True,False,1,1,43,30,7,6,6,40,6,5,43,True,
0,ok,True,99305777,True,True,DONE,,,0,708358a7a415b9f4a3da74d5464e442817abc27ea8c6489ebcbaddade9582169,no_explicit_terminal_engine_result,27,EpisodeState.COMPLETED,1,13,55418033,win,True,46,0,True,win,/private/tmp/kaggle_eps/55565056/replays/episode-99305777-replay.json,1,f96fd9ddf3907b5bde947847b4398e7ba66f30a970e63f0a018187d68fbfde8b,136,38,55565056,reached,19,True,False,1,1,24,13,5,6,11,23,6,10,102,True,,ended_before,,,,,,,,,,,,,,,,29,reached,9,True,False,1,1,46,36,4,6,5,42,6,5,42,True,
0,ok,True,99296181,False,False,DONE,,,0,a8c95b1ad2fbab780e26441f95b1fd1bb067b73f0e799d1ffed4e5b186b9ce9b,no_explicit_terminal_engine_result,20,EpisodeState.COMPLETED,-1,35,55565554,loss,True,27,0,True,loss,/private/tmp/kaggle_eps/55565056/replays/episode-99296181-replay.json,-1,5d5ee6fa401a6320eed48c0695d10b704600816fe7846bee35823a41b0130b15,87,25,55565056,reached,19,True,False,1,1,35,27,6,2,8,20,5,10,82,True,,ended_before,,,,,,,,,,,,,,,,29,reached,9,True,False,1,1,43,36,3,4,8,31,5,5,46,True,
0,ok,True,99284327,True,True,DONE,,,0,e9cba80a442e3bc9d5e997ff01d75d058f05a861ce056b3423ee49c905ca5523,no_explicit_terminal_engine_result,22,EpisodeState.COMPLETED,1,12,55003754,win,False,39,1,True,win,/private/tmp/kaggle_eps/55565056/replays/episode-99284327-replay.json,1,3be4cf9e88257e045a9270e8d60335e471ac0b82e3c1205cf69d8a451a80ba81,118,34,55565056,reached,20,True,False,1,1,13,4,4,5,10,17,6,10,109,True,,ended_before,,,,,,,,,,,,,,,,30,reached,10,False,False,1,1,45,35,4,6,13,29,6,5,51,False,
0,ok,True,99278736,False,False,DONE,,,0,4efc65487da93d6100b1e9c3ef8d4b6112a15260e73fa0aef54bef3fb07318e6,no_explicit_terminal_engine_result,19,EpisodeState.COMPLETED,1,24,55560671,win,True,41,0,True,win,/private/tmp/kaggle_eps/55565056/replays/episode-99278736-replay.json,1,a0f6000a6dddcdd8f869adcbd818de117844fd5e673a6692e4135484c91a2d9a,124,38,55565056,reached,19,True,False,1,1,24,0,21,3,6,6,5,10,116,True,,ended_before,,,,,,,,,,,,,,,,29,reached,9,True,False,1,1,36,18,14,4,9,27,6,5,73,True,
0,ok,True,99277721,True,True,DONE,,,0,cbc34f9467c2073638edc8e75194b3457771a9d44670c4cdff89a8f29a69e98e,no_explicit_terminal_engine_result,30,EpisodeState.COMPLETED,1,10,55546006,win,False,53,1,True,win,/private/tmp/kaggle_eps/55565056/replays/episode-99277721-replay.json,1,05399d6ef138caca4c11340ba11695ea99f61d1fe365a1cf9a2c57c3e583c444,227,45,55565056,reached,20,True,False,1,1,19,11,4,4,7,12,4,10,156,True,,reached,30,True,False,1,1,10,4,4,2,7,1,2,15,224,True,,reached,10,False,False,1,1,41,32,3,6,25,17,6,5,67,False,
0,ok,True,99274012,False,False,DONE,,,0,4acf694a6ad84330a6a1edcdfe5dc18e3bae648bf69f26cdd6fedcc9fdd3d9d4,no_explicit_terminal_engine_result,8,EpisodeState.COMPLETED,-1,19,54078186,loss,True,15,0,True,loss,/private/tmp/kaggle_eps/55565056/replays/episode-99274012-replay.json,-1,c7a71962e88d3d8857709966d30e60340e6a878daf54c637615f37a51559729d,84,14,55565056,ended_before,,,,,,,,,,,,,,,,19,ended_before,,,,,,,,,,,,,,,,29,ended_before,,,,,,,,,,,,,,,,9
0,ok,True,99274248,False,False,DONE,,,0,9904cd329563a9d0ff7725024fef8a27dbf1337ce0436df0b83ccc463d7aa9e0,no_explicit_terminal_engine_result,18,EpisodeState.COMPLETED,-1,16,54812849,loss,True,36,0,True,loss,/private/tmp/kaggle_eps/55565056/replays/episode-99274248-replay.json,-1,16817de1f0feefd833d1c44086369a0d884a70a5d78f099365903dc2fcaa32bb,129,31,55565056,ended_before,,,,,,,,,,,,,,,,19,ended_before,,,,,,,,,,,,,,,,29,reached,9,True,False,1,1,40,21,14,5,11,21,6,5,69,True,
0,ok,True,99262401,False,False,DONE,,,0,0a95835705fce40144ddc1fa626f9c2609fbcf2021b9518ae21ad61cb4b283d4,no_explicit_terminal_engine_result,16,EpisodeState.COMPLETED,-1,31,55553499,loss,True,32,0,True,loss,/private/tmp/kaggle_eps/55565056/replays/episode-99262401-replay.json,-1,63a3d14a9a7a323a036094bd1e54602cc36ddd5dddffd2b4bc1a44e3ccafc399,109,30,55565056,ended_before,,,,,,,,,,,,,,,,19,ended_before,,,,,,,,,,,,,,,,29,reached,9,True,False,1,1,39,26,8,5,8,37,4,5,57,True,
0,ok,True,99250630,True,True,DONE,,,0,d2fef0e252ddd4a0ad3d954bc417a3787258fd9258e27f13bfb7c894819da025,no_explicit_terminal_engine_result,21,EpisodeState.COMPLETED,-1,14,55531772,loss,False,31,1,True,loss,/private/tmp/kaggle_eps/55565056/replays/episode-99250630-replay.json,-1,ba2a333f640d2b32e0df556744228362fcbbb82c6bf102b6ea33a679b6f78e96,122,25,55565056,reached,20,False,False,1,1,14,9,4,1,16,16,5,10,117,False,,ended_before,,,,,,,,,,,,,,,,30,reached,10,True,False,1,1,45,40,1,4,6,27,6,5,56,True,
0,ok,True,99248363,True,True,DONE,,,0,118f368a34caf1c37bca25aa9d1da2e9854b0e8af27f34a87171030354f21d40,no_explicit_terminal_engine_result,24,EpisodeState.COMPLETED,1,6,55128396,win,False,41,1,True,win,/private/tmp/kaggle_eps/55565056/replays/episode-99248363-replay.json,1,41f16459ba47eaf5878c6f51de422e10859f86c2dd4e8e8ec854c5e2021893a6,97,41,55565056,reached,20,True,False,1,1,18,12,3,3,5,14,3,10,88,True,,ended_before,,,,,,,,,,,,,,,,30,reached,10,True,False,1,1,28,18,5,5,10,26,6,5,45,True,
0,ok,True,99236522,False,False,DONE,,,0,90e844fa59b6c05956482e351ec2ade6d1f6e72b4bcb73732f03db508d358025,no_explicit_terminal_engine_result,8,EpisodeState.COMPLETED,1,52,55328208,win,False,17,1,True,win,/private/tmp/kaggle_eps/55565056/replays/episode-99236522-replay.json,1,953c3173ed5a8cfc9c1994c2f3f686cd0e9d5ec3afe9aa3284e4e02dd8c14c5e,49,11,55565056,ended_before,,,,,,,,,,,,,,,,20,ended_before,,,,,,,,,,,,,,,,30,ended_before,,,,,,,,,,,,,,,,10
0,ok,True,99224227,True,True,DONE,,,0,03aa444eb452a34ff50264e3a1cc66477e1ce11fa12d54bcb190b53dd9ce7ffa,no_explicit_terminal_engine_result,24,EpisodeState.COMPLETED,1,6,53905082,win,False,52,1,True,win,/private/tmp/kaggle_eps/55565056/replays/episode-99224227-replay.json,1,26aacfd371539c1acce175732a4b2786a93d23176b964c4a6aff8b868e4f4dc3,153,38,55565056,reached,20,True,False,1,1,11,2,7,2,4,6,6,10,137,True,,ended_before,,,,,,,,,,,,,,,,30,reached,10,False,False,1,1,32,19,8,5,14,27,6,5,75,False,
0,ok,True,99220360,False,False,DONE,,,0,2cfc32114bf6ca09e6f4c0ec0a2e7a81e42fded90a5b3801368f2b2dba5740e5,no_explicit_terminal_engine_result,19,EpisodeState.COMPLETED,1,18,55070338,win,True,34,0,True,win,/private/tmp/kaggle_eps/55565056/replays/episode-99220360-replay.json,1,7308a4772a044e935a8e17be47d8fed3cd92804b84d7a6b4048416dd32135f7f,104,31,55565056,reached,19,True,False,1,1,18,4,9,5,7,22,6,10,99,True,,ended_before,,,,,,,,,,,,,,,,29,reached,9,False,False,1,1,26,12,8,6,14,28,6,5,68,False,
0,ok,True,99208000,False,False,DONE,,,0,5941d78ac9806afbecdb339291c155729217ace59a0301f25c174fc519a18ae0,no_explicit_terminal_engine_result,37,EpisodeState.COMPLETED,-1,26,55547287,loss,False,50,1,True,loss,/private/tmp/kaggle_eps/55565056/replays/episode-99208000-replay.json,-1,e1fc58ac46f038a964062cf0cd69343cd44f2b730f4064cc16b33a72f4b210e0,147,49,55565056,reached,20,True,False,1,1,40,18,18,4,8,8,6,10,89,True,,reached,30,True,False,1,1,32,10,18,4,8,3,6,15,118,True,,reached,10,True,False,1,1,44,23,17,4,6,21,6,5,59,True,
0,ok,True,99196153,True,True,DONE,,,1,96b95b1d50937fff4f7590bcef5477a03ff737188364f6701b48e6002fa3d4be,no_explicit_terminal_engine_result,21,EpisodeState.COMPLETED,1,14,55372144,win,True,40,1,True,win,/private/tmp/kaggle_eps/55565056/replays/episode-99196153-replay.json,1,a03efa6dc86a64196d1e4b0359614628a4a13a7f4b2ec869831c692475d6b3ff,112,37,55565056,reached,19,True,False,1,1,15,2,7,6,9,12,6,10,101,True,,ended_before,,,,,,,,,,,,,,,,29,reached,9,True,False,1,1,27,14,7,6,11,20,6,5,62,True,
0,ok,True,99184307,True,True,DONE,,,0,2ea16e5fbe3c022f0297c096464f71ccf92d6a400237e1a097ffb9a967122858,no_explicit_terminal_engine_result,18,EpisodeState.COMPLETED,1,12,55479689,win,False,38,1,True,win,/private/tmp/kaggle_eps/55565056/replays/episode-99184307-replay.json,1,f3b2f4c5a40f1475da646200854ba8b267ab75edeca4945c8a19549d056b1e27,129,38,55565056,ended_before,,,,,,,,,,,,,,,,20,ended_before,,,,,,,,,,,,,,,,30,reached,10,True,False,1,1,23,13,8,2,7,20,6,5,98,True,
0,ok,True,99172466,False,False,DONE,,,0,9a4365fc21bb56777eccac0aa02ef35e3dabaa76ef4f05f5a85ac4e3f5f4e418,no_explicit_terminal_engine_result,15,EpisodeState.COMPLETED,1,20,54909890,win,True,35,0,True,win,/private/tmp/kaggle_eps/55565056/replays/episode-99172466-replay.json,1,9f9c8513357c3f38ebca6ddc874ad5d3be81eecfaec7207164c383203db4a876,120,31,55565056,ended_before,,,,,,,,,,,,,,,,19,ended_before,,,,,,,,,,,,,,,,29,reached,9,False,False,1,1,39,25,10,4,16,31,6,5,65,False,
0,ok,True,99160154,False,False,DONE,,,0,b668def4ce80b48ae7ce888570fd607274fbeb478f4b04c93a905708f47fcf68,no_explicit_terminal_engine_result,12,EpisodeState.COMPLETED,-1,23,54826543,loss,True,24,0,True,loss,/private/tmp/kaggle_eps/55565056/replays/episode-99160154-replay.json,-1,33380137160996721a813ef5bdf47a04578e1d2f7f775a221f5d28d02639f5ad,113,21,55565056,ended_before,,,,,,,,,,,,,,,,19,ended_before,,,,,,,,,,,,,,,,29,reached,9,True,False,1,1,35,25,6,4,7,31,6,5,73,True,
0,ok,True,99148322,False,False,DONE,,,0,63dd94d16812600fce47a097611100623d4e429f0a4d623619e82442134540dd,no_explicit_terminal_engine_result,14,EpisodeState.COMPLETED,-1,27,55563319,loss,True,20,0,True,loss,/private/tmp/kaggle_eps/55565056/replays/episode-99148322-replay.json,-1,dfd858ce5041e73a215c145926e7c30be11b6645162726722f3420b0cd024f8b,91,20,55565056,ended_before,,,,,,,,,,,,,,,,19,ended_before,,,,,,,,,,,,,,,,29,reached,9,True,False,1,1,38,26,7,5,6,35,6,5,42,True,
0,ok,True,99139598,True,False,DONE,,,0,7abb50d8ba7a7c247442a7d5a7b056c12134a6c5a4e91a1a0e1a74a23f927aaf,no_explicit_terminal_engine_result,31,EpisodeState.COMPLETED,1,8,54991577,win,True,56,0,True,win,/private/tmp/kaggle_eps/55565056/replays/episode-99139598-replay.json,1,3fb8790bfce7ec36b50eeed53d90dd1dbae38f9d4a8fab0d2ec80ffc2e90165a,154,24,55565056,reached,19,False,False,1,1,20,10,7,3,13,15,2,10,121,False,,reached,29,False,False,1,1,16,3,10,3,15,2,2,15,148,False,,reached,9,False,False,1,1,47,39,2,6,29,28,6,5,50,False,
0,ok,True,99127788,True,True,DONE,,,0,b1064f3d2d83cc201318fc07517dced0704a40eb7c0f537723479fee746b1436,no_explicit_terminal_engine_result,21,EpisodeState.COMPLETED,1,6,54519471,win,True,34,0,True,win,/private/tmp/kaggle_eps/55565056/replays/episode-99127788-replay.json,1,bae538f31a0e86ccb1d9f8d034de35e2c219222ce1cf553101d03fc16628ce00,124,34,55565056,reached,19,True,False,1,1,7,2,3,2,5,25,6,10,112,True,,ended_before,,,,,,,,,,,,,,,,29,reached,9,True,False,1,1,32,14,14,4,5,30,6,5,81,True,
0,ok,True,99122460,False,False,DONE,,,0,302f60f649dfb9e3b8b30d035eb608c3d960bf81e3d197397c54d72f6f579d65,no_explicit_terminal_engine_result,10,EpisodeState.COMPLETED,-1,41,53887522,loss,True,11,0,True,loss,/private/tmp/kaggle_eps/55565056/replays/episode-99122460-replay.json,-1,a881962af348b704078ce799ca94a8e8b7b096adcb2ee9a159d9bc8151b96c27,80,10,55565056,ended_before,,,,,,,,,,,,,,,,19,ended_before,,,,,,,,,,,,,,,,29,reached,9,True,False,1,1,41,32,6,3,2,42,6,5,67,True,
0,ok,True,99110144,True,True,DONE,,,0,83d35333cfba314dcec247683cd2f49b4cc8b720712d04c56a35225681bb9be4,no_explicit_terminal_engine_result,29,EpisodeState.COMPLETED,1,8,54172228,win,True,46,0,True,win,/private/tmp/kaggle_eps/55565056/replays/episode-99110144-replay.json,1,5b92fd24537b389fbfb31a10aa8a9c586b1f4fac4b6b12bf92840a4ffa4c9e0a,127,40,55565056,reached,19,False,False,1,1,17,10,1,6,17,19,6,10,81,False,,reached,29,True,False,1,1,8,0,4,4,4,10,6,15,120,True,,reached,9,True,False,1,1,31,24,1,6,12,37,6,5,55,True,
0,ok,True,99098281,True,True,DONE,,,0,a13c9ca8f5ab840b508118860dc424d4f25c8f93216130860ea8d5c4414c099a,no_explicit_terminal_engine_result,31,EpisodeState.COMPLETED,1,11,55339145,win,True,50,0,True,win,/private/tmp/kaggle_eps/55565056/replays/episode-99098281-replay.json,1,fa7f3b1dca6e2e260d86d09793afdf3a44e52a819be0468ecf8b56b4a1823142,138,47,55565056,reached,19,True,False,1,1,27,18,3,6,6,29,6,10,79,True,,reached,29,True,False,1,1,13,6,4,3,12,14,5,15,125,True,,reached,9,True,False,1,1,46,37,3,6,5,34,6,5,43,True,
0,ok,True,99086491,False,False,DONE,,,0,7085ae086bb11342273a39ddb272acee3e62daf3e2188ca9ed756bfec7970784,no_explicit_terminal_engine_result,18,EpisodeState.COMPLETED,-1,17,55524362,loss,True,36,0,True,loss,/private/tmp/kaggle_eps/55565056/replays/episode-99086491-replay.json,-1,46b0fcbf2bd5e56c7a44a97caab59b1c2ad6b6a494c01e5fafcdbbaab8e6fb31,124,35,55565056,ended_before,,,,,,,,,,,,,,,,19,ended_before,,,,,,,,,,,,,,,,29,reached,9,True,False,1,1,29,20,5,4,9,32,6,5,69,True,
0,ok,True,99085085,False,False,DONE,,,0,629c977d756b0df9013280e0800a317fb4b78e67bf7255e4e3599dafd31c4744,no_explicit_terminal_engine_result,13,EpisodeState.COMPLETED,-1,28,55555764,loss,False,33,1,True,loss,/private/tmp/kaggle_eps/55565056/replays/episode-99085085-replay.json,-1,0097747cf3b86af32c98cccdac1881dd855384b4acef26e8097d0ae2292d43fb,121,30,55565056,ended_before,,,,,,,,,,,,,,,,20,ended_before,,,,,,,,,,,,,,,,30,reached,10,True,False,1,1,30,17,11,2,3,27,6,5,92,True,
0,ok,True,99073574,True,True,DONE,,,0,383c8664701c087c342605b20f4cfebe46a8ea96bc6c385eb1d2320883f0801d,no_explicit_terminal_engine_result,19,EpisodeState.COMPLETED,1,11,54922145,win,True,46,0,True,win,/private/tmp/kaggle_eps/55565056/replays/episode-99073574-replay.json,1,9c845ecc5a47b7f5eb3bf54fb141d31ebf9acefa0facb0a8af6e890db8a54369,145,45,55565056,reached,19,True,False,1,1,11,3,5,3,8,12,6,10,139,True,,ended_before,,,,,,,,,,,,,,,,29,reached,9,True,False,1,1,27,14,9,4,5,29,6,5,81,True,
0,ok,True,99062870,False,False,DONE,,,0,a0d11f4d9ab4fa483b4def72a65b1a1291b38818d40847807d17f8e8da62658a,no_explicit_terminal_engine_result,22,EpisodeState.COMPLETED,1,24,55552677,win,False,34,1,True,win,/private/tmp/kaggle_eps/55565056/replays/episode-99062870-replay.json,1,a58377dd9bb1c2a40532688f0ac9586afb405a4f227d9055c8791de6b5a633b6,124,28,55565056,reached,20,True,False,1,1,25,2,19,4,6,26,6,10,117,True,,ended_before,,,,,,,,,,,,,,,,30,reached,10,True,False,1,1,35,11,19,5,5,31,6,5,89,True,
0,ok,True,99063075,True,True,DONE,,,0,850fdbfe86525dcadd382ee84ed0382efc5a698ed3f1cb52d9dc4bba53df5e1a,no_explicit_terminal_engine_result,26,EpisodeState.COMPLETED,-1,6,54751865,loss,True,50,0,True,loss,/private/tmp/kaggle_eps/55565056/replays/episode-99063075-replay.json,-1,dc1bd423daf44d5336d49cab246abfb717e72a5f0ed6aef4c01396a6a199cdb3,171,49,55565056,reached,19,True,False,1,1,8,4,2,2,5,9,6,10,145,True,,ended_before,,,,,,,,,,,,,,,,29,reached,9,True,False,1,1,33,24,5,4,4,28,6,5,80,True,
0,ok,True,99050725,False,False,DONE,,,0,1ef789e45cf66411c35e3995eeafc1ec7098064951854aa1c5c77cd21723b47d,no_explicit_terminal_engine_result,18,EpisodeState.COMPLETED,1,20,55563752,win,False,32,1,True,win,/private/tmp/kaggle_eps/55565056/replays/episode-99050725-replay.json,1,7062b99bb50432609bdfe42f3e3dfa934ea6e9028a98236ade170bcadca59f05,158,29,55565056,ended_before,,,,,,,,,,,,,,,,20,ended_before,,,,,,,,,,,,,,,,30,reached,10,True,False,1,1,29,19,4,6,7,31,4,5,91,True,
0,ok,True,99038951,True,True,DONE,,,0,e51d18aec94999997543793c518ba06f456742e70d6be58c5a2ce5961dd751bd,no_explicit_terminal_engine_result,13,EpisodeState.COMPLETED,1,7,53874526,win,True,20,0,True,win,/private/tmp/kaggle_eps/55565056/replays/episode-99038951-replay.json,1,d7bcea3b21b1756d9c2baa46c941369a2d32b792a51375b9acb6088ee16470ed,103,20,55565056,ended_before,,,,,,,,,,,,,,,,19,ended_before,,,,,,,,,,,,,,,,29,reached,9,True,False,1,1,19,10,4,5,7,35,6,5,80,True,
0,ok,True,99027134,True,True,DONE,,,0,3598daa44f1b908a5376b099ad16d3599f51db7209188157a0794f358f7f4bf7,no_explicit_terminal_engine_result,36,EpisodeState.COMPLETED,-1,8,55537145,loss,True,52,0,True,loss,/private/tmp/kaggle_eps/55565056/replays/episode-99027134-replay.json,-1,578b4829c9617ce899fe8b080bd3af421328a76f58a7896bc1a40004bcc360f7,134,45,55565056,reached,19,True,False,1,1,27,15,6,6,9,20,6,10,72,True,,reached,29,True,False,1,1,15,5,8,2,7,15,6,15,107,True,,reached,9,False,False,1,1,37,25,6,6,15,31,6,5,41,False,
0,ok,True,99019561,True,True,DONE,,,0,65b2797c0ca326e847a4a4fc4c0d24468b8a0eb23cab859e11dc931ff6bcb00e,no_explicit_terminal_engine_result,47,EpisodeState.COMPLETED,1,11,54335534,win,True,60,0,True,win,/private/tmp/kaggle_eps/55565056/replays/episode-99019561-replay.json,1,3eb23b721d209adc7c3aa24a6fce91fe178f926fcc7763e4cc1f3b24cab78f57,178,57,55565056,reached,19,True,False,1,1,44,32,9,3,8,32,6,10,75,True,,reached,29,True,False,1,1,27,24,2,1,10,21,3,15,134,True,,reached,9,True,False,1,1,45,39,3,3,3,36,6,5,53,True,
0,ok,True,99017607,True,True,DONE,,,0,8b19addd9cfc53a3839bd7ba332e322749fef325d402f0d72f5b7e515bc51a5d,no_explicit_terminal_engine_result,37,EpisodeState.COMPLETED,-1,10,55565026,loss,False,55,1,True,loss,/private/tmp/kaggle_eps/55565056/replays/episode-99017607-replay.json,-1,fa02a298d3bba2a0fb8fdad91b8eceae5df181e0d45a2e8660a6fe01b64c9504,153,47,55565056,reached,20,True,False,1,1,35,24,5,6,8,13,6,10,66,True,,reached,30,True,False,1,1,19,11,4,4,9,7,5,15,112,True,,reached,10,False,False,1,1,45,34,5,6,17,20,6,5,43,False,
0,ok,True,99016250,False,False,DONE,,,0,771bc4f8177471cf5cd047d14aec4a7d05bbdf9698fa0b9517d1227dc4326bc2,no_explicit_terminal_engine_result,20,EpisodeState.COMPLETED,1,20,55002014,win,False,37,1,True,win,/private/tmp/kaggle_eps/55565056/replays/episode-99016250-replay.json,1,3dfa41c85b3f0d284e3199e7dfd2373d5427c22f73ccf12efcac072181b12e74,120,23,55565056,reached,20,False,False,1,1,20,1,13,6,18,9,6,10,117,False,,ended_before,,,,,,,,,,,,,,,,30,reached,10,False,False,1,1,43,33,4,6,15,21,6,5,64,False,
0,ok,True,99004417,False,False,DONE,,,1,6dc0c3737e4eafcfc7ac281ebde7926d0ad5344fd359a4d8ab09deabc3cde1ce,no_explicit_terminal_engine_result,33,EpisodeState.COMPLETED,1,28,54943691,win,True,50,1,True,win,/private/tmp/kaggle_eps/55565056/replays/episode-99004417-replay.json,1,1eed2acbae0cb76c412578ef2eef9c4482a8869f12f7b328e0ab9ce24e8f3e06,125,35,55565056,reached,19,True,False,1,1,32,20,8,4,7,14,6,10,86,True,,reached,29,False,False,1,1,28,15,9,4,15,9,3,15,111,False,,reached,9,False,False,1,1,32,25,3,4,1,29,6,5,63,False,
0,ok,True,98992617,False,False,DONE,,,0,a69a5fcf3bd97e2aea143811b331bebec7b30434ad202ec0f8b99590f5f33dd9,no_explicit_terminal_engine_result,10,EpisodeState.COMPLETED,-1,48,55212252,loss,True,17,0,True,loss,/private/tmp/kaggle_eps/55565056/replays/episode-98992617-replay.json,-1,ebc35442bf0518024568c3e4405c905f7b7f11e284f6d9c8187208d02689efa0,54,15,55565056,ended_before,,,,,,,,,,,,,,,,19,ended_before,,,,,,,,,,,,,,,,29,reached,9,True,False,1,1,48,28,16,4,4,34,6,5,50,True,
0,ok,True,98980243,False,False,DONE,,,0,8ee2135f8706e505bb2230e93237b23b340a24cf7fb9b7c742eca32d8d4d0798,no_explicit_terminal_engine_result,6,EpisodeState.COMPLETED,-1,46,55565727,loss,True,8,0,True,loss,/private/tmp/kaggle_eps/55565056/replays/episode-98980243-replay.json,-1,dcd60511850f17d0237f10b5b0890ee351452f1c3976731410dce00825212c93,65,7,55565056,ended_before,,,,,,,,,,,,,,,,19,ended_before,,,,,,,,,,,,,,,,29,ended_before,,,,,,,,,,,,,,,,9
0,ok,True,98969398,True,True,DONE,,,0,07a1c07a0fab46d1c3d49ddeb599deec0c1d710ffd2a378b17656f276670c0ce,no_explicit_terminal_engine_result,13,EpisodeState.COMPLETED,1,12,55543451,win,True,29,0,True,win,/private/tmp/kaggle_eps/55565056/replays/episode-98969398-replay.json,1,e0391c05b5f3d647a740f495a7ad85daf32bf872511dfeff1915e8d84136ce34,103,29,55565056,ended_before,,,,,,,,,,,,,,,,19,ended_before,,,,,,,,,,,,,,,,29,reached,9,True,False,1,1,29,10,14,5,10,27,6,5,80,True,
0,ok,True,98957076,False,False,DONE,,,1,f0c5c820c5c37ef74838eb122783311d94da030ece9a15c6439271fd988fc1e9,no_explicit_terminal_engine_result,16,EpisodeState.COMPLETED,-1,25,55564391,loss,True,34,1,True,loss,/private/tmp/kaggle_eps/55565056/replays/episode-98957076-replay.json,-1,3c3fb7bafba856bddbd1ed938d42dba5b6cf185d1eccb4689f284bab85433bbd,137,33,55565056,ended_before,,,,,,,,,,,,,,,,19,ended_before,,,,,,,,,,,,,,,,29,reached,9,True,False,1,1,31,18,9,4,8,25,6,5,81,True,
0,ok,True,98945230,False,False,DONE,,,0,493afe3410ba156cc27757ecd6ebc1d5a5d54f65e5020ca5e241bd6ee0e68ba7,no_explicit_terminal_engine_result,52,EpisodeState.COMPLETED,-1,21,55545212,loss,True,49,0,True,loss,/private/tmp/kaggle_eps/55565056/replays/episode-98945230-replay.json,-1,5013469bb05bebec13da3f4a27366aa5bd656994b88a44da93e2857be2c76b8f,136,46,55565056,reached,19,True,False,1,1,31,21,4,6,8,23,6,10,72,True,,reached,29,True,False,1,1,30,16,8,6,7,16,6,15,91,True,,reached,9,True,False,1,1,40,30,4,6,2,40,6,5,42,True,
0,ok,True,98933368,True,True,DONE,,,0,45f6ce68eca09eabb254a80546384c7a78bb7d2c0c5cfe81fef31071d43dee73,no_explicit_terminal_engine_result,11,EpisodeState.COMPLETED,1,14,55562931,win,True,26,0,True,win,/private/tmp/kaggle_eps/55565056/replays/episode-98933368-replay.json,1,5ee9777238c030f63e17e34c3a43d47efe9f62e04d908345435274b916b8e159,107,24,55565056,ended_before,,,,,,,,,,,,,,,,19,ended_before,,,,,,,,,,,,,,,,29,reached,9,True,False,1,1,19,7,8,4,7,27,6,5,88,True,
0,ok,True,98929398,True,False,DONE,,,1,34db30025ca41b8eb2cc63f110c62b8ff7c9c5e261c322793000b2a41d8944f6,no_explicit_terminal_engine_result,27,EpisodeState.COMPLETED,1,11,53841191,win,True,34,1,True,win,/private/tmp/kaggle_eps/55565056/replays/episode-98929398-replay.json,1,a8c2d1e32535f7f14226cbc96c6857e58e89469304647e7ce9847bc43f1c7498,149,25,55565056,reached,19,True,False,1,1,17,7,5,5,10,35,4,10,122,True,,ended_before,,,,,,,,,,,,,,,,29,reached,9,True,False,1,1,42,32,4,6,5,40,6,5,61,True,
0,ok,True,98917523,True,True,DONE,,,0,e1e4166c0d28e763b9ecb4f274c2bc85f707080e2306ed9ef015ef252940ece2,no_explicit_terminal_engine_result,14,EpisodeState.COMPLETED,1,6,54530937,win,False,36,1,True,win,/private/tmp/kaggle_eps/55565056/replays/episode-98917523-replay.json,1,8031330e82545b35fe8df501a6b8f93cefeaed249e067e1914ec90e30dc75def,138,36,55565056,ended_before,,,,,,,,,,,,,,,,20,ended_before,,,,,,,,,,,,,,,,30,reached,10,True,False,1,1,19,10,7,2,9,22,5,5,109,True,
0,ok,True,98905683,False,False,DONE,,,0,e9343a678048e76be073eab9b5385881dc0ffce41bb8cd8c6871828ff1eaa77a,no_explicit_terminal_engine_result,17,EpisodeState.COMPLETED,-1,22,54042185,loss,False,31,1,True,loss,/private/tmp/kaggle_eps/55565056/replays/episode-98905683-replay.json,-1,d21e13d5f0a75320f8ea07d7693700b82d389a110b4c29b062e44cb2e4dea3fc,113,25,55565056,ended_before,,,,,,,,,,,,,,,,20,ended_before,,,,,,,,,,,,,,,,30,reached,10,True,False,1,1,39,34,2,3,9,31,5,5,58,True,
0,ok,True,98902371,False,False,DONE,,,0,623aaac10ca45389496b3d81550a2f058be6a55136a20daa3c7697036d50278b,no_explicit_terminal_engine_result,21,EpisodeState.COMPLETED,-1,21,55388008,loss,False,41,1,True,loss,/private/tmp/kaggle_eps/55565056/replays/episode-98902371-replay.json,-1,fc045462c83faa5953d7cd8693143d361fba28c66b5b79718a573b8527a5b655,217,40,55565056,reached,20,True,False,1,1,21,14,6,1,4,21,1,10,200,True,,ended_before,,,,,,,,,,,,,,,,30,reached,10,True,False,1,1,39,32,2,5,6,33,4,5,63,True,
0,ok,True,98897783,True,True,DONE,,,0,499647a2fd40aa0dc238df9495c8f6fba0ce9d0edc74cb6cf8c33ae344cff35a,no_explicit_terminal_engine_result,19,EpisodeState.COMPLETED,1,14,55149700,win,True,32,0,True,win,/private/tmp/kaggle_eps/55565056/replays/episode-98897783-replay.json,1,26404515c09d678b6b0815344ae12a90b939a06d7581346bb068f6f9f59e7ce4,132,32,55565056,reached,19,True,False,1,1,14,4,7,3,4,27,6,10,126,True,,ended_before,,,,,,,,,,,,,,,,29,reached,9,True,False,1,1,34,20,10,4,4,33,6,5,74,True,
0,ok,True,98885937,False,False,DONE,,,0,61b95aae202bc9575bf3d24b80e4dec5ee1965f0e306ebf763059c1c6cf2cf47,no_explicit_terminal_engine_result,14,EpisodeState.COMPLETED,1,17,55097766,win,False,28,1,True,win,/private/tmp/kaggle_eps/55565056/replays/episode-98885937-replay.json,1,c6099e58ff4b32e1b9672f6a2b883b77b5eeeb64f6b9eb5917a5e4569d42fe33,101,26,55565056,ended_before,,,,,,,,,,,,,,,,20,ended_before,,,,,,,,,,,,,,,,30,reached,10,True,False,1,1,28,14,8,6,9,32,6,5,74,True,
0,ok,True,98874158,True,True,DONE,,,0,535e38b7a90afecd843ee47b970596065bf93340e2c88e5dfc77e71b6571c82e,no_explicit_terminal_engine_result,41,EpisodeState.COMPLETED,1,8,55368146,win,True,50,0,True,win,/private/tmp/kaggle_eps/55565056/replays/episode-98874158-replay.json,1,1cfff2b412320357bb153ab409cc3fc4295cf367ef9d26be26c6f183d4e3bb17,163,45,55565056,reached,19,True,False,1,1,31,22,4,5,9,27,6,10,74,True,,reached,29,False,False,1,1,22,13,4,5,16,13,6,15,111,False,,reached,9,True,False,1,1,38,32,1,5,7,33,6,5,51,True,
0,ok,True,98862317,True,True,DONE,,,0,35ec58c2f7078c8f9dbc58ebd5cc6e402342099f8473bace1542daebd54671ac,no_explicit_terminal_engine_result,18,EpisodeState.COMPLETED,-1,10,53807396,loss,True,37,0,True,loss,/private/tmp/kaggle_eps/55565056/replays/episode-98862317-replay.json,-1,97ea784e126a56d1ef3278d5b3859db2cff3964ebc6c89a05b01962472347460,210,36,55565056,ended_before,,,,,,,,,,,,,,,,19,ended_before,,,,,,,,,,,,,,,,29,reached,9,True,False,1,1,30,20,5,5,7,34,6,5,105,True,
0,ok,True,98849975,True,True,DONE,,,0,e1c9f602e90e6ba3a056bede98e224f9fab36380db5cf3ae0974c2ceda35b662,no_explicit_terminal_engine_result,13,EpisodeState.COMPLETED,1,10,54638459,win,True,31,0,True,win,/private/tmp/kaggle_eps/55565056/replays/episode-98849975-replay.json,1,084cf1f9aaf590bba432af0f90aaaaa8ba93445c083b6d3c61e39ed182d27bb3,123,23,55565056,ended_before,,,,,,,,,,,,,,,,19,ended_before,,,,,,,,,,,,,,,,29,reached,9,False,False,1,1,15,4,6,5,15,28,6,5,95,False,
0,ok,True,98842545,True,True,DONE,,,1,3c1c4d68c2b2055aadac012515a49162d15561496f1200ecb745fb5ff37a213c,no_explicit_terminal_engine_result,15,EpisodeState.COMPLETED,1,11,55247382,win,True,35,1,True,win,/private/tmp/kaggle_eps/55565056/replays/episode-98842545-replay.json,1,9e94c71d63b562c53c36804ae6e504487abafb33a8d14d33529d9d3068ebddf5,119,34,55565056,ended_before,,,,,,,,,,,,,,,,19,ended_before,,,,,,,,,,,,,,,,29,reached,9,True,False,1,1,34,16,14,4,8,24,6,5,81,True,
0,ok,True,98830799,False,False,DONE,,,0,4302d2ea7aa6c6a8a528da6dfe82c39bec62863bae0bf2693235264175c243fb,no_explicit_terminal_engine_result,22,EpisodeState.COMPLETED,1,20,55482454,win,False,45,1,True,win,/private/tmp/kaggle_eps/55565056/replays/episode-98830799-replay.json,1,488ba270a2288bcbd1ccf0cf4af463ffa11aaf4f747ab6c47bfb765e18210dee,186,41,55565056,reached,20,True,False,1,1,20,12,4,4,8,19,2,10,162,True,,ended_before,,,,,,,,,,,,,,,,30,reached,10,True,False,1,1,31,19,6,6,7,31,5,5,101,True,
0,ok,True,98818990,False,False,DONE,,,0,cb4c35565a7c2a65517b5159a00fbc2b5b745ccec96b1131af401d07a3978ad3,no_explicit_terminal_engine_result,12,EpisodeState.COMPLETED,-1,27,54190688,loss,True,23,0,True,loss,/private/tmp/kaggle_eps/55565056/replays/episode-98818990-replay.json,-1,5a49fb1a82bd3c0dcbf714fbc0568740976c02fadd3ef319d70af75171c9becf,116,22,55565056,ended_before,,,,,,,,,,,,,,,,19,ended_before,,,,,,,,,,,,,,,,29,reached,9,True,False,1,1,31,22,7,2,6,26,6,5,88,True,
0,ok,True,98806671,True,True,DONE,,,0,bf0dfe5f991163e974e99e27239ea6ac89945eaf9343e0b048e65495cf556054,no_explicit_terminal_engine_result,18,EpisodeState.COMPLETED,-1,12,54798535,loss,True,28,0,True,loss,/private/tmp/kaggle_eps/55565056/replays/episode-98806671-replay.json,-1,99e90c30352fc2eff6643fb5b6bd5a450f885efef25f5d382d511d7bf5a533ce,127,27,55565056,ended_before,,,,,,,,,,,,,,,,19,ended_before,,,,,,,,,,,,,,,,29,reached,9,True,False,1,1,44,32,6,6,7,32,6,5,52,True,
0,ok,True,98801524,False,False,DONE,,,0,10df16cf14e596925ebea63bb066c5a7e450fddae2e2d064cea5f5a03ff6e484,no_explicit_terminal_engine_result,16,EpisodeState.COMPLETED,1,16,55551860,win,False,32,1,True,win,/private/tmp/kaggle_eps/55565056/replays/episode-98801524-replay.json,1,73791f1ef058db68694152495051727560844a59bbce6c4654bd6beaaa76466e,169,23,55565056,ended_before,,,,,,,,,,,,,,,,20,ended_before,,,,,,,,,,,,,,,,30,reached,10,False,False,1,1,24,12,7,5,16,24,5,5,115,False,
0,ok,True,98792646,True,True,DONE,,,0,d940988f1d897507c14462ed51a4da4c2e024f70b9f3350e35ab8f3baa2b0205,no_explicit_terminal_engine_result,30,EpisodeState.COMPLETED,-1,11,55014093,loss,True,46,0,True,loss,/private/tmp/kaggle_eps/55565056/replays/episode-98792646-replay.json,-1,29db3c35367c9f2a01cdd8831cd0a4a105ac4dc80bb5a06ec8d1189ede1c4f6a,141,43,55565056,reached,19,True,False,1,1,28,19,7,2,6,15,6,10,99,True,,reached,29,True,False,1,1,11,6,4,1,5,5,6,15,134,True,,reached,9,True,False,1,1,37,28,4,5,9,27,6,5,63,True,
0,ok,True,98788326,False,False,DONE,,,0,bf95fc824ea08ce7d4e639a959259e8bc6a77e1a66a0a17b1e2dd4bd7acb4279,no_explicit_terminal_engine_result,2,EpisodeState.COMPLETED,-1,59,55562233,loss,True,2,0,True,loss,/private/tmp/kaggle_eps/55565056/replays/episode-98788326-replay.json,-1,ee9299f68329d2c67cece944b901b206802254822500e21c9af9589c7429fc56,18,2,55565056,ended_before,,,,,,,,,,,,,,,,19,ended_before,,,,,,,,,,,,,,,,29,ended_before,,,,,,,,,,,,,,,,9
0,ok,True,98780281,True,True,DONE,,,0,b2ee6180a89929e1fd066221453ae7ba99a3a35aaa79072e107e7ab3895615eb,no_explicit_terminal_engine_result,20,EpisodeState.COMPLETED,1,13,55306612,win,False,38,1,True,win,/private/tmp/kaggle_eps/55565056/replays/episode-98780281-replay.json,1,54813d70d4371aa84621965440973ba107d7582398080d7ba2c7840ce6a1dde3,118,34,55565056,reached,20,True,False,1,1,13,4,4,5,8,12,6,10,113,True,,ended_before,,,,,,,,,,,,,,,,30,reached,10,True,False,1,1,37,19,12,6,7,36,6,5,64,True,
0,ok,True,98767974,False,False,DONE,,,0,4f0c142a1bd78e64a97bc9c4e6faf2b3ad6b4b1f88d6f2c05a1084e9a0eb0e63,no_explicit_terminal_engine_result,19,EpisodeState.COMPLETED,-1,16,55125723,loss,False,32,1,True,loss,/private/tmp/kaggle_eps/55565056/replays/episode-98767974-replay.json,-1,cfc06332aad597027f52e99a75da8ca9a7af270397e130da0a7985ff679adb8e,141,27,55565056,ended_before,,,,,,,,,,,,,,,,20,ended_before,,,,,,,,,,,,,,,,30,reached,10,True,False,1,1,24,6,15,3,6,28,6,5,96,True,
0,ok,True,98764728,True,True,DONE,,,0,f401f7d09291974c6c57f38cadfef55812ba992d37c81112d3f4190acad14a5f,no_explicit_terminal_engine_result,14,EpisodeState.COMPLETED,-1,9,54445737,loss,True,27,0,True,loss,/private/tmp/kaggle_eps/55565056/replays/episode-98764728-replay.json,-1,3615037897f3f56b334cca172a1bd3a2c49419d2b7922bf7808f6251eb58da21,140,20,55565056,ended_before,,,,,,,,,,,,,,,,19,ended_before,,,,,,,,,,,,,,,,29,reached,9,False,False,1,1,22,11,6,5,17,28,6,5,91,False,
0,ok,True,98763582,True,True,DONE,,,0,e1d09aeffa2476481ff754124d60473a15807e87cbc49bb5a857e955ceff7cf9,no_explicit_terminal_engine_result,20,EpisodeState.COMPLETED,1,9,55476590,win,False,40,1,True,win,/private/tmp/kaggle_eps/55565056/replays/episode-98763582-replay.json,1,394106b38cbf253a2f8e2ac44289ba402321cb0a363999cbc981d72b21a798e3,127,34,55565056,reached,20,True,False,1,1,9,0,8,1,6,12,6,10,121,True,,ended_before,,,,,,,,,,,,,,,,30,reached,10,True,False,1,1,34,15,16,3,7,23,6,5,75,True,
0,ok,True,98753942,False,False,DONE,,,0,8ff0ed5e28f5eb13dc90790a4aeed5798a6fc304fa8ea47c77005a99e44ce4a6,no_explicit_terminal_engine_result,13,EpisodeState.COMPLETED,-1,23,53975861,loss,False,22,1,True,loss,/private/tmp/kaggle_eps/55565056/replays/episode-98753942-replay.json,-1,3d0da3d6880838a635eb85f8d6a662b4d217e7b2066031c741e4b787c0e4168c,107,19,55565056,ended_before,,,,,,,,,,,,,,,,20,ended_before,,,,,,,,,,,,,,,,30,reached,10,True,False,1,1,27,17,5,5,6,33,6,5,78,True,
0,ok,True,98742157,False,False,DONE,,,0,b23485bc14f09d9164274fef3013838b7396db558ddd93b4167389bfd26d0469,no_explicit_terminal_engine_result,13,EpisodeState.COMPLETED,-1,34,55560521,loss,False,28,1,True,loss,/private/tmp/kaggle_eps/55565056/replays/episode-98742157-replay.json,-1,3004d21e22037cffc0ce16d5b0aa5435942cdb9359a75e8d852779b4c811376b,95,27,55565056,ended_before,,,,,,,,,,,,,,,,20,ended_before,,,,,,,,,,,,,,,,30,reached,10,True,False,1,1,40,25,13,2,4,22,6,5,78,True,
0,ok,True,98739540,True,True,DONE,,,1,897ecbb39b84407d1eb545cf69a3d8015969cc4a84ab61a220550362a2de9e93,no_explicit_terminal_engine_result,17,EpisodeState.COMPLETED,1,11,54891891,win,True,40,1,True,win,/private/tmp/kaggle_eps/55565056/replays/episode-98739540-replay.json,1,9f821c1650d8fe9e4931330b27ad0da6dbd3d1b841275bddfdb82ea0a1ef2814,117,32,55565056,ended_before,,,,,,,,,,,,,,,,19,ended_before,,,,,,,,,,,,,,,,29,reached,9,False,False,1,1,38,21,11,6,16,24,6,5,61,False,
0,ok,True,98727718,False,False,DONE,,,0,4aa3afcaf0759b4d362c39dfa33bb171ae6155970d422d4b20d998cfda84fb28,no_explicit_terminal_engine_result,17,EpisodeState.COMPLETED,-1,26,55542086,loss,False,23,1,True,loss,/private/tmp/kaggle_eps/55565056/replays/episode-98727718-replay.json,-1,d2e035f3b76ca06e934c0eabeabdecd056500fd43458841c1456a89f48756ccd,117,20,55565056,ended_before,,,,,,,,,,,,,,,,20,ended_before,,,,,,,,,,,,,,,,30,reached,10,True,False,1,1,35,17,15,3,4,35,6,5,87,True,
0,ok,True,98715351,True,True,DONE,,,0,d38cb72c635b22d145ee5301b9e4e1f993ec27a5940b77ed4a885b27d5bd9166,no_explicit_terminal_engine_result,36,EpisodeState.COMPLETED,-1,10,54319688,loss,True,46,0,True,loss,/private/tmp/kaggle_eps/55565056/replays/episode-98715351-replay.json,-1,aeff86821c3320b42bb06ad26fa9428ecb05d6d63cce0f9fba6d80eaf44d2e9d,137,40,55565056,reached,19,False,False,1,1,25,11,10,4,17,10,6,10,94,False,,reached,29,True,False,1,1,15,5,6,4,9,3,6,15,120,True,,reached,9,True,False,1,1,32,23,5,4,8,20,6,5,69,True,
0,ok,True,98708931,False,False,DONE,,,0,f52af0d71f5af79776d1fa1dc40c15552d8332cf3e5491fc16cb7fbedfcceae1,no_explicit_terminal_engine_result,9,EpisodeState.COMPLETED,-1,39,54670875,loss,False,13,1,True,loss,/private/tmp/kaggle_eps/55565056/replays/episode-98708931-replay.json,-1,7a3e0019557ebc0cfd240309a3a33b3f267fe5e72f5f91b283f0860db05b38d5,71,11,55565056,ended_before,,,,,,,,,,,,,,,,20,ended_before,,,,,,,,,,,,,,,,30,ended_before,,,,,,,,,,,,,,,,10
0,ok,True,98706090,False,False,DONE,,,0,56f2710fa0e34b6e60dffd0f46ca1e772f6e79245c349700c592f8f9f8edefec,no_explicit_terminal_engine_result,45,EpisodeState.COMPLETED,1,19,55495770,win,True,59,0,True,win,/private/tmp/kaggle_eps/55565056/replays/episode-98706090-replay.json,1,17e4659c1cf8d3906a84612fb77be5f123a9669d6f905e6ac35f789b7aea9a92,129,55,55565056,reached,19,True,False,1,1,38,28,6,4,6,16,6,10,79,True,,reached,29,True,False,1,1,28,18,6,4,6,11,6,15,99,True,,reached,9,False,False,1,1,47,37,4,6,21,22,6,5,46,False,
0,ok,True,98703438,False,False,DONE,,,0,ae0e148e53bf3a2df9f93d817585c8e1c26740ec43d7d26aca5791e342c2b0db,no_explicit_terminal_engine_result,18,EpisodeState.COMPLETED,-1,27,55547740,loss,True,34,0,True,loss,/private/tmp/kaggle_eps/55565056/replays/episode-98703438-replay.json,-1,353e84e4baa9ef7caff28bb344e0d67755aea8a51a4a7a3610735819833d37ae,187,31,55565056,ended_before,,,,,,,,,,,,,,,,19,ended_before,,,,,,,,,,,,,,,,29,reached,9,True,False,1,1,36,26,5,5,5,37,6,5,75,True,
0,ok,True,98691632,False,False,DONE,,,0,a3700e2d6524036c30568e68de0fab282740c32bc9a6454acc223858c015bef0,no_explicit_terminal_engine_result,14,EpisodeState.COMPLETED,-1,45,54193436,loss,True,21,0,True,loss,/private/tmp/kaggle_eps/55565056/replays/episode-98691632-replay.json,-1,c9eb7b870ac9f7b9d09c5209f3fb6905fa335a85d1572306124a791db78de048,69,21,55565056,ended_before,,,,,,,,,,,,,,,,19,ended_before,,,,,,,,,,,,,,,,29,reached,9,True,False,1,1,47,34,10,3,4,34,6,5,49,True,
0,ok,True,98688273,False,False,DONE,,,1,308252751831096ee9f105dd97ca0c34eb3b253c24eab6da7126224e49e58d0e,no_explicit_terminal_engine_result,14,EpisodeState.COMPLETED,-1,26,55557727,loss,True,32,1,True,loss,/private/tmp/kaggle_eps/55565056/replays/episode-98688273-replay.json,-1,a39778d1e591b58c2ef476b00aa3c9bcfe20a208087241d8c620ff605720f848,125,29,55565056,ended_before,,,,,,,,,,,,,,,,19,ended_before,,,,,,,,,,,,,,,,29,reached,9,True,False,1,1,35,13,19,3,7,26,6,5,77,True,
0,ok,True,98678901,True,True,DONE,,,0,c9e9beb884e6431033a6173d6c41a7b14fb33cc5ad14317af3ac04bba9b194a8,no_explicit_terminal_engine_result,25,EpisodeState.COMPLETED,1,9,55565129,win,True,35,0,True,win,/private/tmp/kaggle_eps/55565056/replays/episode-98678901-replay.json,1,7cee683469483072ccb2a848243d038db1ed3e6d5ea4289e20b90cfb8413b5e6,208,27,55565056,reached,19,False,False,1,1,11,2,3,6,15,17,3,10,177,False,,ended_before,,,,,,,,,,,,,,,,29,reached,9,True,False,1,1,23,12,5,6,4,29,6,5,97,True,
0,ok,True,98667108,True,True,DONE,,,0,9531b00e74563399be0d206c1602df565f77411e8aa7fd50a8ac08074152ef63,no_explicit_terminal_engine_result,15,EpisodeState.COMPLETED,1,12,55534036,win,True,32,0,True,win,/private/tmp/kaggle_eps/55565056/replays/episode-98667108-replay.json,1,cf8290f5a18710a4139a14d3888410b22576f565c9019f224fa87e85da01fd87,144,28,55565056,ended_before,,,,,,,,,,,,,,,,19,ended_before,,,,,,,,,,,,,,,,29,reached,9,True,False,1,1,36,22,10,4,8,26,5,5,84,True,
0,ok,True,98657214,True,True,DONE,,,0,4f947056463716c4af48800f67c3d2a7bb3bb31c28727ab06b44cd835716645a,no_explicit_terminal_engine_result,23,EpisodeState.COMPLETED,1,5,55339145,win,True,50,0,True,win,/private/tmp/kaggle_eps/55565056/replays/episode-98657214-replay.json,1,ddf614442ccaac16eec2c6941912f7b12352ead11f7da344d379357531561115,161,47,55565056,reached,19,True,False,1,1,13,7,4,2,9,18,4,10,140,True,,ended_before,,,,,,,,,,,,,,,,29,reached,9,True,False,1,1,46,37,5,4,8,31,5,5,61,True,
0,ok,True,98645314,False,False,DONE,,,0,f49fa4534d0e352bf29c2d7a179983d7121c75934d6aeafdf6501d80a088ab43,no_explicit_terminal_engine_result,17,EpisodeState.COMPLETED,-1,33,55562920,loss,False,21,1,True,loss,/private/tmp/kaggle_eps/55565056/replays/episode-98645314-replay.json,-1,c82ff0fb07d7dfb1b1e2a1096dda9be61cb00a17052e5356cf5c2258824d986e,85,19,55565056,ended_before,,,,,,,,,,,,,,,,20,ended_before,,,,,,,,,,,,,,,,30,reached,10,True,False,1,1,42,32,5,5,9,41,6,5,43,True,
0,ok,True,98633665,False,False,DONE,,,0,452f244f6aa6007a11847ec5868353add050ca1b064bda9a8a2556245a4f4a7b,no_explicit_terminal_engine_result,16,EpisodeState.COMPLETED,-1,26,55561610,loss,True,36,0,True,loss,/private/tmp/kaggle_eps/55565056/replays/episode-98633665-replay.json,-1,648b037e171bc6ad75de6a9a59bb50bf6dd8f4e50646f88c14fef7ee5448b122,190,32,55565056,ended_before,,,,,,,,,,,,,,,,19,ended_before,,,,,,,,,,,,,,,,29,reached,9,True,False,1,1,30,19,6,5,9,33,5,5,95,True,
0,ok,True,98621838,True,True,DONE,,,0,68c85fafc2d17dc9312b7a6a72af5bedf19fc61b5d299f84702489f202ab8550,no_explicit_terminal_engine_result,13,EpisodeState.COMPLETED,-1,12,54943554,loss,False,31,1,True,loss,/private/tmp/kaggle_eps/55565056/replays/episode-98621838-replay.json,-1,e1d429a74548fea6d4af0cd4cf588ca268031c27634744dc81906ef5195bec60,130,30,55565056,ended_before,,,,,,,,,,,,,,,,20,ended_before,,,,,,,,,,,,,,,,30,reached,10,True,False,1,1,21,13,6,2,10,21,5,5,97,True,
0,ok,True,98619493,True,True,DONE,,,1,a59dca41f11d803d58c1e738953d15acc8bba52003d69e64c760dbddc33b5078,no_explicit_terminal_engine_result,15,EpisodeState.COMPLETED,1,10,55546667,win,True,32,1,True,win,/private/tmp/kaggle_eps/55565056/replays/episode-98619493-replay.json,1,73abe43e8f20afa89e4f48d78c7e635ce54e439d189ee9968448eb03da748d47,112,28,55565056,ended_before,,,,,,,,,,,,,,,,19,ended_before,,,,,,,,,,,,,,,,29,reached,9,True,False,1,1,27,11,12,4,9,33,6,5,73,True,
0,ok,True,98607677,True,True,DONE,,,0,4577d8915d29a9670d52c3adf8eec4cb8960f8eb093709a425900ef6c98d7fc8,no_explicit_terminal_engine_result,27,EpisodeState.COMPLETED,1,7,55550164,win,True,54,0,True,win,/private/tmp/kaggle_eps/55565056/replays/episode-98607677-replay.json,1,db0596a10d932ab197db141126ed6277f94cc8e9c67cbe8f7fb536c58db37377,243,49,55565056,reached,19,True,False,1,1,18,8,6,4,3,24,3,10,185,True,,ended_before,,,,,,,,,,,,,,,,29,reached,9,True,False,1,1,28,20,2,6,10,32,5,5,84,True,
0,ok,True,98602209,False,False,DONE,,,0,f1d05486063f7cf278371bdb2cdf67d9b8849f940ef7afb02c8c0d20da314898,no_explicit_terminal_engine_result,14,EpisodeState.COMPLETED,-1,23,55556793,loss,True,28,0,True,loss,/private/tmp/kaggle_eps/55565056/replays/episode-98602209-replay.json,-1,3bed78f7fa8c3bd5ca7e8c5b5dcae39531ddff69dbffe79472ba784f3b71aa2a,116,24,55565056,ended_before,,,,,,,,,,,,,,,,19,ended_before,,,,,,,,,,,,,,,,29,reached,9,True,False,1,1,24,13,8,3,6,33,6,5,88,True,
0,ok,True,98594035,False,False,DONE,,,0,c06f8245a83ae60a6dfc728811452409e82d4ede35e4534640acd32b353643fd,no_explicit_terminal_engine_result,16,EpisodeState.COMPLETED,-1,24,55564313,loss,True,27,0,True,loss,/private/tmp/kaggle_eps/55565056/replays/episode-98594035-replay.json,-1,056fd28f2b5b0dbc1e2aab45fa78fac5ac0cdca2f3aa6a97c4fae7e0fc264d37,126,26,55565056,ended_before,,,,,,,,,,,,,,,,19,ended_before,,,,,,,,,,,,,,,,29,reached,9,True,False,1,1,40,21,15,4,4,34,6,5,71,True,
0,ok,True,98584580,False,False,DONE,,,0,cef853b414eb7ae0c0bb3569b2b13a646a8c63ad07d1b03c8efa90b0b2020e49,no_explicit_terminal_engine_result,19,EpisodeState.COMPLETED,-1,28,55526779,loss,False,42,1,True,loss,/private/tmp/kaggle_eps/55565056/replays/episode-98584580-replay.json,-1,6a46068824e0fa540ea2acab6ad3155f0382bbbc2fa01a802f47387af56ed946,134,42,55565056,ended_before,,,,,,,,,,,,,,,,20,ended_before,,,,,,,,,,,,,,,,30,reached,10,True,False,1,1,35,20,11,4,5,30,6,5,79,True,
0,ok,True,98582398,False,False,DONE,,,0,bf0624646f4a3f9b3507b5f82d47ace350a50c392cec8eaa0466f5a93632655a,no_explicit_terminal_engine_result,19,EpisodeState.COMPLETED,1,22,55083032,win,True,33,0,True,win,/private/tmp/kaggle_eps/55565056/replays/episode-98582398-replay.json,1,7cb3c9302cf031512ffb496a25b52132c11e9070e68f62a00bf73aa8d8ccac1c,119,28,55565056,reached,19,True,False,1,1,22,1,17,4,5,26,6,10,114,True,,ended_before,,,,,,,,,,,,,,,,29,reached,9,False,False,1,1,47,32,9,6,14,39,6,5,45,False,
0,ok,True,98578174,False,False,DONE,,,1,a2284e1acf975cf3e3e207aa7439b799775eb396d1b111032a00bffe844af25c,no_explicit_terminal_engine_result,6,EpisodeState.COMPLETED,-1,35,55082226,loss,True,8,1,True,loss,/private/tmp/kaggle_eps/55565056/replays/episode-98578174-replay.json,-1,cee3f22454762839bd96b6c86e9e60ef1baa034f45cdd6cc3b6754fc14592ab7,56,5,55565056,ended_before,,,,,,,,,,,,,,,,19,ended_before,,,,,,,,,,,,,,,,29,ended_before,,,,,,,,,,,,,,,,9
0,ok,True,98573178,True,True,DONE,,,0,16053d3cc8f86b497fc91c3aa091ed67751608e0235a93fa42061f5893d5a1a9,no_explicit_terminal_engine_result,20,EpisodeState.COMPLETED,1,8,54986687,win,False,31,1,True,win,/private/tmp/kaggle_eps/55565056/replays/episode-98573178-replay.json,1,28a8ef188f015fd29bef9079bcdd0b13047dbf3c2e46668828d2cff58e30b70b,125,28,55565056,reached,20,False,False,1,1,8,0,6,2,1,26,6,10,123,False,,ended_before,,,,,,,,,,,,,,,,30,reached,10,True,False,1,1,28,7,16,5,6,33,6,5,88,True,
0,ok,True,98560874,False,False,DONE,,,0,4c117cfd1f8d5b8a41ae3b20c8cb8a1c1669734149c2409578a9d9d27879b420,no_explicit_terminal_engine_result,23,EpisodeState.COMPLETED,1,16,55434551,win,True,29,0,True,win,/private/tmp/kaggle_eps/55565056/replays/episode-98560874-replay.json,1,a1828e1afb5461d0f63a69b560532770c210248bc2b9ad2759ca7e2a426be4f8,92,26,55565056,reached,19,True,False,1,1,20,5,9,6,11,28,6,10,82,True,,ended_before,,,,,,,,,,,,,,,,29,reached,9,True,False,1,1,29,19,4,6,12,33,6,5,56,True,
0,ok,True,98551829,False,False,DONE,,,0,8ce23b9e7030b9178dcd1a1a54ea254ec0e9054fa2471ef669bd365caf90ca00,no_explicit_terminal_engine_result,19,EpisodeState.COMPLETED,1,25,55557427,win,True,38,0,True,win,/private/tmp/kaggle_eps/55565056/replays/episode-98551829-replay.json,1,b1d1d216f732c1d019a5b8dd2bbfcd19f55d3e1fabbd272e608b28c1fc6c1fbe,171,34,55565056,reached,19,True,False,1,1,25,15,7,3,11,15,1,10,166,True,,ended_before,,,,,,,,,,,,,,,,29,reached,9,False,False,1,1,37,23,8,6,15,25,6,5,87,False,
0,ok,True,98539983,False,False,DONE,,,0,4c16d3154525d61d24c2cbdb13f20e028076a960dab110a8f2afc5d0bf34a19f,no_explicit_terminal_engine_result,16,EpisodeState.COMPLETED,-1,29,55562244,loss,True,36,0,True,loss,/private/tmp/kaggle_eps/55565056/replays/episode-98539983-replay.json,-1,19933f965554fc0d7e2c0e13c0deff2a9158d3b28c2f085e36dcbe15e214d5f8,123,33,55565056,ended_before,,,,,,,,,,,,,,,,19,ended_before,,,,,,,,,,,,,,,,29,reached,9,False,False,1,1,37,29,4,4,23,21,6,5,70,False,
0,ok,True,98528127,False,False,DONE,,,0,0f3d026eac421e8b84abfa1fdf37449a73bd5e6aa6f6d2fdb750fdafdb4070a7,no_explicit_terminal_engine_result,20,EpisodeState.COMPLETED,1,21,55555958,win,False,37,1,True,win,/private/tmp/kaggle_eps/55565056/replays/episode-98528127-replay.json,1,da84c554a1ee69525c92ab26a2858beafafd98d64ea3c5089bd59ff31b5eb159,142,33,55565056,reached,20,True,False,1,1,21,3,17,1,5,21,6,10,135,True,,ended_before,,,,,,,,,,,,,,,,30,reached,10,True,False,1,1,26,9,15,2,2,38,6,5,91,True,
0,ok,True,98516231,True,True,DONE,,,0,eca7c2b5540e55abeba3f8398359d0dede28ba73d7ac2ad5ecd2b7d2ec50c442,no_explicit_terminal_engine_result,20,EpisodeState.COMPLETED,-1,13,55523212,loss,True,29,0,True,loss,/private/tmp/kaggle_eps/55565056/replays/episode-98516231-replay.json,-1,64ac300574c1c8bc9e2f55dd5aeb7d72d0bd979d85381276acba6a0e7ecb125a,137,27,55565056,reached,19,True,False,1,1,13,1,11,1,2,31,5,10,129,True,,ended_before,,,,,,,,,,,,,,,,29,reached,9,True,False,1,1,25,12,7,6,4,41,6,5,66,True,
0,ok,True,98516185,False,False,DONE,,,0,9f941203e6b76d44c9039d9ae0452389ad382ecb7b9ab908facc404ed4381e78,no_explicit_terminal_engine_result,23,EpisodeState.COMPLETED,-1,20,54780234,loss,False,45,1,True,loss,/private/tmp/kaggle_eps/55565056/replays/episode-98516185-replay.json,-1,6a1ccca8257c38b863559ed1cb2e0346d952b4a4db86adb08a580164875a0205,137,42,55565056,reached,20,True,False,1,1,20,12,7,1,7,11,6,10,124,True,,ended_before,,,,,,,,,,,,,,,,30,reached,10,True,False,1,1,42,28,12,2,10,19,6,5,81,True,
0,ok,True,98503919,False,False,DONE,,,0,ec2b30e3cf91b98f59924137216f9678396835ad9fc965fd40556f215cab0c2d,no_explicit_terminal_engine_result,3,EpisodeState.COMPLETED,-1,57,55104646,loss,False,1,1,True,loss,/private/tmp/kaggle_eps/55565056/replays/episode-98503919-replay.json,-1,53c581abfc367129cc2563c68ec9d1e153a6754bd4129df4091483b5d1e15478,14,1,55565056,ended_before,,,,,,,,,,,,,,,,20,ended_before,,,,,,,,,,,,,,,,30,ended_before,,,,,,,,,,,,,,,,10
0,ok,True,98492079,False,False,DONE,,,0,c9cca9530758fc583a5869f388cea1762e2bd8c17a4a388cc99937bc9610a463,no_explicit_terminal_engine_result,23,EpisodeState.COMPLETED,1,32,55379854,win,True,27,0,True,win,/private/tmp/kaggle_eps/55565056/replays/episode-98492079-replay.json,1,2a3e6884ffb5cb1343d878cafabee3340a39f88ed3b179b2dcfc034f42f68fa9,87,26,55565056,reached,19,True,False,1,1,44,30,11,3,9,25,3,10,71,True,,ended_before,,,,,,,,,,,,,,,,29,reached,9,True,False,1,1,52,37,10,5,5,36,6,5,40,True,
0,ok,True,98485373,True,True,DONE,,,0,41d605739e6cd64820cf1b8cdfe6f96fae02d6d454d8b6ed1fc1b93a29fb3228,no_explicit_terminal_engine_result,16,EpisodeState.COMPLETED,1,10,54203657,win,False,23,1,True,win,/private/tmp/kaggle_eps/55565056/replays/episode-98485373-replay.json,1,032a3a6a39f57fcb8712b273ad569acfc0341c3a3fc4366b5ca5cac33cf556e6,104,23,55565056,ended_before,,,,,,,,,,,,,,,,20,ended_before,,,,,,,,,,,,,,,,30,reached,10,True,False,1,1,15,7,4,4,6,27,6,5,85,True,
0,ok,True,98473507,False,False,DONE,,,1,7132ffde1cdd25781ff363fa4313e26200f1336659b35a4513d602197bc2a439,no_explicit_terminal_engine_result,15,EpisodeState.COMPLETED,1,21,55106245,win,True,28,1,True,win,/private/tmp/kaggle_eps/55565056/replays/episode-98473507-replay.json,1,fe32cd63eee984e9892dcc56d5368e88198af0d15b261b819c6d204ec87c87c5,108,28,55565056,ended_before,,,,,,,,,,,,,,,,19,ended_before,,,,,,,,,,,,,,,,29,reached,9,True,False,1,1,27,12,11,4,11,19,6,5,84,True,
0,ok,True,98467306,True,True,DONE,,,1,c4fe760a23fb6f2b04fd03227f3a96db12eb4863ec9ef1ba392944b0af500df3,no_explicit_terminal_engine_result,29,EpisodeState.COMPLETED,1,11,55436648,win,True,44,1,True,win,/private/tmp/kaggle_eps/55565056/replays/episode-98467306-replay.json,1,9bd4a5d468684be5f45287772772c02e7c51b68aa357772b9bea3864be441655,119,41,55565056,reached,19,True,False,1,1,27,15,7,5,9,26,6,10,77,True,,reached,29,False,False,1,1,11,4,3,4,14,15,6,15,114,False,,reached,9,True,False,1,1,39,31,3,5,8,38,6,5,46,True,
0,ok,True,98455503,True,False,DONE,,,0,c1bd4df1bacf938f5a47589a3243ab68c79f908b1d13ecf23316ed5f73188cda,no_explicit_terminal_engine_result,19,EpisodeState.COMPLETED,1,14,54650324,win,True,30,0,True,win,/private/tmp/kaggle_eps/55565056/replays/episode-98455503-replay.json,1,61c077433889940c5d2a01754d96dce6626704aec7b86b6fcf7740443fe77965,100,28,55565056,reached,19,False,False,1,1,14,0,9,5,1,29,6,10,98,False,,ended_before,,,,,,,,,,,,,,,,29,reached,9,True,False,1,1,33,20,7,6,6,34,6,5,62,True,
0,ok,True,98443702,False,False,DONE,,,0,278cce688a0d0af450602e75e70276cf1bf71e450eaa7e178b48726c5f3d50c4,no_explicit_terminal_engine_result,22,EpisodeState.COMPLETED,-1,33,55411250,loss,True,36,0,True,loss,/private/tmp/kaggle_eps/55565056/replays/episode-98443702-replay.json,-1,fdb70ca755ac303cfa0626a6094a3a9876dcde4554cd50f451bc063b0e600d7e,108,33,55565056,reached,19,True,False,1,1,35,28,5,2,6,20,6,10,91,True,,ended_before,,,,,,,,,,,,,,,,29,reached,9,False,False,1,1,51,42,5,4,25,25,6,5,46,False,
0,ok,True,98431926,True,True,DONE,,,0,f1fc477a9ba71df30297e918c12b230cb16e4ed99ed1ba19ae1841aedff5feac,no_explicit_terminal_engine_result,24,EpisodeState.COMPLETED,1,5,55527888,win,False,49,1,True,win,/private/tmp/kaggle_eps/55565056/replays/episode-98431926-replay.json,1,fd69f5c0a80eedf64fc3649acc5ca22bce3e6a5fcc3ceb571e357e81b35d068b,147,44,55565056,reached,20,False,False,1,1,11,3,4,4,13,13,5,10,113,False,,ended_before,,,,,,,,,,,,,,,,30,reached,10,False,False,1,1,20,8,8,4,16,21,5,5,90,False,
0,ok,True,98419586,False,False,DONE,,,0,1d531511ed607f7f4ebbbfc5b91cba8c3477caab6692f4411e9f0c0669e30131,no_explicit_terminal_engine_result,41,EpisodeState.COMPLETED,-1,24,55565147,loss,False,52,1,True,loss,/private/tmp/kaggle_eps/55565056/replays/episode-98419586-replay.json,-1,db0e6b9a0a7614aa1afabe47c375ba9745081e73b2410ddfe206962aac307903,151,50,55565056,reached,20,True,False,1,1,38,26,6,6,6,23,6,10,75,True,,reached,30,True,False,1,1,32,19,9,4,11,16,6,15,113,True,,reached,10,True,False,1,1,41,31,4,6,6,29,6,5,54,True,
0,ok,True,98414782,False,False,DONE,,,0,87367621bab3377da3b513aa02077f792980f1ad2f94ebe1fdb68bc387746915,no_explicit_terminal_engine_result,19,EpisodeState.COMPLETED,1,16,54435731,win,True,22,0,True,win,/private/tmp/kaggle_eps/55565056/replays/episode-98414782-replay.json,1,007105afa691b52e88dcac58585c985f416dde52b4a9d5c3096fcd6c6b047792,85,18,55565056,reached,19,False,False,1,1,16,4,6,6,20,15,1,10,82,False,,ended_before,,,,,,,,,,,,,,,,29,reached,9,True,False,1,1,38,26,6,6,12,21,6,5,40,True,
0,ok,True,98410172,False,False,DONE,,,0,5ff400e26fbff4a89eb690bf8693c8c9b28b59f4838098fa9ed1446caa9bb3ce,no_explicit_terminal_engine_result,16,EpisodeState.COMPLETED,-1,21,55236790,loss,True,22,0,True,loss,/private/tmp/kaggle_eps/55565056/replays/episode-98410172-replay.json,-1,faa5c1bb647f233a9732b9a7872301724fa9059d9c54239fe72d484cd2431350,135,19,55565056,ended_before,,,,,,,,,,,,,,,,19,ended_before,,,,,,,,,,,,,,,,29,reached,9,True,False,1,1,34,24,6,4,6,34,6,5,76,True,
0,ok,True,98410481,True,True,DONE,,,0,fb76a7ab7f85c6c57d8baa8a8b47e94e0f58242d64db49218cff1f66955e52c2,no_explicit_terminal_engine_result,16,EpisodeState.COMPLETED,-1,10,55449710,loss,True,32,0,True,loss,/private/tmp/kaggle_eps/55565056/replays/episode-98410481-replay.json,-1,7767549af3d0fc97db7bc60bdab2657b0dd400e6a222e3ab636df5790a6b7362,131,30,55565056,ended_before,,,,,,,,,,,,,,,,19,ended_before,,,,,,,,,,,,,,,,29,reached,9,True,False,1,1,22,11,7,4,12,24,6,5,90,True,
0,ok,True,98402519,True,True,DONE,,,1,396e545da9a2d4a96bc009786c6f01d00c984a129905ac0663d1282ea29ff48d,no_explicit_terminal_engine_result,19,EpisodeState.COMPLETED,1,14,54635258,win,True,37,1,True,win,/private/tmp/kaggle_eps/55565056/replays/episode-98402519-replay.json,1,ea2e5d947bbad421e941aac75bc2b75efc266a8e84a88e003e0e2a994614190f,110,34,55565056,reached,19,True,False,1,1,14,5,4,5,9,16,4,10,107,True,,ended_before,,,,,,,,,,,,,,,,29,reached,9,True,False,1,1,31,18,7,6,10,21,6,5,69,True,
0,ok,True,98399735,True,True,DONE,,,0,ecef9dc5940b7a4053123d4cffad4931b935f9ea6772e53d5c79cd968e2cc4dc,no_explicit_terminal_engine_result,29,EpisodeState.COMPLETED,1,13,55541016,win,True,41,0,True,win,/private/tmp/kaggle_eps/55565056/replays/episode-98399735-replay.json,1,9afbe9b3960cc03e9ed9bb3d430e211389f4d6f9127122195767e6cf5eb87315,97,33,55565056,reached,19,False,False,1,1,37,27,4,6,15,25,6,10,62,False,,reached,29,True,False,1,1,13,2,5,6,12,15,6,15,93,True,,reached,9,True,False,1,1,50,41,3,6,9,37,6,5,36,True,
0,ok,True,98387417,False,False,DONE,,,0,a9e6ec205ed13773bd6155693de733c4fa36cb21c78fad08c6d743739a1cec01,no_explicit_terminal_engine_result,4,EpisodeState.COMPLETED,-1,55,55380486,loss,True,5,0,True,loss,/private/tmp/kaggle_eps/55565056/replays/episode-98387417-replay.json,-1,f98e4888fdcee2163dcfc9ca2573a6b9d9fb7c3d0b683a55ade7bfacb6438568,33,3,55565056,ended_before,,,,,,,,,,,,,,,,19,ended_before,,,,,,,,,,,,,,,,29,ended_before,,,,,,,,,,,,,,,,9
0,ok,True,98375545,True,True,DONE,,,0,e6f228758459c88a23ff6b966e0c5951f921ad01e322f57d69e2a8cc07270f1c,no_explicit_terminal_engine_result,39,EpisodeState.COMPLETED,1,7,55475509,win,True,47,0,True,win,/private/tmp/kaggle_eps/55565056/replays/episode-98375545-replay.json,1,1089b6a437e5f8b79f7965371903c71a57689cdd2a8a020da0bfb813a6bc6b32,160,47,55565056,reached,19,True,False,1,1,32,24,2,6,8,27,6,10,75,True,,reached,29,True,False,1,1,11,5,0,6,7,12,6,15,128,True,,reached,9,True,False,1,1,47,36,5,6,5,34,6,5,40,True,
0,ok,True,98373898,False,False,DONE,,,1,99070bccb6e8aae939c39fc0a2c98ee75fcf070511fcbc9f7828242c383e6071,no_explicit_terminal_engine_result,14,EpisodeState.COMPLETED,-1,27,55290865,loss,True,31,1,True,loss,/private/tmp/kaggle_eps/55565056/replays/episode-98373898-replay.json,-1,cc594b072bea17c9b5e6957748343ef3c27dece53901d8a9a0f3279751fc073a,119,28,55565056,ended_before,,,,,,,,,,,,,,,,19,ended_before,,,,,,,,,,,,,,,,29,reached,9,True,False,1,1,32,16,13,3,12,25,6,5,86,True,
0,ok,True,98370568,True,True,DONE,,,1,1aeec08e8618ef0fb505176024de86381b8297ca5bac93a32ce1d2c94712dbbb,no_explicit_terminal_engine_result,24,EpisodeState.COMPLETED,-1,14,55005042,loss,True,42,1,True,loss,/private/tmp/kaggle_eps/55565056/replays/episode-98370568-replay.json,-1,041aded7b5d422923324f96b83de21e4c3e77fc837c0a4bc6b4a49ad13e71157,127,40,55565056,reached,19,True,False,1,1,25,17,6,2,6,12,6,10,101,True,,ended_before,,,,,,,,,,,,,,,,29,reached,9,True,False,1,1,42,34,3,5,10,24,6,5,63,True,
0,ok,True,98370636,False,False,DONE,,,1,005bdec150f23ad764c2220bf8ac500d7c76bfe1d347a4f16b012cc02a332ffd,no_explicit_terminal_engine_result,6,EpisodeState.COMPLETED,-1,37,55437067,loss,True,8,1,True,loss,/private/tmp/kaggle_eps/55565056/replays/episode-98370636-replay.json,-1,3d83fc7a1a8f8b61d6c7d78fc422ffed17d28ca011d38bf12ac4dffeffcf4e37,66,8,55565056,ended_before,,,,,,,,,,,,,,,,19,ended_before,,,,,,,,,,,,,,,,29,ended_before,,,,,,,,,,,,,,,,9
0,ok,True,98358784,False,False,DONE,,,0,3b51a9f925d7ce1e0913bef7a18a5bdf1177f7660b478bf3f4250006d59adf20,no_explicit_terminal_engine_result,17,EpisodeState.COMPLETED,1,15,55546547,win,True,28,0,True,win,/private/tmp/kaggle_eps/55565056/replays/episode-98358784-replay.json,1,ca1eea82ab4134c3149d5811ddd71b4454707ab9966c3af1782e77a2389370b3,97,24,55565056,ended_before,,,,,,,,,,,,,,,,19,ended_before,,,,,,,,,,,,,,,,29,reached,9,True,False,1,1,37,25,6,6,5,33,6,5,49,True,
0,ok,True,98346478,False,False,DONE,,,1,09b9f2b3a1abca7d34d076a557eab7018a6f7aca86d7df8edd9f15e5111f7e47,no_explicit_terminal_engine_result,8,EpisodeState.COMPLETED,-1,43,55564754,loss,True,13,1,True,loss,/private/tmp/kaggle_eps/55565056/replays/episode-98346478-replay.json,-1,5a509d630472e9ff545070f147f6d10c79536bf10d6832ed754459a0aba72175,53,13,55565056,ended_before,,,,,,,,,,,,,,,,19,ended_before,,,,,,,,,,,,,,,,29,ended_before,,,,,,,,,,,,,,,,9
0,ok,True,98340563,False,False,DONE,,,0,8cc83a3a7dbff4cecd48363d64bc7f66fcd65c7755de8fda35fe7327b9889cbf,no_explicit_terminal_engine_result,6,EpisodeState.COMPLETED,-1,43,54476999,loss,True,11,0,True,loss,/private/tmp/kaggle_eps/55565056/replays/episode-98340563-replay.json,-1,b007e130abde5b8bf0d6bc6096c54d4c1e0f9e21f1bc7a72a0cc3a941b00426a,44,11,55565056,ended_before,,,,,,,,,,,,,,,,19,ended_before,,,,,,,,,,,,,,,,29,ended_before,,,,,,,,,,,,,,,,9
0,ok,True,98341552,True,True,DONE,,,0,b4396c81324f73fbb474bd943cff3d4aa59813bbfdb23b79563caf943e137f62,no_explicit_terminal_engine_result,40,EpisodeState.COMPLETED,-1,11,54360030,loss,True,56,0,True,loss,/private/tmp/kaggle_eps/55565056/replays/episode-98341552-replay.json,-1,81aabb10ee885fd4c1fa61c5991514c2369715d3c4cb51b66b53ed8d1b1a942d,177,53,55565056,reached,19,True,False,1,1,33,24,6,3,8,16,6,10,95,True,,reached,29,True,False,1,1,20,15,3,2,9,8,6,15,143,True,,reached,9,True,False,1,1,42,34,3,5,7,29,6,5,56,True,
0,ok,True,98328070,False,False,DONE,,,1,be8023d0c978358df67e3ae86ac76a65bd5595131f7987465cbf651c7900f7ed,no_explicit_terminal_engine_result,16,EpisodeState.COMPLETED,-1,16,55535584,loss,True,31,1,True,loss,/private/tmp/kaggle_eps/55565056/replays/episode-98328070-replay.json,-1,8bcf22ff5c433d9e50ae09dee163df6bf0347cb74f1825cb66cefad0a58c8b6e,138,31,55565056,ended_before,,,,,,,,,,,,,,,,19,ended_before,,,,,,,,,,,,,,,,29,reached,9,True,False,1,1,26,17,5,4,6,27,6,5,81,True,
0,ok,True,98328224,False,False,DONE,,,1,b01911ea0ace21551dab91566bc7fc16dc5d7389136d2061aa8c0941d62ec2e4,no_explicit_terminal_engine_result,55,EpisodeState.COMPLETED,1,21,55558072,win,True,61,1,True,win,/private/tmp/kaggle_eps/55565056/replays/episode-98328224-replay.json,1,ff539a0b89523a44f86612e51a185ccefdfbbff1d7fac3323f49e919c947eba5,171,34,55565056,reached,19,True,False,1,1,42,30,6,6,3,41,6,10,66,True,,reached,29,True,False,1,1,37,25,6,6,3,41,6,15,93,True,,reached,9,True,False,1,1,48,38,4,6,2,44,6,5,40,True,
0,ok,True,98320788,False,False,DONE,,,1,d98f9f5219e60a88e04db5fb63add402b5537d1f07f4ad612a9a6b185251b739,no_explicit_terminal_engine_result,33,EpisodeState.COMPLETED,1,19,55123583,win,True,47,1,True,win,/private/tmp/kaggle_eps/55565056/replays/episode-98320788-replay.json,1,bb0ffdf0d7a543213065e01d4cf2837796d3abe1ff146b12d1d136d118de50f1,106,26,55565056,reached,19,False,False,1,1,29,17,7,5,15,14,6,10,80,False,,reached,29,False,False,1,1,22,7,10,5,16,9,6,15,95,False,,reached,9,True,False,1,1,36,27,4,5,10,27,6,5,54,True,
0,ok,True,98308953,False,False,DONE,,,0,48460d075c54f31cbc33585b1c5e983c24929d970173bae20d61e93bc04b5ce2,no_explicit_terminal_engine_result,29,EpisodeState.COMPLETED,1,24,54946981,win,True,39,0,True,win,/private/tmp/kaggle_eps/55565056/replays/episode-98308953-replay.json,1,c1116a3ddf3f0caf3b5ff83a45a37764a75498d7c78dea1cfc53adb243a7aa30,143,38,55565056,reached,19,True,False,1,1,25,10,9,6,10,21,6,10,125,True,,reached,29,True,False,1,1,24,4,14,6,9,16,6,15,139,True,,reached,9,True,False,1,1,37,25,6,6,12,27,6,5,86,True,
0,ok,True,98297096,True,True,DONE,,,0,398c3bb1d084a66f5fc1d59a8947b1e4d82a17206e8a0f0dafff6e59f3a98c73,no_explicit_terminal_engine_result,30,EpisodeState.COMPLETED,1,9,55565468,win,False,44,1,True,win,/private/tmp/kaggle_eps/55565056/replays/episode-98297096-replay.json,1,b2a57331a73b39279823dba70ec0ff7c8b6fe7d995164e30e1fe6937ac1ac363,156,41,55565056,reached,20,True,False,1,1,19,7,6,6,9,26,6,10,121,True,,reached,30,True,False,1,1,14,0,8,6,6,12,6,15,152,True,,reached,10,True,False,1,1,33,19,8,6,3,42,6,5,68,True,
0,ok,True,98292380,False,False,DONE,,,0,fad9b5243c1a20fa5a93ecc2e0434c0a1af4b07b192ee49a9ff2b8cfdb30ac4c,no_explicit_terminal_engine_result,14,EpisodeState.COMPLETED,1,16,55527243,win,False,29,1,True,win,/private/tmp/kaggle_eps/55565056/replays/episode-98292380-replay.json,1,9b3c1828268a03b39c285160bf5626bd4e18d399206b2ab68a46ae0f23cad9cb,107,23,55565056,ended_before,,,,,,,,,,,,,,,,20,ended_before,,,,,,,,,,,,,,,,30,reached,10,True,False,1,1,20,10,6,4,6,24,6,5,86,True,
0,ok,True,98288884,True,True,DONE,,,0,f4c95dc69f3ac90a84555067d50c350401962b59dcd53c34d54b8f0898684320,no_explicit_terminal_engine_result,44,EpisodeState.COMPLETED,1,12,54810641,win,False,52,1,True,win,/private/tmp/kaggle_eps/55565056/replays/episode-98288884-replay.json,1,a5c757e477eb51487fa7c2ee33c13a284d6210a1738ddd13480ff93120502673,207,50,55565056,reached,20,True,False,1,1,38,15,19,4,6,19,6,10,88,True,,reached,30,True,False,1,1,15,4,8,3,7,14,4,15,135,True,,reached,10,True,False,1,1,46,30,10,6,8,36,6,5,50,True,
0,ok,True,98281120,True,True,DONE,,,0,5f21153d4513b4f64d93d751996918ab1027971ced47e7781f1e7457c7bcfcca,no_explicit_terminal_engine_result,21,EpisodeState.COMPLETED,1,7,55559988,win,True,42,0,True,win,/private/tmp/kaggle_eps/55565056/replays/episode-98281120-replay.json,1,4d5a84b3cb1cac31a76cbebfc7b375a3d61e808b45745c5e881c4799c5876c0c,120,42,55565056,reached,19,True,False,1,1,11,5,1,5,6,16,6,10,109,True,,ended_before,,,,,,,,,,,,,,,,29,reached,9,True,False,1,1,33,24,4,5,7,25,6,5,70,True,
0,ok,True,98268801,False,False,DONE,,,1,efe81ab7a26ae25eeb139ab170a0bb2bcd1e8910e90727c2fec599c749147467,no_explicit_terminal_engine_result,14,EpisodeState.COMPLETED,-1,27,55391018,loss,True,31,1,True,loss,/private/tmp/kaggle_eps/55565056/replays/episode-98268801-replay.json,-1,897a19f979c2ce5ecebd8267f91e28c575bf98a566d04b105dc7e2d034e1b5cd,99,31,55565056,ended_before,,,,,,,,,,,,,,,,19,ended_before,,,,,,,,,,,,,,,,29,reached,9,True,False,1,1,31,22,7,2,9,21,6,5,73,True,
0,ok,True,98266010,False,False,DONE,,,0,228fec089d032df211b814cc57d2a46af52090760fdadb4e5d9e95ef3bd2b61b,no_explicit_terminal_engine_result,26,EpisodeState.COMPLETED,-1,17,55547607,loss,False,47,1,True,loss,/private/tmp/kaggle_eps/55565056/replays/episode-98266010-replay.json,-1,d13e8d1533690f33bb074b2150881bc512fa322a2c10fddf395b8a397b23ba0f,229,36,55565056,reached,20,True,False,1,1,24,19,2,3,9,10,1,10,177,True,,ended_before,,,,,,,,,,,,,,,,30,reached,10,True,False,1,1,39,31,2,6,11,15,5,5,91,True,
0,ok,True,98254216,False,False,DONE,,,0,f65f92a9ce16efb04017cf131dd3cd2533f327ef8ba51188730285591cc50bd9,no_explicit_terminal_engine_result,18,EpisodeState.COMPLETED,-1,27,55558362,loss,True,32,0,True,loss,/private/tmp/kaggle_eps/55565056/replays/episode-98254216-replay.json,-1,a303fe79f6f3898fac25067a750b220c1d3da03e010a7a1dc87e240fb8e624a5,113,19,55565056,ended_before,,,,,,,,,,,,,,,,19,ended_before,,,,,,,,,,,,,,,,29,reached,9,False,False,1,1,35,22,7,6,30,18,6,5,59,False,
0,ok,True,98249043,False,False,DONE,,,0,fd3450c953a02c1a54b3bd52bb6008fae67942f1db34119f98882cee6bf8b025,no_explicit_terminal_engine_result,11,EpisodeState.COMPLETED,1,19,55532613,win,True,29,0,True,win,/private/tmp/kaggle_eps/55565056/replays/episode-98249043-replay.json,1,a08e3ef303e4e42ee3928c806621566fcdcbe55b5ee96d0ae6aea9382f0c8a49,108,28,55565056,ended_before,,,,,,,,,,,,,,,,19,ended_before,,,,,,,,,,,,,,,,29,reached,9,True,False,1,1,21,6,11,4,3,30,6,5,90,True,
0,ok,True,98249752,False,False,DONE,,,0,527560a6e5f2a7ed18876db0491a3b490a74bb7a40ac46a93d3475d7453d3a5d,no_explicit_terminal_engine_result,14,EpisodeState.COMPLETED,-1,19,55380412,loss,True,24,0,True,loss,/private/tmp/kaggle_eps/55565056/replays/episode-98249752-replay.json,-1,38d2dd3fd049d93f4bc8783b8fd8ec7075d4c8b6f24686088f5d070dd42e8121,125,22,55565056,ended_before,,,,,,,,,,,,,,,,19,ended_before,,,,,,,,,,,,,,,,29,reached,9,True,False,1,1,30,18,8,4,4,38,6,5,74,True,
0,ok,True,98236698,False,False,DONE,,,0,d867834a4425f35cfeb15811813cd64bf583b118c3c99a6cc5235966da732149,no_explicit_terminal_engine_result,16,EpisodeState.COMPLETED,-1,24,55553582,loss,True,33,0,True,loss,/private/tmp/kaggle_eps/55565056/replays/episode-98236698-replay.json,-1,f28a5ef741c611a662bd1027a57c315f6ffd2beb5b3309592639b47df9094b35,201,32,55565056,ended_before,,,,,,,,,,,,,,,,19,ended_before,,,,,,,,,,,,,,,,29,reached,9,True,False,1,1,31,22,4,5,9,21,6,5,115,True,
0,ok,True,98228768,False,False,DONE,,,0,20dd9bb9e3ca69af686c139d44a610821c77ccfa0ae4e7bb7af1e59b1ed1e12e,no_explicit_terminal_engine_result,20,EpisodeState.COMPLETED,1,24,55563026,win,False,40,1,True,win,/private/tmp/kaggle_eps/55565056/replays/episode-98228768-replay.json,1,4163eab46bd9d1414b6e0b87737a19474a3dc02553630909dd2370fc34613452,161,24,55565056,reached,20,False,False,1,1,24,17,2,5,15,10,1,10,158,False,,ended_before,,,,,,,,,,,,,,,,30,reached,10,True,False,1,1,35,26,3,6,3,27,5,5,78,True,
0,ok,True,98227510,False,False,DONE,,,0,6eee0fbfaa4d793e598665c00f609be58ffe810e6cc1197d17210c5386684b12,no_explicit_terminal_engine_result,27,EpisodeState.COMPLETED,-1,22,54379569,loss,False,43,1,True,loss,/private/tmp/kaggle_eps/55565056/replays/episode-98227510-replay.json,-1,a959c3a71d58e0cea9f6dc3c3922af28c1023d1cd935082d11106aeb3a3f030b,121,43,55565056,reached,20,True,False,1,1,32,26,3,3,9,23,6,10,80,True,,ended_before,,,,,,,,,,,,,,,,30,reached,10,True,False,1,1,42,34,3,5,3,42,6,5,41,True,
0,ok,True,98215667,False,False,DONE,,,0,eb177fee8dcfabf4f55a423a98d8c58e8cfa11e11895615ed8ad581b8f5c1acc,no_explicit_terminal_engine_result,27,EpisodeState.COMPLETED,1,17,55459141,win,True,43,0,True,win,/private/tmp/kaggle_eps/55565056/replays/episode-98215667-replay.json,1,bfd9f9d577dc3fe118f38d2c9714997ac68b6e295a4b6d2a87cc36daa25bbf1c,313,40,55565056,reached,19,True,False,1,1,31,21,8,2,9,17,4,10,210,True,,ended_before,,,,,,,,,,,,,,,,29,reached,9,True,False,1,1,38,29,4,5,12,26,4,5,78,True,
0,ok,True,98203883,False,False,DONE,,,0,ba55c43ec37d95365bd0a2fe85eed254e9fd269818455c335849a5cc28214b8e,no_explicit_terminal_engine_result,18,EpisodeState.COMPLETED,-1,26,55562504,loss,True,32,0,True,loss,/private/tmp/kaggle_eps/55565056/replays/episode-98203883-replay.json,-1,260f62f480f82760707279e418885470e13f5e870371f33895545ed364d76441,99,27,55565056,ended_before,,,,,,,,,,,,,,,,19,ended_before,,,,,,,,,,,,,,,,29,reached,9,True,False,1,1,39,20,15,4,10,28,6,5,72,True,
0,ok,True,98192094,False,False,DONE,,,0,b28a4a87beefb22efdbe2b77c11911311fb7e76a6330eed144634da0c09d76ed,no_explicit_terminal_engine_result,14,EpisodeState.COMPLETED,-1,28,55565353,loss,True,25,0,True,loss,/private/tmp/kaggle_eps/55565056/replays/episode-98192094-replay.json,-1,b2f7a3f94949cd9c188ec01b335dd4f9624b1f4a90c6ec4eddc27ec64355d5e9,112,25,55565056,ended_before,,,,,,,,,,,,,,,,19,ended_before,,,,,,,,,,,,,,,,29,reached,9,True,False,1,1,31,16,12,3,4,32,6,5,80,True,
0,ok,True,98191090,False,False,DONE,,,0,76d2223a69a5b4637ae8aa2fe574d6cf88d0af59dfba3455a858e4dd1ba576ae,no_explicit_terminal_engine_result,19,EpisodeState.COMPLETED,1,17,55320107,win,True,29,0,True,win,/private/tmp/kaggle_eps/55565056/replays/episode-98191090-replay.json,1,2fd230056a7147e059c470dc50fecf7f6a7b010c21b854c90fb1a48f678d8a07,88,24,55565056,reached,19,False,False,1,1,17,4,7,6,18,25,6,10,81,False,,ended_before,,,,,,,,,,,,,,,,29,reached,9,True,False,1,1,27,14,7,6,10,31,6,5,60,True,
0,ok,True,98179297,False,False,DONE,,,0,9428ae2c613e471710093a3724626aafc8fa8ba03307551f5c421e13a9cc4889,no_explicit_terminal_engine_result,21,EpisodeState.COMPLETED,-1,26,55214687,loss,False,32,1,True,loss,/private/tmp/kaggle_eps/55565056/replays/episode-98179297-replay.json,-1,7ec079c0b310cf2c9c104da5cef4100b6d7632db82a61ccf354d44b42152f902,209,32,55565056,reached,20,True,False,1,1,26,15,8,3,8,14,6,10,189,True,,ended_before,,,,,,,,,,,,,,,,30,reached,10,True,False,1,1,33,23,5,5,9,26,6,5,93,True,
0,ok,True,98167490,True,True,DONE,,,0,ef80a74134e85c02abfdc3620c4397e838acdd09be44010a4bb77e432e2678c1,no_explicit_terminal_engine_result,28,EpisodeState.COMPLETED,-1,13,54600337,loss,True,47,0,True,loss,/private/tmp/kaggle_eps/55565056/replays/episode-98167490-replay.json,-1,8ea17e1d4e429b20b3458a561fbd3b8fef0f77c9c3a6f059529eefa2fa846b97,149,41,55565056,reached,19,True,False,1,1,26,16,5,5,9,25,6,10,94,True,,ended_before,,,,,,,,,,,,,,,,29,reached,9,True,False,1,1,39,26,7,6,5,35,6,5,52,True,
0,ok,True,98158084,False,False,DONE,,,0,75d1dd3ee72156925546e0baf3bc2f8c99846e8794e2940ffa98bd898f28f3fb,no_explicit_terminal_engine_result,17,EpisodeState.COMPLETED,1,20,55541803,win,True,32,0,True,win,/private/tmp/kaggle_eps/55565056/replays/episode-98158084-replay.json,1,075ccda80d6787c62b14bae202c60c2c2bc2fcddfafb58ababf99483b7361a11,148,26,55565056,ended_before,,,,,,,,,,,,,,,,19,ended_before,,,,,,,,,,,,,,,,29,reached,9,True,False,1,1,29,18,5,6,7,37,5,5,75,True,
0,ok,True,98159306,False,False,DONE,,,0,ef258d1e3ee990262cb2017864b5f44bc1d2bf272355144ccee9c72f1c0dc380,no_explicit_terminal_engine_result,9,EpisodeState.COMPLETED,-1,36,55550558,loss,False,9,1,True,loss,/private/tmp/kaggle_eps/55565056/replays/episode-98159306-replay.json,-1,715f35d1c76cf6ac4e828bdd19039727eb1230d157730fcb3a0b566c76d81828,83,8,55565056,ended_before,,,,,,,,,,,,,,,,20,ended_before,,,,,,,,,,,,,,,,30,ended_before,,,,,,,,,,,,,,,,10
0,ok,True,98145776,True,True,DONE,,,0,20ff59865e403ee5281fc4acb55b19afcda238e956b7005225eabc7e169e5e70,no_explicit_terminal_engine_result,34,EpisodeState.COMPLETED,1,8,55542086,win,False,49,1,True,win,/private/tmp/kaggle_eps/55565056/replays/episode-98145776-replay.json,1,124aab5f31f59369ef000ffcc1fdb52c10e73bc4f21dfc9e21d8688cdaf5e87f,180,40,55565056,reached,20,True,False,1,1,22,9,9,4,2,18,6,10,122,True,,reached,30,True,False,1,1,19,2,14,3,2,11,6,15,169,True,,reached,10,True,False,1,1,48,38,4,6,11,31,6,5,47,True,
0,ok,True,98133950,True,True,DONE,,,0,891294c3a3b4fd4fed5ab8c548fd7b360812a081b3a1144eca3fb22bbce974d4,no_explicit_terminal_engine_result,18,EpisodeState.COMPLETED,1,11,55545031,win,False,40,1,True,win,/private/tmp/kaggle_eps/55565056/replays/episode-98133950-replay.json,1,67d151712d7be2036abfd3503527b57366e86f9a7edce1696dd430823e950c53,113,32,55565056,ended_before,,,,,,,,,,,,,,,,20,ended_before,,,,,,,,,,,,,,,,30,reached,10,True,False,1,1,27,14,7,6,11,26,6,5,80,True,
0,ok,True,98124000,False,False,DONE,,,0,8cbacb27bcecd2238b8f10d51527acc96585159360b74cea85304dda9508292d,no_explicit_terminal_engine_result,16,EpisodeState.COMPLETED,-1,21,55559651,loss,True,34,0,True,loss,/private/tmp/kaggle_eps/55565056/replays/episode-98124000-replay.json,-1,667984d0c3c73e09b3aa465a163d4dcd7ba04181d9aadf647da4999ae65fbd2f,121,31,55565056,ended_before,,,,,,,,,,,,,,,,19,ended_before,,,,,,,,,,,,,,,,29,reached,9,True,False,1,1,30,14,12,4,7,26,6,5,82,True,
0,ok,True,98122489,True,True,DONE,,,1,dc06ec55c3afd155cadb02d7b47709caca9521a84460e67fb4effb641bdf7821,no_explicit_terminal_engine_result,22,EpisodeState.COMPLETED,-1,9,54361257,loss,True,37,1,True,loss,/private/tmp/kaggle_eps/55565056/replays/episode-98122489-replay.json,-1,8feb0e30af3e22f0dfb0214379181eab7b8e5ee2d190a487485f0f2ecd0c784d,99,33,55565056,reached,19,True,False,1,1,22,6,14,2,6,22,6,10,75,True,,ended_before,,,,,,,,,,,,,,,,29,reached,9,True,False,1,1,28,16,7,5,2,35,6,5,53,True,
0,ok,True,98110692,False,False,DONE,,,0,49bc94c8b130db873dd87f679e01f513ccec3436bdfa01e47a1e33e2f75644af,no_explicit_terminal_engine_result,17,EpisodeState.COMPLETED,1,16,55561684,win,True,42,0,True,win,/private/tmp/kaggle_eps/55565056/replays/episode-98110692-replay.json,1,0a0a8773806c800da96e850b0678a7206389788d56eb7e397fe25abbf76a837d,142,39,55565056,ended_before,,,,,,,,,,,,,,,,19,ended_before,,,,,,,,,,,,,,,,29,reached,9,True,False,1,1,27,19,3,5,9,25,6,5,77,True,
0,ok,True,98098874,True,True,DONE,,,0,598a0e188ed105e954cd74066286571a2b67b803df7aa6588ea722339b429cc0,no_explicit_terminal_engine_result,23,EpisodeState.COMPLETED,1,11,55562518,win,True,43,0,True,win,/private/tmp/kaggle_eps/55565056/replays/episode-98098874-replay.json,1,80bf760cea668cddfba07fdef6f58ec627337f21339abbd1f968330975e24a0b,139,38,55565056,reached,19,True,False,1,1,13,4,7,2,5,21,6,10,118,True,,ended_before,,,,,,,,,,,,,,,,29,reached,9,True,False,1,1,31,11,16,4,7,33,6,5,79,True,
0,ok,True,98086562,False,False,DONE,,,0,b1f1407ad3601e337754c2a923dd7f0e5d797cf063e6f25a7d4767def0fcf403,no_explicit_terminal_engine_result,21,EpisodeState.COMPLETED,1,16,55246963,win,True,33,0,True,win,/private/tmp/kaggle_eps/55565056/replays/episode-98086562-replay.json,1,1386636ab3f5fbf6e7300ea3aff0428bec072022f5c09a36d01b989ceef807af,94,32,55565056,reached,19,True,False,1,1,17,6,5,6,7,22,6,10,88,True,,ended_before,,,,,,,,,,,,,,,,29,reached,9,True,False,1,1,24,16,2,6,8,28,6,5,64,True,
0,ok,True,98082579,True,True,DONE,,,0,9090d4d3fcb0602108a04b530b2e8df3d630f7325df751a631f4e1b74d60478d,no_explicit_terminal_engine_result,18,EpisodeState.COMPLETED,1,12,55561423,win,False,28,1,True,win,/private/tmp/kaggle_eps/55565056/replays/episode-98082579-replay.json,1,fd6a7c0916172b4e8ce62167d06fec4b662fc4b08bc3b5ebb6ef5eed61cc8da7,119,26,55565056,ended_before,,,,,,,,,,,,,,,,20,ended_before,,,,,,,,,,,,,,,,30,reached,10,True,False,1,1,29,14,9,6,4,41,5,5,76,True,
0,ok,True,98070249,True,True,DONE,,,0,8f7a75e66d0227ab065a0565c720e30cea6905f2907c6a1f7972adb6bb8434cb,no_explicit_terminal_engine_result,10,EpisodeState.COMPLETED,1,8,53987195,win,False,25,1,True,win,/private/tmp/kaggle_eps/55565056/replays/episode-98070249-replay.json,1,095378952e9a704da561bd9b61b875742730c4f8a07afa8288cdada3bfa2f7e0,107,22,55565056,ended_before,,,,,,,,,,,,,,,,20,ended_before,,,,,,,,,,,,,,,,30,reached,10,True,False,1,1,8,0,3,5,7,24,6,5,104,True,
0,ok,True,98068195,False,False,DONE,,,0,b298f462eabdc0ae56407b8713946dae54b75c2323f804be97ed3af6b953f53a,no_explicit_terminal_engine_result,12,EpisodeState.COMPLETED,-1,17,55358246,loss,True,31,0,True,loss,/private/tmp/kaggle_eps/55565056/replays/episode-98068195-replay.json,-1,52dced22c5eef3fe3d2e7cdc03e9c0008499bb29c0c5aa063e78d7cbfc583bb1,116,28,55565056,ended_before,,,,,,,,,,,,,,,,19,ended_before,,,,,,,,,,,,,,,,29,reached,9,True,False,1,1,35,15,17,3,4,29,6,5,82,True,
0,ok,True,98056368,False,False,DONE,,,1,846b6143a29a0f3bff0dd8c61d5b6eb304baf06d80eb2a843391e2e1dba4a4fa,no_explicit_terminal_engine_result,25,EpisodeState.COMPLETED,1,15,54595331,win,True,44,1,True,win,/private/tmp/kaggle_eps/55565056/replays/episode-98056368-replay.json,1,6092f40656472629c5e4c46675763b43004d7dba3ef416cc5659cc27e4f9b06a,110,43,55565056,reached,19,True,False,1,1,22,9,9,4,6,15,6,10,94,True,,ended_before,,,,,,,,,,,,,,,,29,reached,9,True,False,1,1,37,26,6,5,6,27,6,5,60,True,
0,ok,True,98044523,True,True,DONE,,,0,668d43e59d7e1751e29e7bcce8bbd69c91d54d2b8d6c8abf05488ad1703824dc,no_explicit_terminal_engine_result,43,EpisodeState.COMPLETED,1,5,53826738,win,True,57,0,True,win,/private/tmp/kaggle_eps/55565056/replays/episode-98044523-replay.json,1,64161868e75799beadfb0ce1dd2acbb4318083694a508791610e0a3c8c4b3248,141,55,55565056,reached,19,True,False,1,1,30,22,6,2,10,16,6,10,70,True,,reached,29,True,False,1,1,19,12,6,1,6,10,6,15,102,True,,reached,9,True,False,1,1,45,33,7,5,8,23,6,5,39,True,
0,ok,True,98038260,False,False,DONE,,,0,e25912c1c12668568c4d9d28470e9166c82e7c6221be8c0e475bf590ffc8948b,no_explicit_terminal_engine_result,2,EpisodeState.COMPLETED,-1,59,55514863,loss,True,3,0,True,loss,/private/tmp/kaggle_eps/55565056/replays/episode-98038260-replay.json,-1,fddd018d9b6dc884be4a8fd92ce2ae12e911e1808064f7f22d95438233fc3352,27,3,55565056,ended_before,,,,,,,,,,,,,,,,19,ended_before,,,,,,,,,,,,,,,,29,ended_before,,,,,,,,,,,,,,,,9
0,ok,True,98026383,True,True,DONE,,,0,bcbbcf749d96d27abd7f66929568291894c5354db48a1e1676a8c0e0628ef98a,no_explicit_terminal_engine_result,24,EpisodeState.COMPLETED,-1,10,53994164,loss,True,54,0,True,loss,/private/tmp/kaggle_eps/55565056/replays/episode-98026383-replay.json,-1,87047591ba85c4b358a0d7bbc339ee10c2623ddde17b8677c1c41f1a5c031b70,147,52,55565056,reached,19,True,False,1,1,10,3,4,3,4,8,6,10,134,True,,ended_before,,,,,,,,,,,,,,,,29,reached,9,True,False,1,1,32,20,7,5,12,22,6,5,69,True,
0,ok,True,98014558,False,False,DONE,,,0,d98f8420880f160e0b576e94f31d315856c2af4511a2a845ac90f6650198ad72,no_explicit_terminal_engine_result,23,EpisodeState.COMPLETED,1,15,55457825,win,True,53,0,True,win,/private/tmp/kaggle_eps/55565056/replays/episode-98014558-replay.json,1,a19ffb0c300548ed2acb706234601a510fc61d51158ad26cd7c705c002e003ad,233,50,55565056,reached,19,True,False,1,1,22,11,9,2,8,13,2,10,196,True,,ended_before,,,,,,,,,,,,,,,,29,reached,9,True,False,1,1,30,21,4,5,9,36,4,5,92,True,
0,ok,True,98002692,False,False,DONE,,,0,6eb11dc617ebc25ecc764bb41c78130fb801acf80d4bf3c8a654cebf4e39c803,no_explicit_terminal_engine_result,6,EpisodeState.COMPLETED,-1,43,55470855,loss,True,7,0,True,loss,/private/tmp/kaggle_eps/55565056/replays/episode-98002692-replay.json,-1,6bd987530ef1e1471c7787ab7d3a5a71546fe00773f38e285056a16b4dd74d99,57,7,55565056,ended_before,,,,,,,,,,,,,,,,19,ended_before,,,,,,,,,,,,,,,,29,ended_before,,,,,,,,,,,,,,,,9
0,ok,True,97999647,False,False,DONE,,,0,913deb287e8e5437bbe842b7ad435118581d64d9379ce9cfa79412f746d81ed1,no_explicit_terminal_engine_result,21,EpisodeState.COMPLETED,1,39,54624772,win,True,26,0,True,win,/private/tmp/kaggle_eps/55565056/replays/episode-97999647-replay.json,1,ff558a821c643b721292e2b110c11086e1ff76b69c1b2e8a6dbb03264f521559,82,20,55565056,reached,19,False,False,1,1,40,29,5,6,14,22,1,10,76,False,,ended_before,,,,,,,,,,,,,,,,29,reached,9,True,False,1,1,46,36,4,6,11,27,6,5,50,True,
0,ok,True,97990733,False,False,DONE,,,0,8defc8903b41b876fe55324789c69c43da3a7a8ed860c52c3ba4e564664fd8c7,no_explicit_terminal_engine_result,15,EpisodeState.COMPLETED,-1,24,55525559,loss,False,23,1,True,loss,/private/tmp/kaggle_eps/55565056/replays/episode-97990733-replay.json,-1,b5661c6b32927138c3ec617bd1bdc0cec6c8404e1bbd095966126c4583cecf76,151,23,55565056,ended_before,,,,,,,,,,,,,,,,20,ended_before,,,,,,,,,,,,,,,,30,reached,10,True,False,1,1,30,20,4,6,6,42,4,5,83,True,
0,ok,True,97978887,True,True,DONE,,,1,5bfe47f27e6c9abae57bbc15888916d78ef40d3368bb9c8f4c525fd38ffcd9e1,no_explicit_terminal_engine_result,15,EpisodeState.COMPLETED,1,7,55506858,win,True,36,1,True,win,/private/tmp/kaggle_eps/55565056/replays/episode-97978887-replay.json,1,2d43a984ff0c8b97b6ec1e5d1d880cf2cf04ee887e146b6f85990b5b31e2402d,128,32,55565056,ended_before,,,,,,,,,,,,,,,,19,ended_before,,,,,,,,,,,,,,,,29,reached,9,True,False,1,1,23,9,10,4,5,28,6,5,92,True,
0,ok,True,97967064,True,True,DONE,,,0,3939ae623531498cfc63cdbd4f4e227d6400b9352171cf25be81aec55907f941,no_explicit_terminal_engine_result,31,EpisodeState.COMPLETED,1,12,54638814,win,True,53,0,True,win,/private/tmp/kaggle_eps/55565056/replays/episode-97967064-replay.json,1,434ea8582a474ae043c84045f177152d494f971131302388892940b17be92016,192,43,55565056,reached,19,True,False,1,1,25,19,2,4,8,19,4,10,133,True,,reached,29,True,False,1,1,14,8,3,3,9,18,1,15,177,True,,reached,9,False,False,1,1,35,27,2,6,13,30,6,5,80,False,
0,ok,True,97955237,True,True,DONE,,,0,215ad331aa58153523404e06cc3a7020be4545cf70031e9d48e83c5dbb46df74,no_explicit_terminal_engine_result,35,EpisodeState.COMPLETED,1,9,54176771,win,True,45,0,True,win,/private/tmp/kaggle_eps/55565056/replays/episode-97955237-replay.json,1,4fdf4cb2946e53885d7b741adc6437e24e5c53c61c1eeea5dd233c4fa994ec45,134,34,55565056,reached,19,False,False,1,1,23,15,2,6,15,20,5,10,85,False,,reached,29,True,False,1,1,11,3,2,6,10,12,4,15,122,True,,reached,9,True,False,1,1,41,33,2,6,5,25,6,5,55,True,
0,ok,True,97951729,False,False,DONE,,,1,a88ae4cf3595009c68343b80bcb1708c0df9c87a7f99e657abe51ecbbdedcc90,no_explicit_terminal_engine_result,47,EpisodeState.COMPLETED,1,16,55558845,win,True,56,1,True,win,/private/tmp/kaggle_eps/55565056/replays/episode-97951729-replay.json,1,60e850fc6d47cebb5fc8f15296ffd803fb6ae84d41585eb858a41cfce24a3a2d,132,39,55565056,reached,19,True,False,1,1,43,31,6,6,7,19,6,10,69,True,,reached,29,True,False,1,1,32,16,10,6,8,14,6,15,93,True,,reached,9,True,False,1,1,51,41,4,6,12,33,6,5,39,True,
0,ok,True,97939886,True,True,DONE,,,0,135b62449c354af070f411d27c95814b858da0442d308e69644e8b3d2ebb30bc,no_explicit_terminal_engine_result,39,EpisodeState.COMPLETED,-1,10,54975335,loss,False,48,1,True,loss,/private/tmp/kaggle_eps/55565056/replays/episode-97939886-replay.json,-1,1fc6bf7245b1d9e47e59626f41c05b6b0da611b288ae36805e7a59dbef534857,151,42,55565056,reached,20,True,False,1,1,24,15,8,1,4,14,6,10,103,True,,reached,30,True,False,1,1,24,10,13,1,8,9,6,15,114,True,,reached,10,False,False,1,1,37,23,9,5,17,19,6,5,68,False,
0,ok,True,97928130,False,False,DONE,,,0,78b5d5e1ec5add93cc1096aeafcffd1013b8fe22462f73999efc911b6ec9281d,no_explicit_terminal_engine_result,19,EpisodeState.COMPLETED,1,30,55544335,win,True,40,0,True,win,/private/tmp/kaggle_eps/55565056/replays/episode-97928130-replay.json,1,fa1e710ac8f6d4b072e22fa5c17b76775aa5b60062a5c946bd881155923e34ab,171,32,55565056,reached,19,False,False,1,1,30,21,5,4,15,15,1,10,164,False,,ended_before,,,,,,,,,,,,,,,,29,reached,9,False,False,1,1,38,30,3,5,13,21,6,5,80,False,
0,ok,True,97916303,False,False,DONE,,,0,0ab87a6365e37b8b0d13b2dd2cdae4d0092a577007e44fb6de641b8edbcaa49f,no_explicit_terminal_engine_result,19,EpisodeState.COMPLETED,1,25,55538094,win,True,31,0,True,win,/private/tmp/kaggle_eps/55565056/replays/episode-97916303-replay.json,1,02b03955458148325cec02054bba4bc476c902c04a0205cd86b066327e10db5a,145,27,55565056,reached,19,True,False,1,1,25,17,4,4,8,17,1,10,142,True,,ended_before,,,,,,,,,,,,,,,,29,reached,9,True,False,1,1,41,34,2,5,9,26,5,5,69,True,
0,ok,True,97908125,False,False,DONE,,,0,7ee01ad5c35683fb19288daf25a98de586ae1692ed2733ef73fbeae70ae584e1,no_explicit_terminal_engine_result,16,EpisodeState.COMPLETED,-1,22,55380932,loss,True,27,0,True,loss,/private/tmp/kaggle_eps/55565056/replays/episode-97908125-replay.json,-1,4088b94bf19020ff662797b5a258636b0b1a0c4e0133eb7b6126b9cacd8b1bc4,119,25,55565056,ended_before,,,,,,,,,,,,,,,,19,ended_before,,,,,,,,,,,,,,,,29,reached,9,True,False,1,1,30,16,10,4,3,33,6,5,68,True,
0,ok,True,97905905,False,False,DONE,,,0,48eedc093fcabd31ff476362176a93f73f2445754f81549a96fa65be41f7f96b,no_explicit_terminal_engine_result,13,EpisodeState.COMPLETED,1,23,55538761,win,True,25,0,True,win,/private/tmp/kaggle_eps/55565056/replays/episode-97905905-replay.json,1,cbd5e243049f92119755a7507ce6e1db47c1a3db85ad08753776868c71e057fd,106,22,55565056,ended_before,,,,,,,,,,,,,,,,19,ended_before,,,,,,,,,,,,,,,,29,reached,9,True,False,1,1,27,8,16,3,5,31,6,5,91,True,
0,ok,True,97894059,True,True,DONE,,,0,43c8c286a70bafd53eb561738470f0c110133a30122cbef2504de6b6db8b5b96,no_explicit_terminal_engine_result,13,EpisodeState.COMPLETED,1,14,54808762,win,True,31,0,True,win,/private/tmp/kaggle_eps/55565056/replays/episode-97894059-replay.json,1,0e5db5ae95c6a718f9c3e8703f6099b6c7ecdf1b537ab3d3983be7d695b3ad7f,103,31,55565056,ended_before,,,,,,,,,,,,,,,,19,ended_before,,,,,,,,,,,,,,,,29,reached,9,True,False,1,1,21,7,8,6,12,21,6,5,81,True,
0,ok,True,97882255,False,False,DONE,,,0,36daaa56c8c8f912db3c4f6ffa15a7dd67a6460d328d8d801cb8149ffa5823ed,no_explicit_terminal_engine_result,18,EpisodeState.COMPLETED,1,17,54160167,win,False,33,1,True,win,/private/tmp/kaggle_eps/55565056/replays/episode-97882255-replay.json,1,3bb34391cf2e0839e79cd0e976398472d6751fc2e1625f8052c59e33c2b9be27,103,32,55565056,ended_before,,,,,,,,,,,,,,,,20,ended_before,,,,,,,,,,,,,,,,30,reached,10,True,False,1,1,28,12,10,6,11,28,6,5,76,True,
0,ok,True,97869927,False,False,DONE,,,0,b5304509c1451463cc908cd448c6440b7a7e464f7c2b8fc72cf4f187535ca10e,no_explicit_terminal_engine_result,17,EpisodeState.COMPLETED,-1,34,55559355,loss,False,32,1,True,loss,/private/tmp/kaggle_eps/55565056/replays/episode-97869927-replay.json,-1,7f8f52042bafcb103ecf060259a28de0bd4a84250df08781350c3080309f6f96,108,29,55565056,ended_before,,,,,,,,,,,,,,,,20,ended_before,,,,,,,,,,,,,,,,30,reached,10,True,False,1,1,42,29,10,3,4,28,6,5,67,True,
0,ok,True,97869853,True,True,DONE,,,0,de789c13a0ea37ff7123832d2fb676bc70b3ce5f435347250721fd53ccee3ed0,no_explicit_terminal_engine_result,12,EpisodeState.COMPLETED,1,14,54779981,win,False,25,1,True,win,/private/tmp/kaggle_eps/55565056/replays/episode-97869853-replay.json,1,6b5cf8fd11489a58c3f31c599bef6202480d3798c6d1ae56b7e54e44d3117acb,91,18,55565056,ended_before,,,,,,,,,,,,,,,,20,ended_before,,,,,,,,,,,,,,,,30,reached,10,False,False,1,1,20,5,9,6,21,26,6,5,76,False,
0,ok,True,97869026,False,False,DONE,,,0,0c8c4af19687bea86b37bd1d64bdcd1a8c2e58776852360bd7e3bbc88a379443,no_explicit_terminal_engine_result,17,EpisodeState.COMPLETED,-1,29,55553582,loss,False,33,1,True,loss,/private/tmp/kaggle_eps/55565056/replays/episode-97869026-replay.json,-1,38b126ff072b35b19d87f04889627b915021a1cb3b20582241c010c49f6c62a1,174,26,55565056,ended_before,,,,,,,,,,,,,,,,20,ended_before,,,,,,,,,,,,,,,,30,reached,10,False,False,1,1,38,27,5,6,14,33,5,5,85,False,
0,ok,True,97858080,False,False,DONE,,,0,45f7cb942ebc307421281c3eb78a186ccd51e53b8f4b55bbac943213db020ea8,no_explicit_terminal_engine_result,18,EpisodeState.COMPLETED,-1,35,55557715,loss,True,33,0,True,loss,/private/tmp/kaggle_eps/55565056/replays/episode-97858080-replay.json,-1,121b5ea354e7ae1e1cf5860f14c9e2975e01b5e654691603762f2990049cf8f9,99,29,55565056,ended_before,,,,,,,,,,,,,,,,19,ended_before,,,,,,,,,,,,,,,,29,reached,9,True,False,1,1,42,32,5,5,6,35,6,5,51,True,
0,ok,True,97846221,True,False,DONE,,,0,9d44b5e401898d6dd226dcab35bad9182ff26552c758e63f4be9de79fc42ec3a,no_explicit_terminal_engine_result,46,EpisodeState.COMPLETED,1,12,53946897,win,False,55,1,True,win,/private/tmp/kaggle_eps/55565056/replays/episode-97846221-replay.json,1,e4ae6e0832c2bc4805d37553de2d3b92a01db965a8868df9a1916655c2e256e9,144,34,55565056,reached,20,True,False,1,1,30,19,5,6,5,14,6,10,86,True,,reached,30,False,False,1,1,20,9,5,6,17,9,6,15,104,False,,reached,10,True,False,1,1,35,25,4,6,5,28,6,5,58,True,
0,ok,True,97842055,True,True,DONE,,,1,ecd650060a65d80414f714bd8c5c47971ea447b09dea5d62664e3982b1014c20,no_explicit_terminal_engine_result,19,EpisodeState.COMPLETED,1,11,54221258,win,True,41,1,True,win,/private/tmp/kaggle_eps/55565056/replays/episode-97842055-replay.json,1,139867b373f4047c71c93a5c9ce862bcc87092f02f8e6530343ef4408d2bfcff,111,40,55565056,reached,19,True,False,1,1,11,3,6,2,12,15,6,10,106,True,,ended_before,,,,,,,,,,,,,,,,29,reached,9,True,False,1,1,23,9,10,4,5,35,6,5,60,True,
0,ok,True,97841770,False,False,DONE,,,1,a4f8e066038e6a17b68bcbdfc2ea36ad08d8f48212e28ee98fc3084037133c6c,no_explicit_terminal_engine_result,4,EpisodeState.COMPLETED,-1,45,54124880,loss,True,5,1,True,loss,/private/tmp/kaggle_eps/55565056/replays/episode-97841770-replay.json,-1,3bd92574476ff4c87187c04c13a352f062a6d2c7d94dc1f4afa68584b385a831,39,4,55565056,ended_before,,,,,,,,,,,,,,,,19,ended_before,,,,,,,,,,,,,,,,29,ended_before,,,,,,,,,,,,,,,,9
0,ok,True,97830229,True,True,DONE,,,1,a96d10cb426f9e6c0bfe9d372513284a5604d6660fb40244c2a66a91d50cc8d4,no_explicit_terminal_engine_result,26,EpisodeState.COMPLETED,-1,7,54363584,loss,True,40,1,True,loss,/private/tmp/kaggle_eps/55565056/replays/episode-97830229-replay.json,-1,c6ec417eb40be744bb02e452f4dd13acc1d0d0ebda2e6389d195ab239a00767e,118,39,55565056,reached,19,True,False,1,1,15,6,5,4,10,31,5,10,81,True,,ended_before,,,,,,,,,,,,,,,,29,reached,9,True,False,1,1,26,13,7,6,2,39,6,5,51,True,
0,ok,True,97823180,True,True,DONE,,,0,6bae29200cf4372209c0b30e24e4088756f36a50b07157c7dc431793d6088acf,no_explicit_terminal_engine_result,28,EpisodeState.COMPLETED,-1,13,55509088,loss,True,48,0,True,loss,/private/tmp/kaggle_eps/55565056/replays/episode-97823180-replay.json,-1,f44d7d167f6784f37ae2a9aa32c5231e59622d2fcb92ee5db88bca6a489a850a,220,42,55565056,reached,19,True,False,1,1,21,13,4,4,8,35,6,10,128,True,,ended_before,,,,,,,,,,,,,,,,29,reached,9,True,False,1,1,44,31,7,6,8,42,6,5,40,True,
0,ok,True,97811389,False,False,DONE,,,0,bfe2d90f33bcbe22108cec003adb4a37d066e90bd48d3e1715ffed6481fcfe49,no_explicit_terminal_engine_result,25,EpisodeState.COMPLETED,-1,17,54286505,loss,False,35,1,True,loss,/private/tmp/kaggle_eps/55565056/replays/episode-97811389-replay.json,-1,e1eec58d98a4d38b1d21625fac5c1d734180e5dd3bbe122a7af45831a4fcc50c,185,33,55565056,reached,20,True,False,1,1,24,16,6,2,6,35,5,10,156,True,,ended_before,,,,,,,,,,,,,,,,30,reached,10,True,False,1,1,30,23,3,4,4,40,6,5,87,True,
0,ok,True,97799062,True,True,DONE,,,1,8b740a01f99c1d6c9272e57d956f045b1de0acc932e69d4c69ac17a49d803bb2,no_explicit_terminal_engine_result,31,EpisodeState.COMPLETED,1,12,54706027,win,True,54,1,True,win,/private/tmp/kaggle_eps/55565056/replays/episode-97799062-replay.json,1,eca89e7f8a85c951c8958c285ee914a637b1c5ba15451c635adabc1d47c7f553,237,53,55565056,reached,19,True,False,1,1,22,14,5,3,12,16,6,10,152,True,,reached,29,True,False,1,1,13,6,6,1,12,11,4,15,216,True,,reached,9,True,False,1,1,35,27,3,5,6,37,6,5,71,True,
0,ok,True,97793310,False,False,DONE,,,0,b1e765a363bdf014e5fefbfd964d93cbf51570043615c36c964f70715d40437d,no_explicit_terminal_engine_result,20,EpisodeState.COMPLETED,-1,24,55346131,loss,True,37,0,True,loss,/private/tmp/kaggle_eps/55565056/replays/episode-97793310-replay.json,-1,74a5ed950ccd7a3878a652d8009f5a2e50cfe8037c4decae9bf5adf1e8ab2e35,140,36,55565056,reached,19,True,False,1,1,24,5,18,1,3,10,6,10,133,True,,ended_before,,,,,,,,,,,,,,,,29,reached,9,True,False,1,1,35,18,12,5,10,16,6,5,83,True,
0,ok,True,97780973,False,False,DONE,,,0,7459b7fca1d9dba66fe2ce462e2fa66ce8546d1536861c74e6f7c4ca65790aaf,no_explicit_terminal_engine_result,16,EpisodeState.COMPLETED,-1,20,55409371,loss,True,38,0,True,loss,/private/tmp/kaggle_eps/55565056/replays/episode-97780973-replay.json,-1,61e5c920b321f7b3f2bb55ad8bb277d631947e3549b0f745c43a2236cee643f5,191,36,55565056,ended_before,,,,,,,,,,,,,,,,19,ended_before,,,,,,,,,,,,,,,,29,reached,9,True,False,1,1,27,17,4,6,6,35,5,5,102,True,
0,ok,True,97769147,False,False,DONE,,,0,7abd5523c7d8dfdee6f9a94f3f365b3415186c544a2a9d3c7b1be07e5e9e5ae3,no_explicit_terminal_engine_result,13,EpisodeState.COMPLETED,-1,33,55564962,loss,False,32,1,True,loss,/private/tmp/kaggle_eps/55565056/replays/episode-97769147-replay.json,-1,0738182bc4d88f483b2352ea18af78e8786380a8dbdff7fcd095e07048e093ad,102,32,55565056,ended_before,,,,,,,,,,,,,,,,20,ended_before,,,,,,,,,,,,,,,,30,reached,10,True,False,1,1,38,31,5,2,6,23,6,5,84,True,
0,ok,True,97757320,True,True,DONE,,,0,a8085a9f16c218597ff18c149c68aeccc7964a0d3abf96e69a0c17444f0c1706,no_explicit_terminal_engine_result,17,EpisodeState.COMPLETED,1,12,54839535,win,True,39,0,True,win,/private/tmp/kaggle_eps/55565056/replays/episode-97757320-replay.json,1,221c41a6ac7324706769ab706c8946416ad293fc8640c256bcde5ee2f1b9b469,116,35,55565056,ended_before,,,,,,,,,,,,,,,,19,ended_before,,,,,,,,,,,,,,,,29,reached,9,True,False,1,1,25,9,12,4,7,19,6,5,81,True,
0,ok,True,97745634,True,True,DONE,,,0,e41f8d9efd55d60f0fe8bbf4c5e564d475f539ffd3253cef6e5e8af825b63935,no_explicit_terminal_engine_result,19,EpisodeState.COMPLETED,-1,9,55554679,loss,False,34,1,True,loss,/private/tmp/kaggle_eps/55565056/replays/episode-97745634-replay.json,-1,2b19f78f7d973479635eb7097c661778ffab9703c1d7dd3111935f53f0f8ae3f,211,25,55565056,ended_before,,,,,,,,,,,,,,,,20,ended_before,,,,,,,,,,,,,,,,30,reached,10,False,False,1,1,29,16,8,5,19,29,5,5,85,False,
0,ok,True,97743729,True,True,DONE,,,1,aa7185d7bc93b768bffce290af870fb5622e522fae7fea8950d9b2edff530e59,no_explicit_terminal_engine_result,23,EpisodeState.COMPLETED,1,8,54383642,win,True,36,1,True,win,/private/tmp/kaggle_eps/55565056/replays/episode-97743729-replay.json,1,290ff37744c696de75d020010d566bd64ac6f4327c254229fead295cf7e2ca0e,121,35,55565056,reached,19,True,False,1,1,11,4,4,3,6,22,6,10,110,True,,ended_before,,,,,,,,,,,,,,,,29,reached,9,True,False,1,1,39,28,7,4,11,29,6,5,61,True,
0,ok,True,97743595,True,True,DONE,,,1,b9c9227d92b95317b7d43dc2910b8f97d4a614a351b9d02c360849fd2ba9431f,no_explicit_terminal_engine_result,21,EpisodeState.COMPLETED,1,11,55210790,win,True,36,1,True,win,/private/tmp/kaggle_eps/55565056/replays/episode-97743595-replay.json,1,2d36778c56448e178beeeb322c5e6ac0200e6af3c3f33b4657c6b279a9f3845b,89,36,55565056,reached,19,True,False,1,1,15,4,5,6,10,25,6,10,77,True,,ended_before,,,,,,,,,,,,,,,,29,reached,9,True,False,1,1,32,18,8,6,9,37,6,5,44,True,
0,ok,True,97731951,False,False,DONE,,,0,50785556c3f8ce3ef6f30b4d8ffca3c9bcafe56977907935820fd938419593a4,no_explicit_terminal_engine_result,18,EpisodeState.COMPLETED,1,33,55138009,win,False,26,1,True,win,/private/tmp/kaggle_eps/55565056/replays/episode-97731951-replay.json,1,8a412fe2c5bcac744c612d2f7f2628cca23a1696b3178d765477c5bcea5234f1,83,20,55565056,ended_before,,,,,,,,,,,,,,,,20,ended_before,,,,,,,,,,,,,,,,30,reached,10,False,False,1,1,40,32,2,6,15,34,5,5,51,False,
0,ok,True,97730229,False,False,DONE,,,0,26c91d718be60003f17f467aa8de49d5634e3cb94276c644c84865a3507308ec,no_explicit_terminal_engine_result,15,EpisodeState.COMPLETED,1,28,55060267,win,True,30,0,True,win,/private/tmp/kaggle_eps/55565056/replays/episode-97730229-replay.json,1,0db4400eb3024228bcb1238ceae441d9de8d686c8d8d99b583c9fc8f87ca7f04,114,27,55565056,ended_before,,,,,,,,,,,,,,,,19,ended_before,,,,,,,,,,,,,,,,29,reached,9,True,False,1,1,40,33,2,5,8,26,4,5,76,True,
0,ok,True,97729794,False,False,DONE,,,0,892edef87d3663f7aeb71eeaf8e55525d96ff6cb25ea90685afd1dc196c3eb7a,no_explicit_terminal_engine_result,16,EpisodeState.COMPLETED,1,16,53869226,win,False,40,1,True,win,/private/tmp/kaggle_eps/55565056/replays/episode-97729794-replay.json,1,4aa838bba95266ae47d70aa7c71f20f9994e06e4379f626da403b32fac3fcfd5,114,34,55565056,ended_before,,,,,,,,,,,,,,,,20,ended_before,,,,,,,,,,,,,,,,30,reached,10,False,False,1,1,19,10,5,4,16,21,6,5,96,False,
0,ok,True,97722839,False,False,DONE,,,1,f4618699a80d91ab560df0d44b2ab44b572b18e57626f79b13717f49bc4a4b17,no_explicit_terminal_engine_result,21,EpisodeState.COMPLETED,1,16,55546673,win,True,37,1,True,win,/private/tmp/kaggle_eps/55565056/replays/episode-97722839-replay.json,1,79b4e9f4c8d7a6f933f636f4fa2b98a3583c039b2b8284ef236e7e5c62f01207,146,30,55565056,reached,19,False,False,1,1,21,12,3,6,13,27,1,10,125,False,,ended_before,,,,,,,,,,,,,,,,29,reached,9,True,False,1,1,41,32,3,6,11,32,6,5,59,True,
0,ok,True,97717735,True,True,DONE,,,0,909af818541b867203c145391a250a0cdee7b60ac0040ef5ceadb3f54f7ed197,no_explicit_terminal_engine_result,17,EpisodeState.COMPLETED,-1,10,55548691,loss,False,38,1,True,loss,/private/tmp/kaggle_eps/55565056/replays/episode-97717735-replay.json,-1,2fb5a6da95b2639c4a5b5cae6f1300389e3a95d6fa15f705485e658f43f62c73,131,35,55565056,ended_before,,,,,,,,,,,,,,,,20,ended_before,,,,,,,,,,,,,,,,30,reached,10,False,False,1,1,21,12,7,2,13,18,6,5,97,False,
0,ok,True,97705474,True,True,DONE,,,0,8825e70e8331a7d15f09475a2726485b8805aa831992368327d13e3512892bd2,no_explicit_terminal_engine_result,27,EpisodeState.COMPLETED,1,6,54572699,win,True,50,0,True,win,/private/tmp/kaggle_eps/55565056/replays/episode-97705474-replay.json,1,885e05a287c7dc7630d6c9e7221d06192ffdf3cc157e3779a799f230c55cfa24,143,49,55565056,reached,19,True,False,1,1,20,8,6,6,6,20,6,10,100,True,,ended_before,,,,,,,,,,,,,,,,29,reached,9,True,False,1,1,44,36,2,6,6,32,6,5,49,True,
0,ok,True,97700060,False,False,DONE,,,0,c08cf8e31e094c46c734957ccb1f73190ec01b29e2666bd82bd147a2f93d66e2,no_explicit_terminal_engine_result,19,EpisodeState.COMPLETED,1,20,55560770,win,True,46,0,True,win,/private/tmp/kaggle_eps/55565056/replays/episode-97700060-replay.json,1,82290944cb817938ce54559c240723d21b07ee98612106950811fe8940e71f71,124,43,55565056,reached,19,True,False,1,1,20,3,15,2,10,6,6,10,119,True,,ended_before,,,,,,,,,,,,,,,,29,reached,9,False,False,1,1,34,19,11,4,13,24,6,5,78,False,
0,ok,True,97702773,False,False,DONE,,,0,e1c679d467641e5ce9cad8feead8e14001152152d8f678d76b71b9691beebd51,no_explicit_terminal_engine_result,16,EpisodeState.COMPLETED,-1,30,55009394,loss,True,35,0,True,loss,/private/tmp/kaggle_eps/55565056/replays/episode-97702773-replay.json,-1,74c001354ed4f34463ff1fd8efc243c3b7e7246d331c51e73c8a68b77be3813a,116,31,55565056,ended_before,,,,,,,,,,,,,,,,19,ended_before,,,,,,,,,,,,,,,,29,reached,9,True,False,1,1,31,17,11,3,7,27,6,5,76,True,
0,ok,True,97700279,False,False,DONE,,,0,62a4347d73ce625da6ce07e34dcd3c4d52e979011101c708867140cb78f15a21,no_explicit_terminal_engine_result,13,EpisodeState.COMPLETED,-1,33,55300522,loss,False,21,1,True,loss,/private/tmp/kaggle_eps/55565056/replays/episode-97700279-replay.json,-1,6794722660319605206d122a49115e9d8b1cddc4a0bc213ffd0df7c5699f9d1d,99,21,55565056,ended_before,,,,,,,,,,,,,,,,20,ended_before,,,,,,,,,,,,,,,,30,reached,10,True,False,1,1,35,21,11,3,4,35,6,5,72,True,
0,ok,True,97696013,True,True,DONE,,,1,100bcde6212b1ef9bb2b5726eada3dc971fba02db302e4cc0696a0025d19d827,no_explicit_terminal_engine_result,38,EpisodeState.COMPLETED,-1,8,54789536,loss,True,55,1,True,loss,/private/tmp/kaggle_eps/55565056/replays/episode-97696013-replay.json,-1,7cfc221ee06863d64f92b3241aecb676b1cf2568bb69363bd3e1d0f704fe9e8b,155,53,55565056,reached,19,True,False,1,1,16,11,4,1,10,10,6,10,119,True,,reached,29,True,False,1,1,13,6,6,1,8,4,6,15,138,True,,reached,9,True,False,1,1,30,21,6,3,5,28,6,5,76,True,
0,ok,True,97684197,False,False,DONE,,,0,c1860e65af47061e237bd09282506f7274a667de0f9d397eda1b3f122eff2296,no_explicit_terminal_engine_result,31,EpisodeState.COMPLETED,1,16,55399493,win,True,40,0,True,win,/private/tmp/kaggle_eps/55565056/replays/episode-97684197-replay.json,1,fb6497d5dc3d0a4515f28e3a4bab1a601430f318f9384b95a4c61ffa866834fe,113,12,55565056,reached,19,False,False,1,1,18,6,6,6,15,26,6,10,87,False,,reached,29,False,False,1,1,17,1,10,6,16,21,6,15,103,False,,reached,9,False,False,1,1,22,11,5,6,21,33,6,5,64,False,
0,ok,True,97672336,False,False,DONE,,,0,7a22929cad800ca1b373979e19f0ac8b079959fd881ad04619ef421e2e70aa45,no_explicit_terminal_engine_result,20,EpisodeState.COMPLETED,1,43,54709631,win,False,29,1,True,win,/private/tmp/kaggle_eps/55565056/replays/episode-97672336-replay.json,1,f592f3dc23766685dfba2d2162d2115a002d1f95be3ba9a813d0a2367f3ba347,77,19,55565056,reached,20,False,False,1,1,43,35,2,6,14,27,1,10,74,False,,ended_before,,,,,,,,,,,,,,,,30,reached,10,False,False,1,1,48,41,1,6,14,33,5,5,43,False,
0,ok,True,97660505,False,False,DONE,,,0,cb1d536554f9ca9186fd8a1738393dc1b2d855911a19c8fd1c2008b5b7b0d94f,no_explicit_terminal_engine_result,21,EpisodeState.COMPLETED,1,16,55080772,win,True,41,0,True,win,/private/tmp/kaggle_eps/55565056/replays/episode-97660505-replay.json,1,1be3a866dedba67fa4f31e5a15144353075099b8f049ed73fa47e79858783dcc,133,38,55565056,reached,19,True,False,1,1,17,6,8,3,5,12,5,10,125,True,,ended_before,,,,,,,,,,,,,,,,29,reached,9,True,False,1,1,24,17,3,4,4,26,6,5,84,True,
0,ok,True,97658170,True,True,DONE,,,0,6f24bc2831ba905c608e2b24c5fe4b751078b13c5290b3e2ddb867249f7bfcb3,no_explicit_terminal_engine_result,39,EpisodeState.COMPLETED,1,9,54769848,win,True,56,0,True,win,/private/tmp/kaggle_eps/55565056/replays/episode-97658170-replay.json,1,5c6bdd0231a825374e3040e1dc303e23edcb09d4b1ec0d1be596b3837c2283ca,246,52,55565056,reached,19,True,False,1,1,16,8,5,3,2,29,6,10,162,True,,reached,29,True,False,1,1,13,3,7,3,7,21,6,15,180,True,,reached,9,True,False,1,1,39,28,5,6,11,34,6,5,75,True,
0,ok,True,97650566,False,False,DONE,,,0,7d32e8efc55d080e4854d33cd34e50954b5a37bc94dad9545158b7888865aede,no_explicit_terminal_engine_result,34,EpisodeState.COMPLETED,-1,31,55564353,loss,True,51,0,True,loss,/private/tmp/kaggle_eps/55565056/replays/episode-97650566-replay.json,-1,52859da111c9ed8722a7ce9c5bc6e9fa163afc1ba452b8fe16398c0972fc157d,127,51,55565056,reached,19,True,False,1,1,34,24,6,4,6,21,6,10,81,True,,reached,29,True,False,1,1,32,16,14,2,5,14,6,15,109,True,,reached,9,True,False,1,1,49,37,6,6,9,26,6,5,49,True,
0,ok,True,97643743,False,False,DONE,,,0,da91a40d0ba464c0fda8cf8834db33894765c6987441d20efbeb061d95c35749,no_explicit_terminal_engine_result,23,EpisodeState.COMPLETED,-1,25,55374180,loss,False,34,1,True,loss,/private/tmp/kaggle_eps/55565056/replays/episode-97643743-replay.json,-1,fce59ba377eceb8067df11f9d256921b954394940d0aeca64778646edfdeaaf8,102,28,55565056,reached,20,True,False,1,1,25,16,8,1,5,19,6,10,94,True,,ended_before,,,,,,,,,,,,,,,,30,reached,10,True,False,1,1,39,26,9,4,6,25,6,5,61,True,
0,ok,True,97631838,True,True,DONE,,,0,542831394dfe07e26b94cefcb525abcb645c1afc36de4d48c19063fa56246d6d,no_explicit_terminal_engine_result,33,EpisodeState.COMPLETED,1,9,55211467,win,True,46,0,True,win,/private/tmp/kaggle_eps/55565056/replays/episode-97631838-replay.json,1,4b6822b94f460f4a2d8d3497824da05abc475fe97b95f9ea7c6084440b8a64fd,207,41,55565056,reached,19,True,False,1,1,13,8,2,3,7,30,4,10,150,True,,reached,29,True,False,1,1,9,3,4,2,3,22,2,15,196,True,,reached,9,False,False,1,1,48,37,5,6,16,31,6,5,48,False,
0,ok,True,97624037,True,True,DONE,,,0,4f210044c2fb1ec75628e3a3d8c2d09f41df64f988240c3abe86222c91b25eda,no_explicit_terminal_engine_result,15,EpisodeState.COMPLETED,1,10,55407332,win,True,38,0,True,win,/private/tmp/kaggle_eps/55565056/replays/episode-97624037-replay.json,1,9e101fc9787b59d59bb6621cd14188cd709a7963da4a478da64808ad6d4a11e7,123,33,55565056,ended_before,,,,,,,,,,,,,,,,19,ended_before,,,,,,,,,,,,,,,,29,reached,9,True,False,1,1,18,9,4,5,11,28,6,5,85,True,
0,ok,True,97619915,False,False,DONE,,,0,cf1113e797ce6a558249d0bbadef264f805440bc7abefd7021e5b78a954f198d,no_explicit_terminal_engine_result,19,EpisodeState.COMPLETED,-1,20,55561029,loss,False,34,1,True,loss,/private/tmp/kaggle_eps/55565056/replays/episode-97619915-replay.json,-1,6bce59ceede432616bf7ed29f2e7cb44ea2ed60b80f395869cd2da7c433933ac,202,30,55565056,ended_before,,,,,,,,,,,,,,,,20,ended_before,,,,,,,,,,,,,,,,30,reached,10,True,False,1,1,33,25,3,5,4,41,4,5,97,True,
0,ok,True,97619453,True,True,DONE,,,0,f1a41e3ef53249c57ec953be97f19cd542a419b455f0577c5513442bfde92745,no_explicit_terminal_engine_result,31,EpisodeState.COMPLETED,1,12,55560827,win,True,49,0,True,win,/private/tmp/kaggle_eps/55565056/replays/episode-97619453-replay.json,1,873e396c275bad20afa60d38c0f6fda38cca7da7b46703e9d0f6fd43c8a2eccf,194,46,55565056,reached,19,True,False,1,1,27,18,4,5,9,21,6,10,104,True,,reached,29,True,False,1,1,15,7,3,5,9,15,6,15,180,True,,reached,9,False,False,1,1,34,27,1,6,14,31,6,5,62,False,
0,ok,True,97608093,True,True,DONE,,,0,0f21e37ba028929c0855d0ed41b0bd06b577c1319d023c5b5db108a697f146c4,no_explicit_terminal_engine_result,19,EpisodeState.COMPLETED,1,6,55559355,win,True,35,0,True,win,/private/tmp/kaggle_eps/55565056/replays/episode-97608093-replay.json,1,b3c1509b1c236a0ec1df7c02adf1c23942d4df7b3451ed1f1fb11ba25a8a5a16,107,32,55565056,reached,19,True,False,1,1,14,0,11,3,10,12,6,10,103,True,,ended_before,,,,,,,,,,,,,,,,29,reached,9,True,False,1,1,28,16,9,3,7,30,6,5,73,True,
0,ok,True,97595814,False,False,DONE,,,0,6240d43e154886fb6ea147a8201b791945b0df9b548b3830220aedd80f7c20f5,no_explicit_terminal_engine_result,16,EpisodeState.COMPLETED,1,18,55564681,win,False,40,1,True,win,/private/tmp/kaggle_eps/55565056/replays/episode-97595814-replay.json,1,726e829c16b557fccec2f24a2f3357eb9f0f9882a3057a06ee12c73fcd94be8a,150,29,55565056,ended_before,,,,,,,,,,,,,,,,20,ended_before,,,,,,,,,,,,,,,,30,reached,10,False,False,1,1,34,27,2,5,19,25,4,5,82,False,
0,ok,True,97583955,True,True,DONE,,,0,ace588c9012744c1f1f91df26480735f7fd04b506486c0e638aef37dd86c8ac4,no_explicit_terminal_engine_result,42,EpisodeState.COMPLETED,1,8,54141873,win,False,58,1,True,win,/private/tmp/kaggle_eps/55565056/replays/episode-97583955-replay.json,1,13f6a96f64d0acb1fa54a625edab5398055425a05cb24e491901d9bb49a1f421,191,54,55565056,reached,20,True,False,1,1,25,23,0,2,5,16,3,10,117,True,,reached,30,True,False,1,1,19,16,2,1,7,11,3,15,149,True,,reached,10,True,False,1,1,35,26,5,4,6,32,6,5,70,True,
0,ok,True,97574891,True,True,DONE,,,0,3dd5b5d4c6d74e051590b7730fc9b81ffa539c1e0ae1f20852c40c8ec85a92c9,no_explicit_terminal_engine_result,33,EpisodeState.COMPLETED,-1,11,55423931,loss,False,41,1,True,loss,/private/tmp/kaggle_eps/55565056/replays/episode-97574891-replay.json,-1,fbaadd56051e3cb7fb2b7820edc3510e108c6c2f3f32ce10108fa2e0b08b910b,157,41,55565056,reached,20,True,False,1,1,19,10,6,3,3,25,5,10,115,True,,reached,30,True,False,1,1,13,5,7,1,5,20,5,15,139,True,,reached,10,True,False,1,1,39,26,7,6,7,39,5,5,56,True,
0,ok,True,97563048,True,True,DONE,,,1,2a1a52d58a181766988abe528dd84cf110d0716aac6ca2c82b3454c67d6296eb,no_explicit_terminal_engine_result,19,EpisodeState.COMPLETED,1,11,55455644,win,True,40,1,True,win,/private/tmp/kaggle_eps/55565056/replays/episode-97563048-replay.json,1,5571c86949187b672ed716ffd822498dd2743b2aa6e05e351118836c13e29151,121,38,55565056,reached,19,True,False,1,1,11,1,6,4,8,9,5,10,119,True,,ended_before,,,,,,,,,,,,,,,,29,reached,9,True,False,1,1,25,17,4,4,6,26,6,5,64,True,
0,ok,True,97551199,False,False,DONE,,,0,0c77d6447cc57faa7f90a8d3a8418bc0836d866d770811afe1052c4cb65bcd37,no_explicit_terminal_engine_result,23,EpisodeState.COMPLETED,-1,18,55559850,loss,False,43,1,True,loss,/private/tmp/kaggle_eps/55565056/replays/episode-97551199-replay.json,-1,fb86527c25cf236e8cb992c2749ca610224c5c8b4a7b90ce787693cc7fb9b0af,172,40,55565056,reached,20,True,False,1,1,25,15,6,4,5,22,3,10,134,True,,ended_before,,,,,,,,,,,,,,,,30,reached,10,True,False,1,1,40,33,2,5,12,25,6,5,65,True,
0,ok,True,97538946,False,False,DONE,,,0,3f3cd4ce368b7d74d21a6637a2bd1661eaef7183154ea5d1c07ed1203744a377,no_explicit_terminal_engine_result,21,EpisodeState.COMPLETED,1,24,55362334,win,True,45,0,True,win,/private/tmp/kaggle_eps/55565056/replays/episode-97538946-replay.json,1,bbb99a40db37bb4178451d1db5b4de297a9970c28cf23ed45dc699407322bb99,136,43,55565056,reached,19,True,False,1,1,24,1,21,2,6,5,6,10,129,True,,ended_before,,,,,,,,,,,,,,,,29,reached,9,True,False,1,1,34,15,15,4,6,29,6,5,77,True,
0,ok,True,97527115,True,True,DONE,,,0,4daff7ac2d836e4531fe372cd6f8355e67f3f9e42afe83cb5ab6439272e40e7e,no_explicit_terminal_engine_result,30,EpisodeState.COMPLETED,1,7,54560257,win,False,47,1,True,win,/private/tmp/kaggle_eps/55565056/replays/episode-97527115-replay.json,1,4b1aeec6237c399b8fcf9bde3160bb61a30977c3993a247c3a3a138c5aa66942,130,38,55565056,reached,20,True,False,1,1,12,3,5,4,5,8,5,10,109,True,,reached,30,True,False,1,1,10,0,6,4,5,4,5,15,126,True,,reached,10,False,False,1,1,38,24,8,6,24,35,5,5,49,False,
0,ok,True,97515280,True,True,DONE,,,1,7e05dee7843177683741bee9419f52da1ae34f05f7988bd2ad202b872fb37360,no_explicit_terminal_engine_result,31,EpisodeState.COMPLETED,1,12,54154760,win,True,40,1,True,win,/private/tmp/kaggle_eps/55565056/replays/episode-97515280-replay.json,1,561b619f370910332fe66833d915f3edb9c6739a4358303fb68c0daefeb37a18,115,36,55565056,reached,19,True,False,1,1,28,21,3,4,6,32,6,10,85,True,,reached,29,True,False,1,1,14,2,8,4,6,26,6,15,109,True,,reached,9,True,False,1,1,39,30,5,4,2,38,6,5,56,True,
0,ok,True,97503459,False,False,DONE,,,0,d44277a170ae40e5dbf22c32aef88af852e3b2e4393dfebc6c1323186cc248ed,no_explicit_terminal_engine_result,14,EpisodeState.COMPLETED,-1,36,54827077,loss,True,32,0,True,loss,/private/tmp/kaggle_eps/55565056/replays/episode-97503459-replay.json,-1,93d0ffcf72c6ae7ca35c0e0a5170a9a1c87a4a9e7a7ee21f6ea06ad0a4dc140d,105,32,55565056,ended_before,,,,,,,,,,,,,,,,19,ended_before,,,,,,,,,,,,,,,,29,reached,9,True,False,1,1,40,33,5,2,3,34,6,5,71,True,
0,ok,True,97503251,False,False,DONE,,,0,b7f38839da9342ec9bfed30e30ebe54d8f67607781dad51c419937a6809ecba9,no_explicit_terminal_engine_result,34,EpisodeState.COMPLETED,-1,25,55554024,loss,True,46,0,True,loss,/private/tmp/kaggle_eps/55565056/replays/episode-97503251-replay.json,-1,fcb4bc10693a3a109e7ac7556371647fc435f0e3d7d5988916989ddc1a838bfe,166,42,55565056,reached,19,True,False,1,1,25,8,13,4,6,14,6,10,134,True,,reached,29,True,False,1,1,25,3,21,1,8,9,6,15,155,True,,reached,9,True,False,1,1,35,27,2,6,9,19,6,5,80,True,
0,ok,True,97490939,True,True,DONE,,,0,2cadd18187778d28eaf0fe789d5b5bd1ba7327e496d114ed5c9f1e68ef3b5793,no_explicit_terminal_engine_result,30,EpisodeState.COMPLETED,-1,14,55537360,loss,True,47,0,True,loss,/private/tmp/kaggle_eps/55565056/replays/episode-97490939-replay.json,-1,3114a9867ae8998f9960e5a2d90638fba5a89b0084e1fad7cab75100c8d31999,140,46,55565056,reached,19,True,False,1,1,20,12,5,3,5,17,6,10,104,True,,reached,29,True,False,1,1,14,3,10,1,9,1,6,15,135,True,,reached,9,True,False,1,1,33,22,6,5,7,28,6,5,64,True,
0,ok,True,97488094,True,True,DONE,,,1,b549d9e653edd01920efcb54407e654220643f13345f7c7884eafe26a8c0284e,no_explicit_terminal_engine_result,23,EpisodeState.COMPLETED,1,13,55194401,win,True,49,1,True,win,/private/tmp/kaggle_eps/55565056/replays/episode-97488094-replay.json,1,95820ce80446e15b472baa682803f5247212854da75f50af99d1fcedce049a99,123,39,55565056,reached,19,True,False,1,1,13,5,6,2,7,7,6,10,110,True,,ended_before,,,,,,,,,,,,,,,,29,reached,9,True,False,1,1,29,20,5,4,3,26,6,5,67,True,
0,ok,True,97476153,True,True,DONE,,,1,900a7f7fe8f932d1377936d3b24847306a860d66504b400dbf3b6a979e6e777d,no_explicit_terminal_engine_result,22,EpisodeState.COMPLETED,-1,8,55539820,loss,True,36,1,True,loss,/private/tmp/kaggle_eps/55565056/replays/episode-97476153-replay.json,-1,b31a8f16cadff46c0f016e33e5f2ed27a7f2a50f70e9e9b33c6e42ca8f57824d,113,35,55565056,reached,19,True,False,1,1,14,4,9,1,7,9,6,10,105,True,,ended_before,,,,,,,,,,,,,,,,29,reached,9,True,False,1,1,30,20,5,5,5,21,6,5,61,True,
0,ok,True,97476261,False,False,DONE,,,0,4f088a01e6035eb81468a72af070db5b4a6e84881adfd6cb1db9ef7a989448b4,no_explicit_terminal_engine_result,3,EpisodeState.COMPLETED,-1,50,55104646,loss,False,2,1,True,loss,/private/tmp/kaggle_eps/55565056/replays/episode-97476261-replay.json,-1,9e147f0979dfc83707f26a80b970037f8a83b10ef190649547ddbb99b2d57246,36,2,55565056,ended_before,,,,,,,,,,,,,,,,20,ended_before,,,,,,,,,,,,,,,,30,ended_before,,,,,,,,,,,,,,,,10
0,ok,True,97474275,True,True,DONE,,,0,6130938f2e25039c6788a97ad8bb6943ecb9e9bbd9c94230403a8cb519fdac19,no_explicit_terminal_engine_result,24,EpisodeState.COMPLETED,1,9,53877869,win,False,34,1,True,win,/private/tmp/kaggle_eps/55565056/replays/episode-97474275-replay.json,1,be892b8482eb90bd3ca7c19c45f61b9ecffffcc02b88b4440fc0fbdb8a283a96,128,31,55565056,reached,20,True,False,1,1,23,13,5,5,10,32,2,10,101,True,,ended_before,,,,,,,,,,,,,,,,30,reached,10,True,False,1,1,42,33,4,5,9,37,6,5,54,True,
0,ok,True,97462159,False,False,DONE,,,0,4682894bb8e63af90a6cd9993d4b593d86784912927d34cf065df7e242435926,no_explicit_terminal_engine_result,22,EpisodeState.COMPLETED,-1,17,55522787,loss,True,35,0,True,loss,/private/tmp/kaggle_eps/55565056/replays/episode-97462159-replay.json,-1,5ad7d91fb520ad72d3752336e47780fa3bdf10b842ad66ee1fbadbb947cb8fab,140,33,55565056,reached,19,True,False,1,1,21,12,7,2,5,26,6,10,111,True,,ended_before,,,,,,,,,,,,,,,,29,reached,9,True,False,1,1,38,27,6,5,8,31,6,5,57,True,
0,ok,True,97462429,True,True,DONE,,,0,c8d23a86e02fdc80f399f802a7ef4cdbcddcbea3c59c7e5c0986d0d167038bd9,no_explicit_terminal_engine_result,23,EpisodeState.COMPLETED,1,7,53979968,win,True,37,0,True,win,/private/tmp/kaggle_eps/55565056/replays/episode-97462429-replay.json,1,85228fc074f1eb1338c4939feb6f0b721a6fe699e895ed51c75988f01ca50d97,122,34,55565056,reached,19,True,False,1,1,8,2,3,3,3,20,6,10,108,True,,ended_before,,,,,,,,,,,,,,,,29,reached,9,True,False,1,1,20,13,3,4,6,33,6,5,74,True,
0,ok,True,97460892,False,False,DONE,,,0,68b65d71c218f1bdf2850d9bc0690a75a8266a2c7b1a0e3a75d5f456b1126baa,no_explicit_terminal_engine_result,14,EpisodeState.COMPLETED,-1,34,55551340,loss,True,30,0,True,loss,/private/tmp/kaggle_eps/55565056/replays/episode-97460892-replay.json,-1,73ba9f50400bb11e06926587cfcc57f520c7dc30ae2b794d99889126740998aa,106,29,55565056,ended_before,,,,,,,,,,,,,,,,19,ended_before,,,,,,,,,,,,,,,,29,reached,9,True,False,1,1,34,7,24,3,10,27,6,5,81,True,
0,ok,True,97460431,True,True,DONE,,,0,0814fab09c9712adfcef0661a1fd7005b864404eb294583b5781267e2f1b1b70,no_explicit_terminal_engine_result,18,EpisodeState.COMPLETED,1,11,54308270,win,False,35,1,True,win,/private/tmp/kaggle_eps/55565056/replays/episode-97460431-replay.json,1,8c966413db25ea63af56cb3a33d1be9482b40b9f59e4b89acdbabc3e15f9b56d,124,31,55565056,ended_before,,,,,,,,,,,,,,,,20,ended_before,,,,,,,,,,,,,,,,30,reached,10,True,False,1,1,17,4,8,5,8,32,6,5,93,True,
0,ok,True,97448566,True,True,DONE,,,0,ee45a18747c1d1fc17ed496cc72a17a93310135535142ae44a660372e7b1caa8,no_explicit_terminal_engine_result,16,EpisodeState.COMPLETED,-1,12,54879799,loss,True,31,0,True,loss,/private/tmp/kaggle_eps/55565056/replays/episode-97448566-replay.json,-1,8b95274cab19d24e299a0c4da2fc23e0946e8765a711c9233f08eb1d5f8fc35d,136,28,55565056,ended_before,,,,,,,,,,,,,,,,19,ended_before,,,,,,,,,,,,,,,,29,reached,9,True,False,1,1,18,10,5,3,4,38,6,5,85,True,
0,ok,True,97436250,False,False,DONE,,,0,59b7b5f3b54baf7e298754a3d09bae93f3a2cde3778b2be95cfd2664a7937387,no_explicit_terminal_engine_result,21,EpisodeState.COMPLETED,-1,22,54576807,loss,False,26,1,True,loss,/private/tmp/kaggle_eps/55565056/replays/episode-97436250-replay.json,-1,a4111e8d04569373e0ad7b6c4c8ccc87a28ea829f84dbb6898af4f3f11c5cef3,117,26,55565056,reached,20,True,False,1,1,22,6,15,1,3,31,6,10,111,True,,ended_before,,,,,,,,,,,,,,,,30,reached,10,True,False,1,1,27,15,7,5,3,37,6,5,73,True,
0,ok,True,97424385,False,False,DONE,,,0,95ac9125253ed3acf8f23bdc24465f72df232cf4821efabebc3c412824fabc4e,no_explicit_terminal_engine_result,16,EpisodeState.COMPLETED,-1,28,54715469,loss,True,27,0,True,loss,/private/tmp/kaggle_eps/55565056/replays/episode-97424385-replay.json,-1,70594f73b162c9ea0bc57a59c92d1facb455d2cfb88c209214e846de6f106a12,157,25,55565056,ended_before,,,,,,,,,,,,,,,,19,ended_before,,,,,,,,,,,,,,,,29,reached,9,False,False,1,1,42,33,7,2,14,28,6,5,82,False,
0,ok,True,97413028,False,False,DONE,,,0,95a5d2e9fd573a24f273f6bd2de622c99fe9f57d3870ec43cf28547604427e14,no_explicit_terminal_engine_result,22,EpisodeState.COMPLETED,1,23,54995845,win,False,38,1,True,win,/private/tmp/kaggle_eps/55565056/replays/episode-97413028-replay.json,1,365d49c1235e77d063d2ee5274b3da311885f349c21d3ffffb0ec03173d8e0ef,126,38,55565056,reached,20,True,False,1,1,26,6,17,3,10,15,4,10,113,True,,ended_before,,,,,,,,,,,,,,,,30,reached,10,True,False,1,1,41,27,8,6,6,40,5,5,47,True,
0,ok,True,97401202,True,True,DONE,,,0,b39e69005f8ccb0682324c5ffbc22fb26cf26f3914bb97a3782bdde1da5b0e32,no_explicit_terminal_engine_result,21,EpisodeState.COMPLETED,1,11,55531345,win,True,45,0,True,win,/private/tmp/kaggle_eps/55565056/replays/episode-97401202-replay.json,1,c206ae4751531cde7288501aede3c1df5702d3ab323222062c31d24c8755f95e,147,42,55565056,reached,19,True,False,1,1,17,9,6,2,6,16,5,10,125,True,,ended_before,,,,,,,,,,,,,,,,29,reached,9,True,False,1,1,46,36,5,5,12,35,6,5,43,True,
0,ok,True,97394606,False,False,DONE,,,1,2a7b3170078830fdf2af2d1684e2743a6a575b6aee6efe6a6daa075fd90f2d02,no_explicit_terminal_engine_result,16,EpisodeState.COMPLETED,-1,24,55561360,loss,True,26,1,True,loss,/private/tmp/kaggle_eps/55565056/replays/episode-97394606-replay.json,-1,12b19fca7c5ea2eda4c48e7e0ee5a0a52e29b6269dae9aaafe609edb6a4e9314,95,24,55565056,ended_before,,,,,,,,,,,,,,,,19,ended_before,,,,,,,,,,,,,,,,29,reached,9,True,False,1,1,35,28,4,3,5,27,6,5,63,True,
0,ok,True,97389850,False,False,DONE,,,0,ad9c8d9c857dce7921e26dd49c9011ff32ff8403febf346ac8c368513263f315,no_explicit_terminal_engine_result,30,EpisodeState.COMPLETED,-1,18,54320664,loss,True,36,0,True,loss,/private/tmp/kaggle_eps/55565056/replays/episode-97389850-replay.json,-1,183eef743b35ba05f211c3221493f271a4617dc119c0d3c6101a6a318461c905,84,34,55565056,reached,19,True,False,1,1,34,19,9,6,8,11,6,10,63,True,,reached,29,True,False,1,1,27,9,12,6,7,1,6,15,78,True,,reached,9,True,False,1,1,40,29,5,6,9,21,6,5,48,True,
0,ok,True,97379085,True,True,DONE,,,0,27cf8a7274f3f5ea103c44bc5ff55725987a5b724da16c30fad44d2be73e01a1,no_explicit_terminal_engine_result,30,EpisodeState.COMPLETED,1,11,55560506,win,False,39,1,True,win,/private/tmp/kaggle_eps/55565056/replays/episode-97379085-replay.json,1,7e0b8b6f0ad5df476099f6a13c81f06fa3523e96f3a1b3b71aabf8ddf88fccfd,119,21,55565056,reached,20,False,False,1,1,17,10,1,6,18,15,6,10,84,False,,reached,30,True,False,1,1,11,4,1,6,12,8,1,15,116,True,,reached,10,False,False,1,1,34,27,1,6,13,31,6,5,50,False,
0,ok,True,97369448,False,False,DONE,,,0,17a6ae1d17e3effdb163b2249e79a435ac3df814a8684fe428348cd12291b8ed,no_explicit_terminal_engine_result,38,EpisodeState.COMPLETED,-1,25,55557826,loss,True,51,0,True,loss,/private/tmp/kaggle_eps/55565056/replays/episode-97369448-replay.json,-1,c402e2b2c58e3feab1b668271cd10db15c668306c7384987c90b25873f85c67c,134,42,55565056,reached,19,True,False,1,1,36,26,5,5,7,24,6,10,75,True,,reached,29,False,False,1,1,31,21,5,5,16,18,5,15,99,False,,reached,9,True,False,1,1,40,31,4,5,4,29,6,5,61,True,
0,ok,True,97359734,False,False,DONE,,,1,ee58d518c217331defe0d22d5a712164bdcb4d0c6ecc306bf7f40695c2311211,no_explicit_terminal_engine_result,14,EpisodeState.COMPLETED,-1,19,55557727,loss,True,29,1,True,loss,/private/tmp/kaggle_eps/55565056/replays/episode-97359734-replay.json,-1,cc41ec4691149709156eff3514a50a25b724dc96c12279c699029db65129db53,122,26,55565056,ended_before,,,,,,,,,,,,,,,,19,ended_before,,,,,,,,,,,,,,,,29,reached,9,True,False,1,1,20,7,10,3,7,30,6,5,98,True,
0,ok,True,97347869,False,False,DONE,,,1,9a4e3af2df72f6496afdb6a80948f5832b6fe8687c44c12df9e20bf5f661ac4d,no_explicit_terminal_engine_result,18,EpisodeState.COMPLETED,-1,25,55463678,loss,True,21,1,True,loss,/private/tmp/kaggle_eps/55565056/replays/episode-97347869-replay.json,-1,ce8500db2664fa317a9c677adc87cfef15007901f4f80929f9bf702db24eb455,88,21,55565056,ended_before,,,,,,,,,,,,,,,,19,ended_before,,,,,,,,,,,,,,,,29,reached,9,True,False,1,1,43,32,5,6,11,40,5,5,45,True,
0,ok,True,97335536,True,True,DONE,,,0,b61dae609655d88f808ccbc0bc921b98ae34aff03168ce950a66c7e53e617c97,no_explicit_terminal_engine_result,19,EpisodeState.COMPLETED,1,9,55258033,win,True,34,0,True,win,/private/tmp/kaggle_eps/55565056/replays/episode-97335536-replay.json,1,2fe9918790317947e5ede91c23e604e32504bd85ee807c6f652295aa0562824a,123,30,55565056,reached,19,True,False,1,1,9,3,3,3,8,21,5,10,119,True,,ended_before,,,,,,,,,,,,,,,,29,reached,9,False,False,1,1,24,12,6,6,15,26,6,5,79,False,
0,ok,True,97329581,True,True,DONE,,,0,1eb8765986b29d76eaa5092c4ba657cc8ca25d75362cb1560dc4acbb97f10e64,no_explicit_terminal_engine_result,21,EpisodeState.COMPLETED,1,6,55523683,win,True,49,0,True,win,/private/tmp/kaggle_eps/55565056/replays/episode-97329581-replay.json,1,2b8e53653f820eec546f2b4f3a7695e18ff5d9ef83aea5a1cafe75ef6de02b43,173,44,55565056,reached,19,True,False,1,1,8,3,4,1,6,11,6,10,152,True,,ended_before,,,,,,,,,,,,,,,,29,reached,9,False,False,1,1,22,7,12,3,15,26,6,5,97,False,
0,ok,True,97317282,True,True,DONE,,,0,4208af9fe6340ff1f58d2f90cef80445762a2799c4fb65ebd41e066c65d9608f,no_explicit_terminal_engine_result,10,EpisodeState.COMPLETED,1,12,53837950,win,False,26,1,True,win,/private/tmp/kaggle_eps/55565056/replays/episode-97317282-replay.json,1,d08709a7853caabf0dad9bcab4711bd20fa2851120f7b2b2c90cbdf573fb9bc6,95,19,55565056,ended_before,,,,,,,,,,,,,,,,20,ended_before,,,,,,,,,,,,,,,,30,reached,10,True,False,1,1,12,4,3,5,12,24,6,5,90,True,
0,ok,True,97316345,True,True,DONE,,,0,7a7d5d80a5624cfc07fc6e24ed76ab9db07efa09855b9adb6feba867aaba964c,no_explicit_terminal_engine_result,29,EpisodeState.COMPLETED,1,12,54852374,win,True,49,0,True,win,/private/tmp/kaggle_eps/55565056/replays/episode-97316345-replay.json,1,3e95434319425edb70b9746921946cdf5475ff0a5611f0fca7acba791a6af4b5,133,32,55565056,reached,19,False,False,1,1,24,14,5,5,17,16,6,10,92,False,,reached,29,False,False,1,1,12,4,4,4,13,11,6,15,128,False,,reached,9,True,False,1,1,38,28,5,5,3,40,6,5,57,True,
0,ok,True,97305450,True,True,DONE,,,0,4606c79109b8ecdc36bdd49d0e3f9ce54dea46470b5c2ae234f38d6eb4a3068b,no_explicit_terminal_engine_result,16,EpisodeState.COMPLETED,1,7,54326238,win,False,29,1,True,win,/private/tmp/kaggle_eps/55565056/replays/episode-97305450-replay.json,1,e3cf08596ba9c50e180f3d42d801972e01b84301accaca356399def389fb5de9,125,22,55565056,ended_before,,,,,,,,,,,,,,,,20,ended_before,,,,,,,,,,,,,,,,30,reached,10,True,False,1,1,27,16,5,6,11,26,6,5,79,True,
0,ok,True,97295586,False,False,DONE,,,0,1a8a6fd31ed66d02f644b67a47c9ae6715126a6efbd5b1609660693f298ac4ca,no_explicit_terminal_engine_result,19,EpisodeState.COMPLETED,1,23,55556830,win,True,31,0,True,win,/private/tmp/kaggle_eps/55565056/replays/episode-97295586-replay.json,1,fbba89cc302667800142ec69b7d86a16b7effffed9b2b6dd295d09b94ad8527a,103,30,55565056,reached,19,True,False,1,1,23,1,18,4,6,20,6,10,101,True,,ended_before,,,,,,,,,,,,,,,,29,reached,9,True,False,1,1,39,23,12,4,3,35,6,5,60,True,
0,ok,True,97283235,False,False,DONE,,,0,a385b0895069930d141b45113e0e527fe02bb6b9536b3f3b81225fe772169423,no_explicit_terminal_engine_result,16,EpisodeState.COMPLETED,-1,19,55443280,loss,True,32,0,True,loss,/private/tmp/kaggle_eps/55565056/replays/episode-97283235-replay.json,-1,562d93b03bbf31cb4beb054f2998291f46d99680f1682353e39348713a712afd,135,31,55565056,ended_before,,,,,,,,,,,,,,,,19,ended_before,,,,,,,,,,,,,,,,29,reached,9,True,False,1,1,37,20,13,4,11,23,6,5,81,True,
0,ok,True,97271390,False,False,DONE,,,0,9b3342d89e9796fbdf73f3dd5786704492752c6fa4ee7988caf51c85940eb84a,no_explicit_terminal_engine_result,13,EpisodeState.COMPLETED,-1,16,53865211,loss,False,18,1,True,loss,/private/tmp/kaggle_eps/55565056/replays/episode-97271390-replay.json,-1,a78d79116ce9be5b9c4b34846f3948a074fa0eaa47ed6c490bbf48a1fd516455,102,15,55565056,ended_before,,,,,,,,,,,,,,,,20,ended_before,,,,,,,,,,,,,,,,30,reached,10,True,False,1,1,18,7,6,5,3,34,6,5,89,True,
0,ok,True,97262669,True,True,DONE,,,0,574b4f636098269a648383909c9369efc1b6e6d8f7d3681ab8c5240546f45a6d,no_explicit_terminal_engine_result,18,EpisodeState.COMPLETED,1,11,54842989,win,False,36,1,True,win,/private/tmp/kaggle_eps/55565056/replays/episode-97262669-replay.json,1,a5b037be04189fccd8ee24d2fa3f4a7b7d2bf50e845a451dcdd7c5f8f85523df,134,33,55565056,ended_before,,,,,,,,,,,,,,,,20,ended_before,,,,,,,,,,,,,,,,30,reached,10,True,False,1,1,21,9,7,5,6,29,6,5,90,True,
0,ok,True,97250800,False,False,DONE,,,0,292d9c309c815f047d1d8897698b82641f7d0a2977a321f7d82d5748b1ce207e,no_explicit_terminal_engine_result,19,EpisodeState.COMPLETED,-1,19,55565207,loss,False,39,1,True,loss,/private/tmp/kaggle_eps/55565056/replays/episode-97250800-replay.json,-1,780aa304f26210632ff2c467f4aac5927665c4e9f94380cf6b2c6d94a0ab93cb,203,30,55565056,ended_before,,,,,,,,,,,,,,,,20,ended_before,,,,,,,,,,,,,,,,30,reached,10,True,False,1,1,32,24,4,4,8,27,5,5,97,True,
0,ok,True,97238982,False,False,DONE,,,0,f52b3138236945522b6e82b9430c4993bf88a30be3b967cf118b041ba85d8c3b,no_explicit_terminal_engine_result,14,EpisodeState.COMPLETED,-1,39,54394659,loss,True,39,0,True,loss,/private/tmp/kaggle_eps/55565056/replays/episode-97238982-replay.json,-1,af61db83914e349c50292313ed14a2791876b023bb263eb7c7b27a7f3cbb7807,106,35,55565056,ended_before,,,,,,,,,,,,,,,,19,ended_before,,,,,,,,,,,,,,,,29,reached,9,True,False,1,1,39,22,14,3,7,24,6,5,76,True,
0,ok,True,97227141,False,False,DONE,,,1,d35557dfcc53269c66048bd257b95b7861ead709d8ba83a2c14f4432e876cbc5,no_explicit_terminal_engine_result,16,EpisodeState.COMPLETED,-1,33,55559032,loss,True,24,1,True,loss,/private/tmp/kaggle_eps/55565056/replays/episode-97227141-replay.json,-1,554cbfc752369c2754af9090f321bc8980123b7c1b30ad1056db60f0acc37e64,95,24,55565056,ended_before,,,,,,,,,,,,,,,,19,ended_before,,,,,,,,,,,,,,,,29,reached,9,True,False,1,1,34,12,18,4,4,39,6,5,66,True,
0,ok,True,97214823,False,False,DONE,,,0,3c95e281404b08f29ad3d286cf7a95983f2044949ccf2dff97997e9865104cc9,no_explicit_terminal_engine_result,2,EpisodeState.COMPLETED,-1,59,55210790,loss,True,2,0,True,loss,/private/tmp/kaggle_eps/55565056/replays/episode-97214823-replay.json,-1,69173127f6c483f8c298b07e1437c7663a442706e5256f3408b9840818a953c7,24,2,55565056,ended_before,,,,,,,,,,,,,,,,19,ended_before,,,,,,,,,,,,,,,,29,ended_before,,,,,,,,,,,,,,,,9
0,ok,True,97202998,False,False,DONE,,,0,d0ca4cecbb546d3f5b7a744f4e1f19f24107b7849ca1d6eb21b3f4f0787ed56d,no_explicit_terminal_engine_result,12,EpisodeState.COMPLETED,-1,38,54708011,loss,True,19,0,True,loss,/private/tmp/kaggle_eps/55565056/replays/episode-97202998-replay.json,-1,babce10722c0e9d35b0ff783168be12eb855c62d2d51d11cb639712139e58c03,72,17,55565056,ended_before,,,,,,,,,,,,,,,,19,ended_before,,,,,,,,,,,,,,,,29,reached,9,True,False,1,1,39,32,4,3,3,38,6,5,61,True,
0,ok,True,97191247,True,True,DONE,,,0,fb44c9f611044bfeacc166e826ef2f8067b901b4eb04c957c1e1e74eb12594d3,no_explicit_terminal_engine_result,17,EpisodeState.COMPLETED,1,10,55425430,win,True,39,0,True,win,/private/tmp/kaggle_eps/55565056/replays/episode-97191247-replay.json,1,f4489887cc5c8a1c12080fbbd58b7ecdba9640d4375f88b203fd83441622840b,96,27,55565056,ended_before,,,,,,,,,,,,,,,,19,ended_before,,,,,,,,,,,,,,,,29,reached,9,False,False,1,1,32,19,7,6,20,26,6,5,53,False,
0,ok,True,97184259,True,True,DONE,,,0,3667925db82ffe535958bc03ef9f3d5ec42495a871f997290861a75ecb761e42,no_explicit_terminal_engine_result,13,EpisodeState.COMPLETED,1,11,54927523,win,True,27,0,True,win,/private/tmp/kaggle_eps/55565056/replays/episode-97184259-replay.json,1,b71fdb938941ba18e5458886fad8796a01fc0537e4e5f48780d383c099e5c9cd,88,18,55565056,ended_before,,,,,,,,,,,,,,,,19,ended_before,,,,,,,,,,,,,,,,29,reached,9,False,False,1,1,18,7,5,6,17,31,6,5,67,False,
0,ok,True,97173667,False,False,DONE,,,0,81f69b772aeefd944d47c112a71de67f1067577080fca0825a0c03b201c076f8,no_explicit_terminal_engine_result,36,EpisodeState.COMPLETED,-1,20,54851598,loss,True,56,0,True,loss,/private/tmp/kaggle_eps/55565056/replays/episode-97173667-replay.json,-1,a0309160b89ef54f4b39956ec5c641673a1dfd5844f8099b2b2c2a6c9c0a3ce3,165,55,55565056,reached,19,True,False,1,1,31,22,5,4,12,20,5,10,93,True,,reached,29,True,False,1,1,24,16,5,3,7,15,5,15,125,True,,reached,9,True,False,1,1,53,37,10,6,6,33,6,5,34,True,
0,ok,True,97166893,False,False,DONE,,,0,7fcad87b4e5477ca3465b9c6d318c68239aa5910d334c90b4103d0e633c11a26,no_explicit_terminal_engine_result,7,EpisodeState.COMPLETED,-1,43,55563319,loss,False,12,1,True,loss,/private/tmp/kaggle_eps/55565056/replays/episode-97166893-replay.json,-1,e5867b347d859a040818381191f0b595f5f8827e9ba12d30c0e6c0f3cbb0e93d,66,12,55565056,ended_before,,,,,,,,,,,,,,,,20,ended_before,,,,,,,,,,,,,,,,30,ended_before,,,,,,,,,,,,,,,,10
0,ok,True,97155081,False,False,DONE,,,0,023711312d9590203c6b05ec38e498da1250dc3fae439fef29d3cf928526f167,no_explicit_terminal_engine_result,17,EpisodeState.COMPLETED,1,30,55123904,win,True,37,0,True,win,/private/tmp/kaggle_eps/55565056/replays/episode-97155081-replay.json,1,433b718ee28ed2b4f4bf79dc408a48ca63ed7df0fa149563fa841594caef2801,115,28,55565056,ended_before,,,,,,,,,,,,,,,,19,ended_before,,,,,,,,,,,,,,,,29,reached,9,True,False,1,1,40,31,3,6,11,32,5,5,60,True,
0,ok,True,97143331,False,False,DONE,,,0,2b10e9e00c69a666bddf3f5e0542812de8a09f8349afe71fd46ffa4a9c991ba8,no_explicit_terminal_engine_result,19,EpisodeState.COMPLETED,1,17,55555586,win,True,35,0,True,win,/private/tmp/kaggle_eps/55565056/replays/episode-97143331-replay.json,1,ba79fe81179aa62cd857d2aa8a543c2c74c7f5318216ed941a64302a421349ec,119,33,55565056,reached,19,True,False,1,1,17,0,13,4,6,14,6,10,115,True,,ended_before,,,,,,,,,,,,,,,,29,reached,9,True,False,1,1,31,20,7,4,4,26,6,5,81,True,
0,ok,True,97131492,False,False,DONE,,,0,ea7db33eb8fa03c8de636388569249d5323bcbff337af7bebe2538bf18bbefa5,no_explicit_terminal_engine_result,22,EpisodeState.COMPLETED,1,18,55558161,win,False,48,1,True,win,/private/tmp/kaggle_eps/55565056/replays/episode-97131492-replay.json,1,5793af6f40899944fccb4e3c10c2d7a51e0c337cbcbda062655ffbf5432a4df9,230,42,55565056,reached,20,True,False,1,1,18,9,8,1,5,12,2,10,219,True,,ended_before,,,,,,,,,,,,,,,,30,reached,10,True,False,1,1,27,18,5,4,8,28,4,5,104,True,
0,ok,True,97130256,False,False,DONE,,,0,9a8e994a0f4303a1c5467f9e7a02d1110a9e1c46fe0ca3a4f3413667e972511a,no_explicit_terminal_engine_result,13,EpisodeState.COMPLETED,-1,32,55483275,loss,False,29,1,True,loss,/private/tmp/kaggle_eps/55565056/replays/episode-97130256-replay.json,-1,c9d6b9b7fd17ca50777e70f812b341b949443532b12d084a6fae859e7a4510b5,112,24,55565056,ended_before,,,,,,,,,,,,,,,,20,ended_before,,,,,,,,,,,,,,,,30,reached,10,True,False,1,1,32,16,14,2,4,18,6,5,101,True,
0,ok,True,97125524,False,False,DONE,,,0,a103d78007c5ff11626d11264abb8b90cfddd561655ca3ba424224dc9e125913,no_explicit_terminal_engine_result,26,EpisodeState.COMPLETED,-1,17,55507155,loss,True,42,0,True,loss,/private/tmp/kaggle_eps/55565056/replays/episode-97125524-replay.json,-1,75f79d1a1925863481731a55336ba0c61e4065d3416d79560d106a615ea1057a,243,33,55565056,reached,19,True,False,1,1,23,14,4,5,8,24,2,10,160,True,,ended_before,,,,,,,,,,,,,,,,29,reached,9,False,False,1,1,52,38,8,6,17,25,6,5,52,False,
0,ok,True,97125634,False,False,DONE,,,0,2fa0ecdd9f1e8d6ebbadad86fd1c0dd030f31cefb29d2d28308b392a950d265a,no_explicit_terminal_engine_result,7,EpisodeState.COMPLETED,-1,43,55122457,loss,False,12,1,True,loss,/private/tmp/kaggle_eps/55565056/replays/episode-97125634-replay.json,-1,c793b51ffb049bec2e9c333150be8207b7b74d3c297c506c3b19494f4a8e1413,68,12,55565056,ended_before,,,,,,,,,,,,,,,,20,ended_before,,,,,,,,,,,,,,,,30,ended_before,,,,,,,,,,,,,,,,10
0,ok,True,97113797,False,False,DONE,,,0,20ddde2be903c04c9fc258846953fa793f8f01fe70e4aff928355adce0e91603,no_explicit_terminal_engine_result,15,EpisodeState.COMPLETED,-1,24,55546225,loss,False,32,1,True,loss,/private/tmp/kaggle_eps/55565056/replays/episode-97113797-replay.json,-1,ed1af559942504b12bf53d8dee799fedf87c4e9ff474480dd5eb71eb8e24f765,143,29,55565056,ended_before,,,,,,,,,,,,,,,,20,ended_before,,,,,,,,,,,,,,,,30,reached,10,True,False,1,1,30,13,14,3,4,21,6,5,111,True,
0,ok,True,97104828,True,True,DONE,,,0,e1d8ef1070758214191fb7e2fcc2e392f578dc6a2ce3c2ddb833d3fc503a4e70,no_explicit_terminal_engine_result,23,EpisodeState.COMPLETED,1,13,55396065,win,True,35,0,True,win,/private/tmp/kaggle_eps/55565056/replays/episode-97104828-replay.json,1,01ad157f87ddcf447e9606698b2c072ff8e16fdb0e35cad3372759f6a1074e30,101,35,55565056,reached,19,True,False,1,1,18,5,7,6,6,21,6,10,90,True,,ended_before,,,,,,,,,,,,,,,,29,reached,9,True,False,1,1,32,20,6,6,7,28,6,5,53,True,
0,ok,True,97096164,True,True,DONE,,,0,7131583668063d4c1808d90df6ca245469f9eafabb476b881a1fe315a804e199,no_explicit_terminal_engine_result,34,EpisodeState.COMPLETED,-1,12,55292292,loss,True,56,0,True,loss,/private/tmp/kaggle_eps/55565056/replays/episode-97096164-replay.json,-1,01237621bca4c944d03acc0ea48fe127b7d03b8e0ad69ee3648fe345fc1bb6e7,217,52,55565056,reached,19,True,False,1,1,20,11,5,4,7,18,6,10,135,True,,reached,29,True,False,1,1,16,5,9,2,6,10,6,15,182,True,,reached,9,False,False,1,1,42,30,6,6,15,39,6,5,62,False,
0,ok,True,97083530,False,False,DONE,,,0,ae53fe847f24b40be96b235677dfa94aa6af9a6a40b113b8cc1c89fab6ddd7d2,no_explicit_terminal_engine_result,12,EpisodeState.COMPLETED,-1,28,55154393,loss,True,18,0,True,loss,/private/tmp/kaggle_eps/55565056/replays/episode-97083530-replay.json,-1,d37c4b96e3a7459f5859957361cb25be19f2121e5709ef195187ade954ac30a9,86,12,55565056,ended_before,,,,,,,,,,,,,,,,19,ended_before,,,,,,,,,,,,,,,,29,reached,9,True,False,1,1,28,18,6,4,2,40,6,5,73,True,
0,ok,True,97084298,True,True,DONE,,,1,9a486be9a0e838c8ccc17c913215b93b67696e163efef9e3e0478b9b14334fc5,no_explicit_terminal_engine_result,31,EpisodeState.COMPLETED,1,12,54397637,win,True,44,1,True,win,/private/tmp/kaggle_eps/55565056/replays/episode-97084298-replay.json,1,678d90ef75bac1351aa6cf437cfc00bbf7decaaa9b0624426b3dc3dc9efefc34,120,43,55565056,reached,19,True,False,1,1,29,20,4,5,11,26,3,10,80,True,,reached,29,True,False,1,1,16,7,5,4,9,19,3,15,108,True,,reached,9,True,False,1,1,37,27,4,6,7,42,5,5,40,True,
0,ok,True,97072510,False,False,DONE,,,0,ccd7ea97564e8f61194504e116ff75f47c943c995f053bf8a027c017d33e33ee,no_explicit_terminal_engine_result,17,EpisodeState.COMPLETED,-1,48,54254385,loss,False,28,1,True,loss,/private/tmp/kaggle_eps/55565056/replays/episode-97072510-replay.json,-1,772353329f0bec9668bd6d63647e991ba34951263b46976bf9600e294833ebc1,82,28,55565056,ended_before,,,,,,,,,,,,,,,,20,ended_before,,,,,,,,,,,,,,,,30,reached,10,True,False,1,1,49,41,3,5,4,24,6,5,51,True,
0,ok,True,97069764,False,False,DONE,,,1,076d19a5d73b3b035ed863cfe509a99cc4ae2be4ec7d5f48b24191026e33233b,no_explicit_terminal_engine_result,31,EpisodeState.COMPLETED,1,15,54989781,win,True,47,1,True,win,/private/tmp/kaggle_eps/55565056/replays/episode-97069764-replay.json,1,bc826d8bd49fc88f37735118ee311cb22cd364214bd0e632dbe3b2420d813327,111,42,55565056,reached,19,True,False,1,1,25,15,4,6,7,12,6,10,85,True,,reached,29,True,False,1,1,18,5,7,6,9,5,6,15,104,True,,reached,9,False,False,1,1,31,25,0,6,19,22,6,5,61,False,
0,ok,True,97068052,False,False,DONE,,,0,f6294caf62ed33f8c6b67f78aa7c0710d39bc594a1b39e527d18c2b850f6c8c7,no_explicit_terminal_engine_result,22,EpisodeState.COMPLETED,1,26,54289892,win,False,28,1,True,win,/private/tmp/kaggle_eps/55565056/replays/episode-97068052-replay.json,1,88926fee93c602ac845b16be8a149eaf36dfc70a4b5da601f827d9ac506d2397,102,21,55565056,reached,20,True,False,1,1,28,19,3,6,9,31,2,10,92,True,,ended_before,,,,,,,,,,,,,,,,30,reached,10,True,False,1,1,39,27,6,6,12,38,6,5,53,True,
0,ok,True,97061166,True,True,DONE,,,0,7c22d47bd7eb87a8a19619f31a7bd0d83ddcdc4dbaca8f8a2639b7593b1a36ac,no_explicit_terminal_engine_result,24,EpisodeState.COMPLETED,1,12,55178722,win,False,38,1,True,win,/private/tmp/kaggle_eps/55565056/replays/episode-97061166-replay.json,1,b88bd920460a131bc453de815f4c8bc440aeba6a350411a9c4c15beb3d912e70,118,36,55565056,reached,20,True,False,1,1,14,5,7,2,7,20,6,10,110,True,,ended_before,,,,,,,,,,,,,,,,30,reached,10,False,False,1,1,39,18,17,4,13,32,6,5,72,False,
0,ok,True,97057257,True,True,DONE,,,0,a278aa8393ae86607f996f6ff023749be4c48e5353291b9c54301b8ec9137ff3,no_explicit_terminal_engine_result,27,EpisodeState.COMPLETED,1,9,55503052,win,True,46,0,True,win,/private/tmp/kaggle_eps/55565056/replays/episode-97057257-replay.json,1,64437b38f14c5f1d580b90facd9f8852b26b68bf3c52eae1c571098c7e2bb485,125,40,55565056,reached,19,True,False,1,1,15,4,7,4,7,12,6,10,95,True,,ended_before,,,,,,,,,,,,,,,,29,reached,9,False,False,1,1,28,18,4,6,14,25,6,5,59,False,
0,ok,True,97048090,True,True,DONE,,,0,a7af2ae88ce33ae9c4eaba863d93fb51de161fbaf2b9932b80c842f29daed3fe,no_explicit_terminal_engine_result,20,EpisodeState.COMPLETED,1,14,55561823,win,False,46,1,True,win,/private/tmp/kaggle_eps/55565056/replays/episode-97048090-replay.json,1,4420cc22c59c8832e571b1efc361b5dc1a8c50df75a1f91afddb09dfbdc99203,222,37,55565056,reached,20,True,False,1,1,16,10,5,1,6,11,1,10,215,True,,ended_before,,,,,,,,,,,,,,,,30,reached,10,True,False,1,1,29,16,7,6,11,27,5,5,92,True,
0,ok,True,97037128,True,True,DONE,,,0,1070e6941f60228e76c1f10b04a736fc3c67f8badcd417c4aff53dcb0d6d61bd,no_explicit_terminal_engine_result,35,EpisodeState.COMPLETED,1,9,55246432,win,True,56,0,True,win,/private/tmp/kaggle_eps/55565056/replays/episode-97037128-replay.json,1,ae2373f343b91902d6b2a5ccc6cdabf8eb81f56e78c511bd818f9b8fbd60e440,199,53,55565056,reached,19,True,False,1,1,18,8,6,4,6,25,4,10,127,True,,reached,29,True,False,1,1,12,3,5,4,7,7,3,15,177,True,,reached,9,True,False,1,1,43,34,4,5,6,40,6,5,50,True,
0,ok,True,97026729,True,True,DONE,,,1,f935721d17c295921a541495c41e4428b77f74c1ee1e45a78d96188a98f1c67c,no_explicit_terminal_engine_result,33,EpisodeState.COMPLETED,1,12,53846270,win,True,48,1,True,win,/private/tmp/kaggle_eps/55565056/replays/episode-97026729-replay.json,1,53a7ac07405515b025d0e9e47b25bd0d11062162e56969cc8d5e783dfe127fb8,214,47,55565056,reached,19,True,False,1,1,15,8,5,2,6,19,6,10,169,True,,reached,29,True,False,1,1,13,2,10,1,7,8,6,15,202,True,,reached,9,True,False,1,1,35,29,2,4,4,30,6,5,83,True,
0,ok,True,97014868,False,False,DONE,,,0,5f5792ec0a8bdc188ccf49d90eab08ebce2bad6f439c657aa8b22e0aeb71ed37,no_explicit_terminal_engine_result,21,EpisodeState.COMPLETED,1,39,55558545,win,True,26,0,True,win,/private/tmp/kaggle_eps/55565056/replays/episode-97014868-replay.json,1,bfff7aebdcb09898538bfe416dc4cb218248170c06bb1b6ceb72a25937ba4cc0,93,13,55565056,reached,19,False,False,1,1,39,31,3,5,18,19,2,10,86,False,,ended_before,,,,,,,,,,,,,,,,29,reached,9,False,False,1,1,45,36,3,6,16,30,5,5,48,False,
0,ok,True,97011123,False,False,DONE,,,0,86feb6b3831b6bbc93e48192cf924580952e30223cc99c9358bf3a4e9c4e4105,no_explicit_terminal_engine_result,15,EpisodeState.COMPLETED,-1,23,55551176,loss,False,21,1,True,loss,/private/tmp/kaggle_eps/55565056/replays/episode-97011123-replay.json,-1,543f04e3fa4611a7e2003c45b0159cde540cd70497d1e0a3b6b45ebac133317f,120,20,55565056,ended_before,,,,,,,,,,,,,,,,20,ended_before,,,,,,,,,,,,,,,,30,reached,10,True,False,1,1,25,7,14,4,5,35,6,5,98,True,
0,ok,True,97012913,False,False,DONE,,,0,eb2b87ac5c504a283a2517b5630b39aec2e2d3fc1b8812c7190f871cc0a5f319,no_explicit_terminal_engine_result,16,EpisodeState.COMPLETED,1,15,54973437,win,False,31,1,True,win,/private/tmp/kaggle_eps/55565056/replays/episode-97012913-replay.json,1,af978a0c89a4f987fc0cecfae305ad3b52ad16d219833238f685c81f617ba650,158,26,55565056,ended_before,,,,,,,,,,,,,,,,20,ended_before,,,,,,,,,,,,,,,,30,reached,10,True,False,1,1,31,17,8,6,11,30,5,5,92,True,
0,ok,True,97008814,False,False,DONE,,,1,e035dbd54b5540901cf44b0c1b25d10155b63b5f8f97152e5b2e82ae79ffba0f,no_explicit_terminal_engine_result,12,EpisodeState.COMPLETED,-1,31,55564312,loss,True,21,1,True,loss,/private/tmp/kaggle_eps/55565056/replays/episode-97008814-replay.json,-1,88dbd75ee799e847fe5bc9b662db1699c26dd5805b0b746987425014ff135338,96,20,55565056,ended_before,,,,,,,,,,,,,,,,19,ended_before,,,,,,,,,,,,,,,,29,reached,9,True,False,1,1,34,15,15,4,5,38,6,5,73,True,
0,ok,True,96996980,True,True,DONE,,,0,804b54067ced2c5f83c200aa0136d70ed53a0750c26b4c70813bea9432c41e21,no_explicit_terminal_engine_result,12,EpisodeState.COMPLETED,1,10,54366211,win,False,28,1,True,win,/private/tmp/kaggle_eps/55565056/replays/episode-96996980-replay.json,1,edee62dd0ab97d8806ffe53106337ba951a8fc7c3b208a4847dfb3a71a1c984e,116,26,55565056,ended_before,,,,,,,,,,,,,,,,20,ended_before,,,,,,,,,,,,,,,,30,reached,10,True,False,1,1,17,10,4,3,9,23,6,5,96,True,
0,ok,True,96992905,True,True,DONE,,,0,2cf4236f38a03eb877f3bb21de9fb2c46586b6176162ce3cef34d5f284bcf712,no_explicit_terminal_engine_result,18,EpisodeState.COMPLETED,-1,14,55113017,loss,True,36,0,True,loss,/private/tmp/kaggle_eps/55565056/replays/episode-96992905-replay.json,-1,138d84ba76e317844ab4084906b902dfc7a7a736e1bbf88eb2c66c9b8100460c,155,36,55565056,ended_before,,,,,,,,,,,,,,,,19,ended_before,,,,,,,,,,,,,,,,29,reached,9,True,False,1,1,21,8,7,6,7,28,6,5,76,True,
0,ok,True,96990196,False,False,DONE,,,1,9804f977e7595832c62f44ff52dce63ab4dd4ccf676fb231ac6b6fee9ea53b64,no_explicit_terminal_engine_result,17,EpisodeState.COMPLETED,1,50,53744436,win,True,29,1,True,win,/private/tmp/kaggle_eps/55565056/replays/episode-96990196-replay.json,1,c05875046070d06bd44496d600e95fb73306e9f58f4d6e5d653702295903cb4b,68,29,55565056,ended_before,,,,,,,,,,,,,,,,19,ended_before,,,,,,,,,,,,,,,,29,reached,9,True,False,1,1,55,43,6,6,6,29,6,5,36,True,
0,ok,True,96988671,True,True,DONE,,,0,af9096f8f78a8d63846466a126b8926191153ff12bcc4b014067a50b630b4f2b,no_explicit_terminal_engine_result,23,EpisodeState.COMPLETED,1,11,55557688,win,True,43,0,True,win,/private/tmp/kaggle_eps/55565056/replays/episode-96988671-replay.json,1,f198e04dcbda2ad6be643d328f8e9269f1a9fb02ed2e661f8ee05d14eb2cb421,247,39,55565056,reached,19,True,False,1,1,17,10,6,1,5,22,4,10,206,True,,ended_before,,,,,,,,,,,,,,,,29,reached,9,True,False,1,1,32,25,3,4,5,39,6,5,94,True,
0,ok,True,96976556,False,False,DONE,,,0,03fdd70c488ba47baffbdfd06963231234b9c174a8a1d388c88c353cd70496b8,no_explicit_terminal_engine_result,14,EpisodeState.COMPLETED,-1,38,55458887,loss,True,22,0,True,loss,/private/tmp/kaggle_eps/55565056/replays/episode-96976556-replay.json,-1,b05c76b190db8e73c36824ec89278679a70dcd66d9e7275c4b20e0e9f2afcd90,77,19,55565056,ended_before,,,,,,,,,,,,,,,,19,ended_before,,,,,,,,,,,,,,,,29,reached,9,True,False,1,1,48,38,4,6,6,33,6,5,43,True,
0,ok,True,96976844,False,False,DONE,,,0,55c75b4845dc66261ecebfd06d4dfbc0515a2aa300c1e0d3aeaf14b77a46bfb7,no_explicit_terminal_engine_result,20,EpisodeState.COMPLETED,-1,17,55555018,loss,True,35,0,True,loss,/private/tmp/kaggle_eps/55565056/replays/episode-96976844-replay.json,-1,378b9afffbf5116697b5587c45f2ee019ed915dd06dfb3e3fefe76d1156381ed,127,32,55565056,reached,19,True,False,1,1,17,7,9,1,3,13,6,10,123,True,,ended_before,,,,,,,,,,,,,,,,29,reached,9,True,False,1,1,30,17,8,5,5,34,6,5,74,True,
0,ok,True,96964756,False,False,DONE,,,0,6558ab7a2a1a18ba80a4b5509a8cbc9c70c1f12d41ed1974701d3bf96211b648,no_explicit_terminal_engine_result,19,EpisodeState.COMPLETED,1,19,55333282,win,True,35,0,True,win,/private/tmp/kaggle_eps/55565056/replays/episode-96964756-replay.json,1,e779d664d08eff19ae7e2b5553b0808d858d6a7e267575afb03d7e1b69213c0e,119,32,55565056,reached,19,True,False,1,1,19,4,9,6,9,10,6,10,115,True,,ended_before,,,,,,,,,,,,,,,,29,reached,9,True,False,1,1,49,37,6,6,9,22,6,5,49,True,
0,ok,True,96951539,False,False,DONE,,,0,f3b8548195292e775b67683ae60f131d423df654f0f2b397d3c5d34835375593,no_explicit_terminal_engine_result,3,EpisodeState.COMPLETED,-1,48,53920815,loss,False,4,1,True,loss,/private/tmp/kaggle_eps/55565056/replays/episode-96951539-replay.json,-1,c15a582ed9956abdb6970bcd19bf9c202e426b53dd2964fd6a2ec58eda8e031b,33,4,55565056,ended_before,,,,,,,,,,,,,,,,20,ended_before,,,,,,,,,,,,,,,,30,ended_before,,,,,,,,,,,,,,,,10
0,ok,True,96952476,True,True,DONE,,,0,f47729fabdcf41f9eec025d189a32e4be7c95d14da6ca8dc74b63f243df68f0e,no_explicit_terminal_engine_result,14,EpisodeState.COMPLETED,1,5,54286121,win,False,33,1,True,win,/private/tmp/kaggle_eps/55565056/replays/episode-96952476-replay.json,1,188318540bbd4f0b0228676fdc0b2b5fd3468c9aa98cd334b7847a591309759f,127,33,55565056,ended_before,,,,,,,,,,,,,,,,20,ended_before,,,,,,,,,,,,,,,,30,reached,10,True,False,1,1,24,13,6,5,5,23,6,5,94,True,
0,ok,True,96940496,False,False,DONE,,,0,b1bd0c129de78fdc760b820fc810a4d29cc09a2f33a8f202b5388d43b3ba81ea,no_explicit_terminal_engine_result,60,EpisodeState.COMPLETED,-1,16,55564728,loss,True,68,0,True,loss,/private/tmp/kaggle_eps/55565056/replays/episode-96940496-replay.json,-1,b9e32c03318030b276e1f8208cbb559e301dbfbb1449c41dddd85b846971ea80,197,60,55565056,reached,19,True,False,1,1,29,22,3,4,4,18,6,10,104,True,,reached,29,True,False,1,1,28,17,7,4,2,12,6,15,126,True,,reached,9,True,False,1,1,44,35,4,5,11,29,6,5,60,True,
0,ok,True,96940419,False,False,DONE,,,0,9eabb7d9db9c0c0c4ac3e9d3c8e5596b02c5f7732b004c3e1c56960f8b25f7dd,no_explicit_terminal_engine_result,17,EpisodeState.COMPLETED,-1,19,55558353,loss,False,28,1,True,loss,/private/tmp/kaggle_eps/55565056/replays/episode-96940419-replay.json,-1,59fc268223c487879ea46672d1d437712b1e15738d992ef0f0e3b273d32b9430,100,24,55565056,ended_before,,,,,,,,,,,,,,,,20,ended_before,,,,,,,,,,,,,,,,30,reached,10,True,False,1,1,41,18,20,3,2,40,6,5,63,True,
0,ok,True,96940682,True,True,DONE,,,0,9ebdf1171f3151b153a7848b0f36a5ad77ca95ce74d9f4cfd422a7a0e0d86eb0,no_explicit_terminal_engine_result,18,EpisodeState.COMPLETED,-1,13,54346228,loss,True,37,0,True,loss,/private/tmp/kaggle_eps/55565056/replays/episode-96940682-replay.json,-1,df086d49993adc6e4349ddec61edb116b37a6c6537cf06e415f4d25ab74976ee,129,31,55565056,ended_before,,,,,,,,,,,,,,,,19,ended_before,,,,,,,,,,,,,,,,29,reached,9,True,False,1,1,35,21,10,4,2,42,6,5,69,True,
0,ok,True,96928700,False,False,DONE,,,0,089b336787596f3f4e672902c57c9c808146b66c3a57f23d979f38c0f5aca8a3,no_explicit_terminal_engine_result,36,EpisodeState.COMPLETED,1,18,53930583,win,False,55,1,True,win,/private/tmp/kaggle_eps/55565056/replays/episode-96928700-replay.json,1,598cffe1a051c0b11088d986929c7178a55d4f5b4ae91d56c4ae755c6d23cb8a,156,53,55565056,reached,20,True,False,1,1,34,27,4,3,5,26,3,10,98,True,,reached,30,True,False,1,1,21,18,1,2,7,10,3,15,141,True,,reached,10,True,False,1,1,41,34,3,4,6,41,6,5,50,True,
0,ok,True,96920273,True,True,DONE,,,0,14ecee5dd8199517416fa66d3f7e6a0f84cb3aa4c1d397d386c789ca3f840fbc,no_explicit_terminal_engine_result,29,EpisodeState.COMPLETED,-1,10,55449710,loss,False,49,1,True,loss,/private/tmp/kaggle_eps/55565056/replays/episode-96920273-replay.json,-1,9f20f46631b9b8516c48aef706b024abe45d878da3ec74bd49dd6383b226176d,144,48,55565056,reached,20,True,False,1,1,17,8,6,3,10,9,6,10,104,True,,ended_before,,,,,,,,,,,,,,,,30,reached,10,True,False,1,1,27,16,6,5,3,27,6,5,68,True,
0,ok,True,96913421,False,False,DONE,,,1,cb879efc7ef72269f6c52ecbe1a963d42b34ffcfd4ff7eb1d3837a2236cac025,no_explicit_terminal_engine_result,15,EpisodeState.COMPLETED,1,19,54624081,win,True,34,1,True,win,/private/tmp/kaggle_eps/55565056/replays/episode-96913421-replay.json,1,b9fd359ee234cb466b222a8a35a9226a6fbf5cebdd3e423f92920db8703390ed,88,30,55565056,ended_before,,,,,,,,,,,,,,,,19,ended_before,,,,,,,,,,,,,,,,29,reached,9,True,False,1,1,26,14,7,5,8,29,6,5,61,True,
0,ok,True,96909044,True,True,DONE,,,0,673bc336e1c6d4da1ea9cbb7fa468e5586de3395f56f5c58f33220e03c2916eb,no_explicit_terminal_engine_result,14,EpisodeState.COMPLETED,1,8,53892689,win,False,34,1,True,win,/private/tmp/kaggle_eps/55565056/replays/episode-96909044-replay.json,1,f9f5063a789d44386b2c138a907b8305b41823910dad8c86b9f5e79bb0ec2c41,124,31,55565056,ended_before,,,,,,,,,,,,,,,,20,ended_before,,,,,,,,,,,,,,,,30,reached,10,True,False,1,1,14,6,5,3,8,23,6,5,101,True,
0,ok,True,96908863,False,False,DONE,,,0,6fd62cf5146866818bb0d1780ac54f3cd775496da63095ffbbbcf668a7768ca8,no_explicit_terminal_engine_result,16,EpisodeState.COMPLETED,1,27,55557768,win,False,32,1,True,win,/private/tmp/kaggle_eps/55565056/replays/episode-96908863-replay.json,1,584b7343d01e6838f9dd509b2c0698c957bcc5e4da49c99c65239eee21672e6e,147,27,55565056,ended_before,,,,,,,,,,,,,,,,20,ended_before,,,,,,,,,,,,,,,,30,reached,10,True,False,1,1,41,35,0,6,11,27,4,5,75,True,
0,ok,True,96897214,False,False,DONE,,,0,be6961f368b36de4247a44a50d396d0e26d46627ea13c0ce52aa7652580ddc8a,no_explicit_terminal_engine_result,32,EpisodeState.COMPLETED,1,18,54429908,win,False,33,1,True,win,/private/tmp/kaggle_eps/55565056/replays/episode-96897214-replay.json,1,b2e5958923566c4d0e84228a1379ac0bf67ad4c992e2dff779f00e00c2006064,84,26,55565056,reached,20,True,False,1,1,25,13,6,6,6,21,5,10,65,True,,reached,30,True,False,1,1,19,3,10,6,10,11,5,15,79,True,,reached,10,False,False,1,1,34,22,6,6,13,29,6,5,43,False,
0,ok,True,96888213,False,False,DONE,,,0,a174e2e74c75f54a5a1f46269c5f8973986a78e5da18e8fcc62289031d7699bb,no_explicit_terminal_engine_result,14,EpisodeState.COMPLETED,1,15,55564049,win,False,32,1,True,win,/private/tmp/kaggle_eps/55565056/replays/episode-96888213-replay.json,1,37a2f46883196e812029a4b1241a55374a9e7886eb4882ce68bfa87469a104b9,134,32,55565056,ended_before,,,,,,,,,,,,,,,,20,ended_before,,,,,,,,,,,,,,,,30,reached,10,True,False,1,1,23,15,5,3,11,15,6,5,99,True,
0,ok,True,96876380,False,False,DONE,,,0,4dc0eb8440a15f9f169455ea800892b1cd628ab4760e1b1003d31acab77207fa,no_explicit_terminal_engine_result,2,EpisodeState.COMPLETED,-1,59,54422945,loss,True,2,0,True,loss,/private/tmp/kaggle_eps/55565056/replays/episode-96876380-replay.json,-1,b1ae0e3ed6173d0a72b533fd4a6a8f93f4c53e1e3367c96777bbd18e7bfca603,26,2,55565056,ended_before,,,,,,,,,,,,,,,,19,ended_before,,,,,,,,,,,,,,,,29,ended_before,,,,,,,,,,,,,,,,9
0,ok,True,96874575,False,False,DONE,,,0,10b312eeedd7cd42237dc7c13eefeb73f0b47b739406dda30bedee958d9349a8,no_explicit_terminal_engine_result,7,EpisodeState.COMPLETED,-1,38,53804263,loss,False,10,1,True,loss,/private/tmp/kaggle_eps/55565056/replays/episode-96874575-replay.json,-1,2ecc15b245c684abd514f598f6165c5e2e1e0911c8314e0109fb06ac71b5afa1,102,10,55565056,ended_before,,,,,,,,,,,,,,,,20,ended_before,,,,,,,,,,,,,,,,30,ended_before,,,,,,,,,,,,,,,,10
0,ok,True,96863027,True,True,DONE,,,1,921d2c0c8b12717dddf1ffde60229de551cdb1c97079419301baa23b09476292,no_explicit_terminal_engine_result,21,EpisodeState.COMPLETED,1,13,55154393,win,True,44,1,True,win,/private/tmp/kaggle_eps/55565056/replays/episode-96863027-replay.json,1,a2586a247b4cce806e24c17893d986b64812e809ba52e793fc6fdf2ab79b5a8b,151,40,55565056,reached,19,True,False,1,1,17,5,10,2,7,10,6,10,137,True,,ended_before,,,,,,,,,,,,,,,,29,reached,9,False,False,1,1,37,22,9,6,20,21,6,5,77,False,
0,ok,True,96862026,True,True,DONE,,,0,2921497e312dbd7642c579d019bf7c0605167fab31fc3ff256b228c52555cfbb,no_explicit_terminal_engine_result,19,EpisodeState.COMPLETED,1,10,54756891,win,True,43,0,True,win,/private/tmp/kaggle_eps/55565056/replays/episode-96862026-replay.json,1,c4fb1cf31acf1bf933401e172ec15fecb78f6cc76980ee50c154e5df70039006,124,40,55565056,reached,19,True,False,1,1,10,3,6,1,7,13,6,10,117,True,,ended_before,,,,,,,,,,,,,,,,29,reached,9,True,False,1,1,39,25,10,4,4,34,6,5,56,True,
0,ok,True,96851121,False,False,DONE,,,0,ce833f519f4eef05e1fac162718489115dc87fa82535afda3c7c3993dea588a0,no_explicit_terminal_engine_result,16,EpisodeState.COMPLETED,-1,15,55547721,loss,True,28,0,True,loss,/private/tmp/kaggle_eps/55565056/replays/episode-96851121-replay.json,-1,96d930a1c46c5e798a3e9708154af147733cf35915f7b1f11f24fd0a3221d657,122,27,55565056,ended_before,,,,,,,,,,,,,,,,19,ended_before,,,,,,,,,,,,,,,,29,reached,9,True,False,1,1,28,14,10,4,3,39,6,5,76,True,
0,ok,True,96839309,True,True,DONE,,,0,842945bfc823437888557bdd7c2174250856cf4fb2054d20debc159fa4616d6f,no_explicit_terminal_engine_result,19,EpisodeState.COMPLETED,1,5,54218733,win,True,46,0,True,win,/private/tmp/kaggle_eps/55565056/replays/episode-96839309-replay.json,1,3f5b6be67047e861dff183bd1a6f910b8847c8538614da0a985f45a084b49afc,151,41,55565056,reached,19,True,False,1,1,5,0,4,1,6,10,5,10,141,True,,ended_before,,,,,,,,,,,,,,,,29,reached,9,True,False,1,1,20,10,6,4,9,22,6,5,91,True,
0,ok,True,96827044,False,False,DONE,,,0,a7f42bb6964b24192a7f58c0afd2d072986f9191b8cd8f2796f887775e71cc99,no_explicit_terminal_engine_result,13,EpisodeState.COMPLETED,-1,25,55549583,loss,False,30,1,True,loss,/private/tmp/kaggle_eps/55565056/replays/episode-96827044-replay.json,-1,11dd927516699c4ef6fd784c6d37859a825f4591021cbd42645ff22c1131a3a5,160,22,55565056,ended_before,,,,,,,,,,,,,,,,20,ended_before,,,,,,,,,,,,,,,,30,reached,10,True,False,1,1,29,15,11,3,5,26,4,5,118,True,
0,ok,True,96825821,False,False,DONE,,,0,61d603dbf3ce7fea4d4156220f18c3197f996336265166de89593eb81b4773a8,no_explicit_terminal_engine_result,29,EpisodeState.COMPLETED,-1,23,55123949,loss,False,43,1,True,loss,/private/tmp/kaggle_eps/55565056/replays/episode-96825821-replay.json,-1,eed32202e49e75bebe5199f33b57d80dada29cd90ab332cd357dd827e6e8a559,116,35,55565056,reached,20,True,False,1,1,30,22,5,3,8,29,6,10,78,True,,ended_before,,,,,,,,,,,,,,,,30,reached,10,True,False,1,1,41,32,4,5,4,42,6,5,41,True,
0,ok,True,96816394,True,True,DONE,,,0,63f5bc16be53f286fb3eeb792995a5ad5df684f87aadebb503bf72d6cb590d79,no_explicit_terminal_engine_result,30,EpisodeState.COMPLETED,-1,9,55472570,loss,True,42,0,True,loss,/private/tmp/kaggle_eps/55565056/replays/episode-96816394-replay.json,-1,fc3b0f17444e12a57191dd43035b1879c1723a57145c0b690c6ed09b17dd36c2,152,35,55565056,reached,19,True,False,1,1,31,19,6,6,6,36,6,10,77,True,,reached,29,True,False,1,1,9,3,5,1,2,21,6,15,145,True,,reached,9,True,False,1,1,48,40,2,6,3,42,6,5,40,True,
0,ok,True,96804049,True,True,DONE,,,0,e0e80e0577ad95e06347ba03d82eb8863f7da58dd3efe0868c291b3acf349052,no_explicit_terminal_engine_result,28,EpisodeState.COMPLETED,-1,12,55419767,loss,True,50,0,True,loss,/private/tmp/kaggle_eps/55565056/replays/episode-96804049-replay.json,-1,a36c6a01ec1b8d0033c53e27d6ee3bd8d433576662b432fb3c612574ab821580,178,43,55565056,reached,19,True,False,1,1,18,7,8,3,6,11,4,10,136,True,,ended_before,,,,,,,,,,,,,,,,29,reached,9,False,False,1,1,38,28,4,6,16,32,5,5,62,False,
0,ok,True,96803273,True,True,DONE,,,1,7d53cf5bbc013d1e07bd0383c512e295f7731eb5e41efc9314f2282a985ecdb3,no_explicit_terminal_engine_result,35,EpisodeState.COMPLETED,1,11,55553789,win,True,45,1,True,win,/private/tmp/kaggle_eps/55565056/replays/episode-96803273-replay.json,1,74acc53034dd2006d9ce8b37fbc8411e322e40777b6b9470ed0601896b4d89dc,126,42,55565056,reached,19,True,False,1,1,43,21,16,6,5,35,6,10,53,True,,reached,29,True,False,1,1,11,3,2,6,6,30,6,15,102,True,,reached,9,True,False,1,1,53,36,11,6,6,42,6,5,25,True,
0,ok,True,96785234,True,True,DONE,,,0,e885fcca4d92e53f908edc8084c019624b44e79ac89778252aa9d702d30d3cb4,no_explicit_terminal_engine_result,25,EpisodeState.COMPLETED,1,12,55397563,win,True,32,0,True,win,/private/tmp/kaggle_eps/55565056/replays/episode-96785234-replay.json,1,2254e00cf06ee0dc356483352abd378bdc1d25cb4d531a2de9068ab52e57210a,149,32,55565056,reached,19,True,False,1,1,19,9,6,4,4,29,6,10,120,True,,ended_before,,,,,,,,,,,,,,,,29,reached,9,True,False,1,1,33,19,9,5,3,35,6,5,73,True,
0,ok,True,96791481,False,False,DONE,,,0,9caab9d9a6c6b814f97fd880889caae95aa4fe2377045c90c44a9b9fd953b157,no_explicit_terminal_engine_result,22,EpisodeState.COMPLETED,-1,17,55549441,loss,True,41,0,True,loss,/private/tmp/kaggle_eps/55565056/replays/episode-96791481-replay.json,-1,637e87372a30f1cb80e43f7fa69809c6b3971df9f52da6b10469a8d143e51ecc,154,33,55565056,reached,19,True,False,1,1,18,10,6,2,12,12,6,10,143,True,,ended_before,,,,,,,,,,,,,,,,29,reached,9,True,False,1,1,40,29,5,6,7,39,6,5,55,True,
0,ok,True,96790515,True,True,DONE,,,0,a0cc8f5d551b65afd9ed52283ce96a4a16092da5631890ac67bc184702a5aa97,no_explicit_terminal_engine_result,15,EpisodeState.COMPLETED,1,11,54902920,win,True,25,0,True,win,/private/tmp/kaggle_eps/55565056/replays/episode-96790515-replay.json,1,01ec01fb62512f5b3a95f089db194a634f859a6a16f2a28bf67c9ad10f43c943,80,22,55565056,ended_before,,,,,,,,,,,,,,,,19,ended_before,,,,,,,,,,,,,,,,29,reached,9,True,False,1,1,22,11,5,6,5,41,6,5,53,True,
0,ok,True,96780575,True,True,DONE,,,0,d3f2476ab429e91da1865157752292ff33c6bbf939179c943b4d8901c1ea2502,no_explicit_terminal_engine_result,33,EpisodeState.COMPLETED,1,4,53826918,win,True,46,0,True,win,/private/tmp/kaggle_eps/55565056/replays/episode-96780575-replay.json,1,c25b0153cac995d06dc6987bc88a5f90c13b38048b3ee654d9ee50f8d4f0cadc,139,42,55565056,reached,19,True,False,1,1,41,31,4,6,10,31,6,10,63,True,,reached,29,True,False,1,1,14,5,5,4,10,19,4,15,118,True,,reached,9,True,False,1,1,52,42,4,6,4,38,6,5,39,True,
0,ok,True,96768744,False,False,DONE,,,0,5d11116a9d25bd411c8b8b5f1af36dbe06a0999b586473bd491df16f6bfdb58d,no_explicit_terminal_engine_result,25,EpisodeState.COMPLETED,1,16,54111256,win,True,44,0,True,win,/private/tmp/kaggle_eps/55565056/replays/episode-96768744-replay.json,1,7a9db379b73a75b7c12c199ab54b629e2d95add0d06c60e8176cd813305d5d20,124,37,55565056,reached,19,True,False,1,1,24,11,8,5,6,20,6,10,101,True,,ended_before,,,,,,,,,,,,,,,,29,reached,9,False,False,1,1,44,30,8,6,23,31,6,5,51,False,
0,ok,True,96756449,True,True,DONE,,,0,3f6e2d8bf1f59d2c4e6d5221098e3eed29c2ad4a4cf4a4b73882e9820f5a6379,no_explicit_terminal_engine_result,22,EpisodeState.COMPLETED,-1,14,55555586,loss,True,33,0,True,loss,/private/tmp/kaggle_eps/55565056/replays/episode-96756449-replay.json,-1,965d62b3e8949fedc96d8bde0949465612d88d6a2ce4bfa1b89a620b88964de8,141,33,55565056,reached,19,True,False,1,1,14,2,10,2,6,29,5,10,125,True,,ended_before,,,,,,,,,,,,,,,,29,reached,9,True,False,1,1,26,17,5,4,10,35,6,5,68,True,
0,ok,True,96744602,False,False,DONE,,,0,047dccbea6b3267b65ff98f459ff66cba86d7d57966275952060be46564def35,no_explicit_terminal_engine_result,41,EpisodeState.COMPLETED,-1,16,54855474,loss,False,49,1,True,loss,/private/tmp/kaggle_eps/55565056/replays/episode-96744602-replay.json,-1,400aa56442c17d3d91bbeddf1f93a3d9420fdab0d014aa34bc37d93ef24ea18c,123,39,55565056,reached,20,True,False,1,1,27,20,1,6,6,10,6,10,81,True,,reached,30,True,False,1,1,21,10,6,5,9,5,6,15,98,True,,reached,10,False,False,1,1,43,37,0,6,21,29,6,5,50,False,
0,ok,True,96741755,True,True,DONE,,,0,d2950be8a8507905f170f54d58c88cbc0af8fe798657f22808a90e97a50a574d,no_explicit_terminal_engine_result,35,EpisodeState.COMPLETED,1,13,54922147,win,True,49,0,True,win,/private/tmp/kaggle_eps/55565056/replays/episode-96741755-replay.json,1,a58e372a4ffebcf0a9d93cc339cc0ea393747b2f4e5c3680b3488b3e6f227296,121,47,55565056,reached,19,True,False,1,1,25,12,9,4,6,20,6,10,83,True,,reached,29,True,False,1,1,17,7,6,4,6,13,6,15,106,True,,reached,9,True,False,1,1,34,20,8,6,8,32,6,5,49,True,
0,ok,True,96737817,True,True,DONE,,,0,72ad035b66d06f2badfd1151bfd83b428e2a02f8bf447cde869bc114df6656ac,no_explicit_terminal_engine_result,22,EpisodeState.COMPLETED,1,13,55198254,win,False,35,1,True,win,/private/tmp/kaggle_eps/55565056/replays/episode-96737817-replay.json,1,6a971e6f1b82c0a9a9e5f9aead351f74adc83c03550103339099d87732aa447a,141,33,55565056,reached,20,True,False,1,1,15,2,7,6,7,10,6,10,134,True,,ended_before,,,,,,,,,,,,,,,,30,reached,10,True,False,1,1,31,16,9,6,11,23,6,5,84,True,
0,ok,True,96725962,False,False,DONE,,,1,1ad9bd4108456efdba0770319a075bbfb77c4232f52a499ef28fc9407137dd3f,no_explicit_terminal_engine_result,14,EpisodeState.COMPLETED,-1,26,55028150,loss,True,27,1,True,loss,/private/tmp/kaggle_eps/55565056/replays/episode-96725962-replay.json,-1,c8cd1b7c328bd98176a5071c52b6816540c102306e8eafd242002fbc86494a6a,115,23,55565056,ended_before,,,,,,,,,,,,,,,,19,ended_before,,,,,,,,,,,,,,,,29,reached,9,True,False,1,1,33,14,16,3,6,29,6,5,81,True,
0,ok,True,96716236,False,False,DONE,,,0,1e1d20f5bb99d44186cfd3adac913d902da5d170a2499178f85fadbd6505d9e0,no_explicit_terminal_engine_result,17,EpisodeState.COMPLETED,-1,15,54282563,loss,False,24,1,True,loss,/private/tmp/kaggle_eps/55565056/replays/episode-96716236-replay.json,-1,44140977162d8b4d79e0a6a2edbf6a942118450d7f3a1d37bc9486ad0f8f28c3,112,22,55565056,ended_before,,,,,,,,,,,,,,,,20,ended_before,,,,,,,,,,,,,,,,30,reached,10,True,False,1,1,23,13,5,5,6,41,5,5,68,True,
0,ok,True,96707141,False,False,DONE,,,0,cae2c64e929d27de7b9ff9788d41939510421c3ccda1a8e457edd863c6818be9,no_explicit_terminal_engine_result,4,EpisodeState.COMPLETED,-1,52,55353763,loss,True,6,0,True,loss,/private/tmp/kaggle_eps/55565056/replays/episode-96707141-replay.json,-1,3aa67c8c51e9da25bbeaf1a999c3001ac5680848a3cb0ad21551de2b2e5b0c1f,88,5,55565056,ended_before,,,,,,,,,,,,,,,,19,ended_before,,,,,,,,,,,,,,,,29,ended_before,,,,,,,,,,,,,,,,9
0,ok,True,96694832,False,False,DONE,,,0,9e86e988d6f71c3d1383e6c742c2a10efab67d2f82708a8fc9fd909076040d26,no_explicit_terminal_engine_result,16,EpisodeState.COMPLETED,1,39,55546843,win,False,24,1,True,win,/private/tmp/kaggle_eps/55565056/replays/episode-96694832-replay.json,1,98090deaf6788cf19aa2b64bb241ba3ce7de0a7cbcce48326bd474503f0ef450,95,19,55565056,ended_before,,,,,,,,,,,,,,,,20,ended_before,,,,,,,,,,,,,,,,30,reached,10,True,False,1,1,41,32,3,6,10,37,4,5,70,True,
0,ok,True,96693402,False,False,DONE,,,0,bd08f751a46eeec25226df3e416d459405049b8c8a26be8d46cdfb99c7c1abfc,no_explicit_terminal_engine_result,23,EpisodeState.COMPLETED,-1,23,54712868,loss,False,37,1,True,loss,/private/tmp/kaggle_eps/55565056/replays/episode-96693402-replay.json,-1,aa8d6055a4f1dd893219d30cd64cefa21027c3d2b5e8fcc205e8280e7f5138ef,120,36,55565056,reached,20,True,False,1,1,27,22,4,1,4,18,5,10,104,True,,ended_before,,,,,,,,,,,,,,,,30,reached,10,True,False,1,1,39,32,2,5,6,30,6,5,51,True,
0,ok,True,96686250,False,False,DONE,,,0,8adce50a62fb0715cbe8b5ce75296a0b07b53ae7e53ca69560a80b0c3cac8aa3,no_explicit_terminal_engine_result,19,EpisodeState.COMPLETED,-1,27,55528686,loss,False,38,1,True,loss,/private/tmp/kaggle_eps/55565056/replays/episode-96686250-replay.json,-1,32532b386cc4e3c8c5839261414e2d74d0c47b8a052ff102797c6fe1cfd3b952,210,34,55565056,ended_before,,,,,,,,,,,,,,,,20,ended_before,,,,,,,,,,,,,,,,30,reached,10,True,False,1,1,38,25,7,6,12,20,5,5,80,True,
0,ok,True,96685558,True,False,DONE,,,0,3a38baa76bfb9509a1d0bd4a2f48efda61ee0b7edbfc855e10349d512585f4a7,no_explicit_terminal_engine_result,17,EpisodeState.COMPLETED,1,13,55559037,win,True,33,0,True,win,/private/tmp/kaggle_eps/55565056/replays/episode-96685558-replay.json,1,d1d69fc974df65ad461ef8016c52fb4c08594e96dbafadea6d82f8ba085561d0,181,20,55565056,ended_before,,,,,,,,,,,,,,,,19,ended_before,,,,,,,,,,,,,,,,29,reached,9,False,False,1,1,37,24,8,5,13,31,5,5,72,False,
0,ok,True,96675933,True,True,DONE,,,1,3a53fa1771963c25239fe1e7b1eeb18147b1b84c4b4d167ab21b23179009c627,no_explicit_terminal_engine_result,52,EpisodeState.COMPLETED,-1,12,55127435,loss,True,67,1,True,loss,/private/tmp/kaggle_eps/55565056/replays/episode-96675933-replay.json,-1,e3773172142d39ce51b7df45c4afe92588f912b45043cb8b02de93e72c6cdb80,160,61,55565056,reached,19,True,False,1,1,33,25,4,4,9,34,6,10,74,True,,reached,29,True,False,1,1,30,18,8,4,10,18,6,15,106,True,,reached,9,True,False,1,1,44,35,4,5,5,42,6,5,32,True,
0,ok,True,96664115,False,False,DONE,,,0,1c8dd396b653bee6370c405bd39fbae6ad519ae8a19c03a764d550eb6aac32fa,no_explicit_terminal_engine_result,15,EpisodeState.COMPLETED,-1,17,55357540,loss,False,36,1,True,loss,/private/tmp/kaggle_eps/55565056/replays/episode-96664115-replay.json,-1,1607ebe5b1326219c49c73608c78ce348c3be4832251049380456832d2e53c4d,198,29,55565056,ended_before,,,,,,,,,,,,,,,,20,ended_before,,,,,,,,,,,,,,,,30,reached,10,False,False,1,1,24,13,8,3,14,23,6,5,146,False,
0,ok,True,96657416,True,True,DONE,,,0,2f5a63cf5c09dc56a6fe2d1ae71547a8529ba679c4d0ab925ea09c84d12d392e,no_explicit_terminal_engine_result,22,EpisodeState.COMPLETED,1,8,55560314,win,False,41,1,True,win,/private/tmp/kaggle_eps/55565056/replays/episode-96657416-replay.json,1,d2fc0f93ea70d84b43c630aee0cf776dc6200e916bcc5ea7f89cf022cd521d86,165,41,55565056,reached,20,True,False,1,1,9,1,7,1,6,17,6,10,151,True,,ended_before,,,,,,,,,,,,,,,,30,reached,10,True,False,1,1,30,17,9,4,4,34,6,5,83,True,
0,ok,True,96645531,False,False,DONE,,,0,5e8d034bd922c1d8ee663a645facc16af9f20332912213d8bdd36be2d7c3a5f1,no_explicit_terminal_engine_result,15,EpisodeState.COMPLETED,-1,28,55565103,loss,False,33,1,True,loss,/private/tmp/kaggle_eps/55565056/replays/episode-96645531-replay.json,-1,40ece044e548a6f7b9f8266314537c6e6b0adcce401a88d89191757a60dc89dc,112,30,55565056,ended_before,,,,,,,,,,,,,,,,20,ended_before,,,,,,,,,,,,,,,,30,reached,10,True,False,1,1,40,29,8,3,9,31,6,5,71,True,
0,ok,True,96632987,False,False,DONE,,,0,2c79588932def5e33f3368c1aa58abd1477bc6a416f1538db56179d18c55ed2b,no_explicit_terminal_engine_result,16,EpisodeState.COMPLETED,-1,33,55545070,loss,True,28,0,True,loss,/private/tmp/kaggle_eps/55565056/replays/episode-96632987-replay.json,-1,61f35706de87a31f7a36e04744c86fdc4819311387b21245b8b54cfd9009f97b,100,27,55565056,ended_before,,,,,,,,,,,,,,,,19,ended_before,,,,,,,,,,,,,,,,29,reached,9,True,False,1,1,39,24,12,3,6,31,6,5,71,True,
0,ok,True,96633210,False,False,DONE,,,0,c70a356407838197299821bfc510fc140cfccb6d0a23146c92794761226c016c,no_explicit_terminal_engine_result,17,EpisodeState.COMPLETED,1,16,54635258,win,True,24,0,True,win,/private/tmp/kaggle_eps/55565056/replays/episode-96633210-replay.json,1,c8fc2d1e1c15fbffc37b7894046cae6041d8e59b81fc4c8bcc040b7d4eec0ca8,84,23,55565056,ended_before,,,,,,,,,,,,,,,,19,ended_before,,,,,,,,,,,,,,,,29,reached,9,True,False,1,1,24,15,5,4,3,39,6,5,65,True,
0,ok,True,96621344,False,False,DONE,,,0,5b9a8290c05145576f66b2b5c6910ff13916d240635f4eba22ee63d51526d5a1,no_explicit_terminal_engine_result,40,EpisodeState.COMPLETED,-1,21,55487951,loss,True,54,0,True,loss,/private/tmp/kaggle_eps/55565056/replays/episode-96621344-replay.json,-1,6ee6a3f0d88a35a0f7f9ba1272827860bae9eaae35c690bef889f5084a932270,147,48,55565056,reached,19,True,False,1,1,33,22,6,5,10,19,6,10,92,True,,reached,29,True,False,1,1,26,16,5,5,11,14,6,15,109,True,,reached,9,False,False,1,1,36,29,2,5,14,24,6,5,70,False,
0,ok,True,96617160,False,False,DONE,,,0,01f39160c2bd6a993d701fbfc230539b2792761e5a45a6c159a0dd05745742fe,no_explicit_terminal_engine_result,7,EpisodeState.COMPLETED,-1,54,55541658,loss,False,3,1,True,loss,/private/tmp/kaggle_eps/55565056/replays/episode-96617160-replay.json,-1,6914c70e4c1ca87a0eab1de63074c84115b5970e9d44f5d5112c723bee868033,23,3,55565056,ended_before,,,,,,,,,,,,,,,,20,ended_before,,,,,,,,,,,,,,,,30,ended_before,,,,,,,,,,,,,,,,10
0,ok,True,96605339,False,False,DONE,,,0,c555f458b5aafec5ea6bded4f1a801903a7f74c64642d1aa20f9bfcf1794b279,no_explicit_terminal_engine_result,31,EpisodeState.COMPLETED,1,15,54179998,win,True,32,0,True,win,/private/tmp/kaggle_eps/55565056/replays/episode-96605339-replay.json,1,cbb1d5f7eb9277e02c94a0c7fb84a65146f3824db493db63611dbb682a83e89f,88,32,55565056,reached,19,True,False,1,1,22,15,1,6,10,16,4,10,68,True,,reached,29,True,False,1,1,17,5,6,6,12,6,4,15,80,True,,reached,9,True,False,1,1,37,24,7,6,9,24,6,5,40,True,
0,ok,True,96593549,True,True,DONE,,,0,f7156b4209a1dae652df82fa8233d8d3b372720d95ec96394bb84c1931018521,no_explicit_terminal_engine_result,23,EpisodeState.COMPLETED,1,13,55555177,win,True,41,0,True,win,/private/tmp/kaggle_eps/55565056/replays/episode-96593549-replay.json,1,094994f3ef482f58b3b573dd2a067298de87bbfcc399385dba1ec06edb9d10b6,140,39,55565056,reached,19,True,False,1,1,15,4,7,4,8,10,6,10,131,True,,ended_before,,,,,,,,,,,,,,,,29,reached,9,True,False,1,1,27,14,9,4,8,22,6,5,92,True,
0,ok,True,96586709,False,False,DONE,,,1,e2bf1b122c1fa7624f6d8a801542cfcece6d35f26fb99a8795d6cdbf552ded1b,no_explicit_terminal_engine_result,21,EpisodeState.COMPLETED,1,19,55362283,win,True,35,1,True,win,/private/tmp/kaggle_eps/55565056/replays/episode-96586709-replay.json,1,71a661b5855423367b94d368317410c6b519e97b0fe48d29d4c4d3586f9f1ebe,92,33,55565056,reached,19,True,False,1,1,21,9,7,5,11,24,6,10,80,True,,ended_before,,,,,,,,,,,,,,,,29,reached,9,True,False,1,1,28,19,4,5,7,29,6,5,61,True,
0,ok,True,96585850,True,True,DONE,,,0,23cbb2fe6b25d87ec0dc97cd316f56d415df842cc1091503593333c38fca9437,no_explicit_terminal_engine_result,32,EpisodeState.COMPLETED,-1,11,54991028,loss,True,52,0,True,loss,/private/tmp/kaggle_eps/55565056/replays/episode-96585850-replay.json,-1,cd9693784b7738cb9b6a44a356ad12ddc8dc99d3ce5407845b495514ca90f368,134,49,55565056,reached,19,True,False,1,1,20,9,7,4,8,16,4,10,93,True,,reached,29,True,False,1,1,12,3,7,2,7,1,4,15,123,True,,reached,9,True,False,1,1,40,30,5,5,3,40,6,5,48,True,
0,ok,True,96573548,False,False,DONE,,,0,818bf81eec1de9c416372643018a48d44d89fee63c215099c17856da3aa8c632,no_explicit_terminal_engine_result,18,EpisodeState.COMPLETED,1,28,54921513,win,False,25,1,True,win,/private/tmp/kaggle_eps/55565056/replays/episode-96573548-replay.json,1,6a6427b57796288bcdb08dd4ec0d9f8190dc7bccb498096f117764baf99f6ad1,69,22,55565056,ended_before,,,,,,,,,,,,,,,,20,ended_before,,,,,,,,,,,,,,,,30,reached,10,True,False,1,1,39,31,2,6,11,30,6,5,41,True,
0,ok,True,96570387,True,True,DONE,,,0,0448eea8ca1445735169f19a7576fc9e58ca5419817a77d5e3e09b7dcaeb9163,no_explicit_terminal_engine_result,37,EpisodeState.COMPLETED,1,6,55026290,win,True,50,0,True,win,/private/tmp/kaggle_eps/55565056/replays/episode-96570387-replay.json,1,14dae0487aff2622059fa1157b8e2a92acecae396c4d8e70a44eb2faca71ec90,148,48,55565056,reached,19,True,False,1,1,31,23,3,5,7,20,6,10,81,True,,reached,29,True,False,1,1,22,13,6,3,6,15,6,15,109,True,,reached,9,True,False,1,1,44,35,3,6,12,33,6,5,44,True,
0,ok,True,96558498,False,False,DONE,,,0,19b2cce83d172ae2168abdf605b79cfd90c97154a7cd9c5f32102f23fda4393f,no_explicit_terminal_engine_result,2,EpisodeState.COMPLETED,-1,59,55550020,loss,True,3,0,True,loss,/private/tmp/kaggle_eps/55565056/replays/episode-96558498-replay.json,-1,b71fdbcf4932c0479984d9fcdf48a6cc9bb592f7eccc6d4e40794b897f437bab,24,3,55565056,ended_before,,,,,,,,,,,,,,,,19,ended_before,,,,,,,,,,,,,,,,29,ended_before,,,,,,,,,,,,,,,,9
0,ok,True,96549957,True,True,DONE,,,1,c49dd838267961f747d732730db6b01175598fd2d43fef0709090730439fde23,no_explicit_terminal_engine_result,32,EpisodeState.COMPLETED,-1,11,55152857,loss,True,42,1,True,loss,/private/tmp/kaggle_eps/55565056/replays/episode-96549957-replay.json,-1,84c74d809e6da458c6dcfee7e78761d7c417945ccfc47c014bf02d49596d993e,119,23,55565056,reached,19,False,False,1,1,28,13,9,6,13,8,6,10,65,False,,reached,29,False,False,1,1,12,5,1,6,14,1,3,15,105,False,,reached,9,False,False,1,1,34,23,5,6,13,22,6,5,42,False,
0,ok,True,96545224,True,True,DONE,,,0,6eb8fa1940c89d22602b48fc62d8d51742b0ba4a1991a9a4bae1d08e1c4a1e93,no_explicit_terminal_engine_result,23,EpisodeState.COMPLETED,1,12,54131054,win,True,40,0,True,win,/private/tmp/kaggle_eps/55565056/replays/episode-96545224-replay.json,1,c9ddae332c2e4bf4ac4ac89ddee243cf09eb307feb42bda2bb87e4c150793654,155,33,55565056,reached,19,True,False,1,1,16,10,4,2,6,28,6,10,133,True,,ended_before,,,,,,,,,,,,,,,,29,reached,9,False,False,1,1,37,25,6,6,14,34,6,5,62,False,
0,ok,True,96542866,True,True,DONE,,,0,393f073c1db38964357f7d26ccbb728f9a3e383f5695e9dc4135e03d04043cd3,no_explicit_terminal_engine_result,25,EpisodeState.COMPLETED,1,11,55463751,win,True,46,0,True,win,/private/tmp/kaggle_eps/55565056/replays/episode-96542866-replay.json,1,e9b689a78c71abfcc92a2cd5df0249d8c81667c7b7f1687327c2428f66902e7b,142,44,55565056,reached,19,True,False,1,1,11,5,3,3,5,11,6,10,129,True,,ended_before,,,,,,,,,,,,,,,,29,reached,9,True,False,1,1,34,25,4,5,10,32,6,5,68,True,
0,ok,True,96536686,True,True,DONE,,,0,27fecee977f2b03d4ee3e919ba82608cdaba21bd5f6f5b264fbb1595b9e05a94,no_explicit_terminal_engine_result,15,EpisodeState.COMPLETED,-1,11,54266836,loss,False,28,1,True,loss,/private/tmp/kaggle_eps/55565056/replays/episode-96536686-replay.json,-1,625867f096c8cecf83104df4c9199877b329611d1aae4bb270c05a7e08d87114,128,28,55565056,ended_before,,,,,,,,,,,,,,,,20,ended_before,,,,,,,,,,,,,,,,30,reached,10,True,False,1,1,20,9,8,3,7,18,6,5,97,True,
0,ok,True,96534690,False,False,DONE,,,0,f3502d4dd126563d193710c54508cacba7a15044a6e5a2e9a1d54e24eea48ad7,no_explicit_terminal_engine_result,16,EpisodeState.COMPLETED,-1,22,55552833,loss,True,31,0,True,loss,/private/tmp/kaggle_eps/55565056/replays/episode-96534690-replay.json,-1,034d24eab424af6003764cc3adac53267b804ed494a61b05f40321a2a00e171f,195,28,55565056,ended_before,,,,,,,,,,,,,,,,19,ended_before,,,,,,,,,,,,,,,,29,reached,9,True,False,1,1,33,23,6,4,5,33,4,5,95,True,
0,ok,True,96531655,True,True,DONE,,,0,9033c1e00f2b12f5052ac532bc3f384f5e00e3ada2ea1be13bb3b17833e5c724,no_explicit_terminal_engine_result,16,EpisodeState.COMPLETED,-1,12,55448595,loss,True,40,0,True,loss,/private/tmp/kaggle_eps/55565056/replays/episode-96531655-replay.json,-1,d750220615dc4444966f457b843ff556942868f3c8799424b7310d72c014a120,124,39,55565056,ended_before,,,,,,,,,,,,,,,,19,ended_before,,,,,,,,,,,,,,,,29,reached,9,True,False,1,1,33,15,14,4,4,25,6,5,78,True,
0,ok,True,96531136,False,False,DONE,,,0,9bf239125d429c60712d9df923d1f14b77acdded08f3026834656400787acbb2,no_explicit_terminal_engine_result,30,EpisodeState.COMPLETED,1,17,54732172,win,False,47,1,True,win,/private/tmp/kaggle_eps/55565056/replays/episode-96531136-replay.json,1,e0d51176263fbd65bf04f059c8b350c1433e8b4448be9ea4f7443db5737f9b0c,136,42,55565056,reached,20,True,False,1,1,19,7,8,4,10,9,6,10,110,True,,reached,30,True,False,1,1,17,2,12,3,10,4,6,15,132,True,,reached,10,True,False,1,1,33,14,14,5,7,30,6,5,72,True,
0,ok,True,96518821,False,False,DONE,,,0,08d9c2e8cd2d10221987f938619f5068731d08ed7b4c78cd7ae982fa9830b8b5,no_explicit_terminal_engine_result,13,EpisodeState.COMPLETED,-1,34,55531303,loss,False,22,1,True,loss,/private/tmp/kaggle_eps/55565056/replays/episode-96518821-replay.json,-1,6d6659158481418d19ab7546d5490ddcfc65154f0eac8f0ab0fec11a5098a98c,128,18,55565056,ended_before,,,,,,,,,,,,,,,,20,ended_before,,,,,,,,,,,,,,,,30,reached,10,True,False,1,1,37,29,3,5,9,35,5,5,80,True,
0,ok,True,96518020,False,False,DONE,,,0,7d6786f532b3139beb146012988d0952024ee9b9b36a9704c42eb75c712d693e,no_explicit_terminal_engine_result,39,EpisodeState.COMPLETED,1,25,55328544,win,True,53,0,True,win,/private/tmp/kaggle_eps/55565056/replays/episode-96518020-replay.json,1,4714448e42e8b7b1d485ce40b94ef6ce1e95528aec4f8774577a8691ccea61d0,140,47,55565056,reached,19,True,False,1,1,35,24,8,3,9,13,4,10,98,True,,reached,29,True,False,1,1,30,14,13,3,9,6,4,15,121,True,,reached,9,True,False,1,1,48,39,6,3,8,19,5,5,66,True,
0,ok,True,96513445,False,False,DONE,,,0,2d7b1242f3c29ed56ca57ae520b69b973165e4219c51adea1227d961b7ab15c5,no_explicit_terminal_engine_result,15,EpisodeState.COMPLETED,-1,27,54977875,loss,False,34,1,True,loss,/private/tmp/kaggle_eps/55565056/replays/episode-96513445-replay.json,-1,06ed11c1edb16222ac23c3ca54341ee1408baee1e05cfeeac652abaabdd2772d,117,30,55565056,ended_before,,,,,,,,,,,,,,,,20,ended_before,,,,,,,,,,,,,,,,30,reached,10,True,False,1,1,32,24,5,3,9,23,5,5,77,True,
0,ok,True,96501596,False,False,DONE,,,0,d969d3958eaebf53beceefcf0463cda7c0d1a9cda1faf4e183890cb9297c716b,no_explicit_terminal_engine_result,5,EpisodeState.COMPLETED,-1,50,55353763,loss,False,5,1,True,loss,/private/tmp/kaggle_eps/55565056/replays/episode-96501596-replay.json,-1,5732f7b5c3ed912077e0d48a27323fbda1a518c1d79dc8ad13f9405276cffe96,66,5,55565056,ended_before,,,,,,,,,,,,,,,,20,ended_before,,,,,,,,,,,,,,,,30,ended_before,,,,,,,,,,,,,,,,10
0,ok,True,96489265,False,False,DONE,,,1,37c2f3fae6a9a3ab1d14c7b2a95cdba52315be06ee9acbed922c7e8f3fab5deb,no_explicit_terminal_engine_result,37,EpisodeState.COMPLETED,1,18,55565470,win,True,41,1,True,win,/private/tmp/kaggle_eps/55565056/replays/episode-96489265-replay.json,1,4aa4f9da38cc3525718f4a10a5ab11a6a33645b390c7bf46d208dd2bb6cf6a5d,108,36,55565056,reached,19,True,False,1,1,30,22,2,6,9,21,6,10,77,True,,reached,29,False,False,1,1,23,12,5,6,16,16,6,15,92,False,,reached,9,False,False,1,1,45,39,0,6,15,26,6,5,54,False,
0,ok,True,96488326,True,True,DONE,,,0,61937593f691f0e9dcfb519db2f16a99adf3ea2d1e784461963c2c45c6f980b8,no_explicit_terminal_engine_result,42,EpisodeState.COMPLETED,1,11,55564773,win,False,73,1,True,win,/private/tmp/kaggle_eps/55565056/replays/episode-96488326-replay.json,1,8018d001bbbe645edc2dffbef2927361eb1cce40593c89fab946d587e89b2934,259,67,55565056,reached,20,True,False,1,1,36,21,12,3,4,18,6,10,155,True,,reached,30,True,False,1,1,15,9,5,1,6,11,3,15,234,True,,reached,10,False,False,1,1,41,28,7,6,13,29,6,5,70,False,
0,ok,True,96477447,True,True,DONE,,,0,e862deff98b320bc79a0546b051204345e76f5a91d513dfc53fed2f9b269862b,no_explicit_terminal_engine_result,31,EpisodeState.COMPLETED,1,6,55552280,win,True,53,0,True,win,/private/tmp/kaggle_eps/55565056/replays/episode-96477447-replay.json,1,4a6694a3e4df3c26d249eca6619bb1b85cbfa990161513ac57d6e8ddcc260c3d,171,49,55565056,reached,19,True,False,1,1,12,6,5,1,8,12,6,10,136,True,,reached,29,True,False,1,1,7,1,5,1,9,7,3,15,163,True,,reached,9,True,False,1,1,32,21,7,4,3,34,6,5,67,True,
0,ok,True,96473538,False,False,DONE,,,1,0b2933e9d5f20b8617b793993a680f0995975f04cfac9e98207aee0638e78f47,no_explicit_terminal_engine_result,32,EpisodeState.COMPLETED,-1,28,53905959,loss,True,44,1,True,loss,/private/tmp/kaggle_eps/55565056/replays/episode-96473538-replay.json,-1,53cfe61d11d51fe1c806e075bd2f4f64b4dbc324ca2337c0f3d8f717524f9a48,99,35,55565056,reached,19,True,False,1,1,31,23,3,5,11,20,5,10,65,True,,reached,29,True,False,1,1,28,15,12,1,5,15,5,15,92,True,,reached,9,False,False,1,1,46,35,5,6,13,41,6,5,34,False,
0,ok,True,96461705,True,True,DONE,,,0,93b0b7d49c63bcfc70c5f3a5cc6997dc2ecb249d79950d2fa1ee438e6ce2d971,no_explicit_terminal_engine_result,17,EpisodeState.COMPLETED,1,10,55545605,win,True,33,0,True,win,/private/tmp/kaggle_eps/55565056/replays/episode-96461705-replay.json,1,c4f4adc513ca4744a3fd2d478fa7ad097e83fbbcbf85550be5fa96f3b3f32ead,158,32,55565056,ended_before,,,,,,,,,,,,,,,,19,ended_before,,,,,,,,,,,,,,,,29,reached,9,True,False,1,1,22,16,0,6,7,35,4,5,79,True,
0,ok,True,96454420,True,True,DONE,,,0,dce473cc8e180df689d7b36fce3b57d6fd90449721bb5a7dd07906aad979c2c0,no_explicit_terminal_engine_result,14,EpisodeState.COMPLETED,1,11,54978351,win,False,24,1,True,win,/private/tmp/kaggle_eps/55565056/replays/episode-96454420-replay.json,1,202fd4c8481983c273ab972d018c21d112317eaa0c54c90328b5aec54636b42d,128,24,55565056,ended_before,,,,,,,,,,,,,,,,20,ended_before,,,,,,,,,,,,,,,,30,reached,10,True,False,1,1,30,11,16,3,6,27,6,5,97,True,
0,ok,True,96442630,False,False,DONE,,,1,07a8677dd60a990df9cff54f099ccf9eda5c70c5804ca9ae459ea4b0521c7196,no_explicit_terminal_engine_result,24,EpisodeState.COMPLETED,-1,19,54335407,loss,True,37,1,True,loss,/private/tmp/kaggle_eps/55565056/replays/episode-96442630-replay.json,-1,6a9c7e2cf0e0c61c9ab5ecd4c381074a31e120a511783ca8aafbe45f510d55a2,208,36,55565056,reached,19,True,False,1,1,20,7,9,4,6,25,6,10,162,True,,ended_before,,,,,,,,,,,,,,,,29,reached,9,True,False,1,1,37,25,6,6,3,36,6,5,59,True,
0,ok,True,96430319,False,False,DONE,,,0,0fb1a489818c4a81f8fcdb601238444d7f56d31be10eb4b03c3154774871a25c,no_explicit_terminal_engine_result,31,EpisodeState.COMPLETED,1,34,55554173,win,True,37,0,True,win,/private/tmp/kaggle_eps/55565056/replays/episode-96430319-replay.json,1,240bfcab717e730aa9cce37064c6f6625fef76ad203b4b29312640b4205b14d9,75,19,55565056,reached,19,False,False,1,1,40,21,13,6,16,12,6,10,49,False,,reached,29,False,False,1,1,34,12,16,6,20,7,5,15,68,False,,reached,9,False,False,1,1,50,34,10,6,14,23,6,5,34,False,
0,ok,True,96418487,False,False,DONE,,,0,42534af7f54c5b607337447a2350ad501c99b247de9d4c2bd32b7dddcd7dff31,no_explicit_terminal_engine_result,32,EpisodeState.COMPLETED,-1,20,55555991,loss,True,49,0,True,loss,/private/tmp/kaggle_eps/55565056/replays/episode-96418487-replay.json,-1,6e529c538402a18c955174554d00bbf7dd6b5a88606071af4f079bf29e6839d0,142,44,55565056,reached,19,True,False,1,1,24,16,4,4,11,13,6,10,91,True,,reached,29,True,False,1,1,21,11,9,1,4,8,6,15,118,True,,reached,9,False,False,1,1,41,32,3,6,15,20,6,5,47,False,
0,ok,True,96406677,False,False,DONE,,,0,88345ceef27af99f02b685b1449f475538f8abf884771780f67bb76f45df42f6,no_explicit_terminal_engine_result,16,EpisodeState.COMPLETED,-1,22,55562437,loss,True,32,0,True,loss,/private/tmp/kaggle_eps/55565056/replays/episode-96406677-replay.json,-1,cff90f19b52f0b6771402be6e9ae9c5e86d39087b184161fd33234a6fcbe5dc1,135,31,55565056,ended_before,,,,,,,,,,,,,,,,19,ended_before,,,,,,,,,,,,,,,,29,reached,9,False,False,1,1,33,13,16,4,15,26,6,5,88,False,
0,ok,True,96394857,False,False,DONE,,,0,b275ced29c9c6d17c16661115807b8cbb648098bdf74b31ebd9a65cee4e88264,no_explicit_terminal_engine_result,20,EpisodeState.COMPLETED,-1,26,54995852,loss,True,44,0,True,loss,/private/tmp/kaggle_eps/55565056/replays/episode-96394857-replay.json,-1,475b8aabdc7998ffcfa575374ed0b151de87d70eb00c6ed6bd1c1e1e656f0ed5,161,42,55565056,reached,19,True,False,1,1,26,12,13,1,7,12,6,10,131,True,,ended_before,,,,,,,,,,,,,,,,29,reached,9,True,False,1,1,37,21,11,5,6,25,6,5,77,True,
0,ok,True,96385308,True,True,DONE,,,0,437bd071ac45d486a003517efff8af350693ae40845332a9abdcbecba560a15e,no_explicit_terminal_engine_result,18,EpisodeState.COMPLETED,1,10,55561569,win,False,35,1,True,win,/private/tmp/kaggle_eps/55565056/replays/episode-96385308-replay.json,1,91959c40ec1ad038bf349688249b4ee8f5c3b9ab23b65ec0c1ca41c0e7a44531,105,31,55565056,ended_before,,,,,,,,,,,,,,,,20,ended_before,,,,,,,,,,,,,,,,30,reached,10,True,False,1,1,31,19,6,6,9,41,6,5,55,True,
0,ok,True,96375363,False,False,DONE,,,0,a355e269eb9733f07c0af3871b0db28553699491d7cdef27e438792d0f8fdfbd,no_explicit_terminal_engine_result,25,EpisodeState.COMPLETED,-1,17,55564637,loss,False,40,1,True,loss,/private/tmp/kaggle_eps/55565056/replays/episode-96375363-replay.json,-1,35169d4ed2e29c75fe3c3ca6d8d7df8a6f4c1fa5da2335a3dc7c70cf325dc779,147,38,55565056,reached,20,True,False,1,1,18,10,6,2,3,21,6,10,130,True,,ended_before,,,,,,,,,,,,,,,,30,reached,10,True,False,1,1,34,23,7,4,10,27,6,5,79,True,
0,ok,True,96363473,False,False,DONE,,,1,d67de8811fa6fc34c0c657cde2df559be7f86d2799e907b5b702468038f2cb41,no_explicit_terminal_engine_result,27,EpisodeState.COMPLETED,1,16,54422652,win,True,46,1,True,win,/private/tmp/kaggle_eps/55565056/replays/episode-96363473-replay.json,1,9b0241c49a1c3e4338adeaad91f3056a3daf36705365438676a27f1eacc0f715,117,42,55565056,reached,19,True,False,1,1,18,9,5,4,8,25,6,10,92,True,,ended_before,,,,,,,,,,,,,,,,29,reached,9,True,False,1,1,30,21,5,4,3,40,6,5,57,True,
0,ok,True,96360835,False,False,DONE,,,0,b9208f61e942e0fed0031c3dc58777b30e9220da0db6bf212db1d16d091ca453,no_explicit_terminal_engine_result,25,EpisodeState.COMPLETED,-1,23,55550737,loss,False,46,1,True,loss,/private/tmp/kaggle_eps/55565056/replays/episode-96360835-replay.json,-1,34dd661d7e7a9676143d26c589b952a146cf060c1d9ada2c2938455e7bd53545,275,46,55565056,reached,20,True,False,1,1,24,11,10,3,8,14,6,10,215,True,,ended_before,,,,,,,,,,,,,,,,30,reached,10,True,False,1,1,31,21,6,4,6,19,6,5,122,True,
0,ok,True,96355701,False,False,DONE,,,0,873c1c036a71db24b3a3452d83836c44d66667905fc784543ec3c82018fb4e7b,no_explicit_terminal_engine_result,16,EpisodeState.COMPLETED,1,36,55459070,win,False,19,1,True,win,/private/tmp/kaggle_eps/55565056/replays/episode-96355701-replay.json,1,dc6b500d51c0ba5b30822320f74f4ef04f9d1c34811585c3f4d281d1e19a381e,88,15,55565056,ended_before,,,,,,,,,,,,,,,,20,ended_before,,,,,,,,,,,,,,,,30,reached,10,True,False,1,1,43,33,5,5,12,38,5,5,64,True,
0,ok,True,96354827,False,False,DONE,,,0,216e954e3e44b070f5933624a3dbffc5bc9e3a6acf9a66011d475ca2d2689828,no_explicit_terminal_engine_result,26,EpisodeState.COMPLETED,1,17,55520362,win,False,44,1,True,win,/private/tmp/kaggle_eps/55565056/replays/episode-96354827-replay.json,1,07dcab14929f2f93de3f2a4019cecb0aa7e28c52a1bcc37e8651da85e8323a19,118,41,55565056,reached,20,True,False,1,1,20,9,7,4,8,9,6,10,106,True,,ended_before,,,,,,,,,,,,,,,,30,reached,10,False,False,1,1,36,19,13,4,16,14,6,5,83,False,
0,ok,True,96342991,False,False,DONE,,,0,1b30e980dd9da3f64d1680264731dec05ea148b9ca87260430df8a8aadfe9729,no_explicit_terminal_engine_result,16,EpisodeState.COMPLETED,1,30,55553896,win,False,35,1,True,win,/private/tmp/kaggle_eps/55565056/replays/episode-96342991-replay.json,1,f84842593db0f5a69fc5f35a0eb236482ce8e24c8876e41c2199e654de197677,139,27,55565056,ended_before,,,,,,,,,,,,,,,,20,ended_before,,,,,,,,,,,,,,,,30,reached,10,False,False,1,1,42,35,1,6,15,20,5,5,87,False,
0,ok,True,96331180,False,False,DONE,,,0,c9fe38bafb999d3cf376fc079b0bb049c9c4d496aac7cd92f76ca2ff69d92592,no_explicit_terminal_engine_result,19,EpisodeState.COMPLETED,1,16,54924125,win,True,37,0,True,win,/private/tmp/kaggle_eps/55565056/replays/episode-96331180-replay.json,1,8f58d32e3cca631e2fb3e1601944246621ffc591b4dc00f5bed97a02b5ccaf1f,129,31,55565056,reached,19,True,False,1,1,16,0,14,2,4,17,6,10,124,True,,ended_before,,,,,,,,,,,,,,,,29,reached,9,True,False,1,1,38,16,17,5,10,22,6,5,74,True,
0,ok,True,96321892,True,True,DONE,,,0,764582816862dc54e8d57c80b0ddd1a2afcb61aad03050919b78748576bd4026,no_explicit_terminal_engine_result,47,EpisodeState.COMPLETED,-1,11,55200095,loss,False,54,1,True,loss,/private/tmp/kaggle_eps/55565056/replays/episode-96321892-replay.json,-1,acb0ae914ba4732be078f8f4efc12de302bcf8f0de719979a15930950cffa463,208,52,55565056,reached,20,True,False,1,1,21,13,2,6,11,29,6,10,85,True,,reached,30,True,False,1,1,21,15,2,4,8,11,6,15,133,True,,reached,10,True,False,1,1,41,34,1,6,7,41,6,5,37,True,
0,ok,True,96315323,True,True,DONE,,,0,6905e4063479d7e01a30b2dc090202d6647d220296d737d1df14221de83cf914,no_explicit_terminal_engine_result,29,EpisodeState.COMPLETED,-1,12,55564212,loss,False,56,1,True,loss,/private/tmp/kaggle_eps/55565056/replays/episode-96315323-replay.json,-1,bbd359e6cea7a05a75681cb3a051690731e34d5d2850272ef54e66e236278e84,261,53,55565056,reached,20,True,False,1,1,16,10,5,1,6,10,4,10,184,True,,ended_before,,,,,,,,,,,,,,,,30,reached,10,True,False,1,1,27,18,6,3,9,20,6,5,105,True,
0,ok,True,96308950,True,True,DONE,,,0,780cd5db4628a2621b88d897ce237e1316ef9ea5bff528149734fa8a3f8d25a8,no_explicit_terminal_engine_result,32,EpisodeState.COMPLETED,1,7,55553896,win,False,57,1,True,win,/private/tmp/kaggle_eps/55565056/replays/episode-96308950-replay.json,1,f867b7416712ce4c2582e3bee4e1f5ed7f33241047aac6b67252707f7a67d209,251,53,55565056,reached,20,True,False,1,1,18,9,4,5,3,28,4,10,140,True,,reached,30,True,False,1,1,9,1,6,2,7,16,2,15,228,True,,reached,10,True,False,1,1,27,19,3,5,7,33,6,5,74,True,
0,ok,True,96297167,False,False,DONE,,,0,fd607c5dda7baf8ccb69f1e40964cc40f954cdde95a4987a7f75f408c696efac,no_explicit_terminal_engine_result,17,EpisodeState.COMPLETED,-1,15,55204139,loss,False,41,1,True,loss,/private/tmp/kaggle_eps/55565056/replays/episode-96297167-replay.json,-1,2608c704ac37448ac8015d7c90c81d6d7f53ffc8aa5d04f91270a23c862f929a,169,37,55565056,ended_before,,,,,,,,,,,,,,,,20,ended_before,,,,,,,,,,,,,,,,30,reached,10,True,False,1,1,25,15,6,4,12,22,6,5,112,True,
0,ok,True,96285345,False,False,DONE,,,0,803aea3b16035f324f0b0389c6487899bd113d59239ab1b154c9f78f64e0318b,no_explicit_terminal_engine_result,18,EpisodeState.COMPLETED,1,21,53880926,win,False,20,1,True,win,/private/tmp/kaggle_eps/55565056/replays/episode-96285345-replay.json,1,b539c94fd77472d914f06295bf79f0659223ca92f8f082c3992834817740ffc1,70,12,55565056,ended_before,,,,,,,,,,,,,,,,20,ended_before,,,,,,,,,,,,,,,,30,reached,10,True,False,1,1,45,38,1,6,11,38,6,5,46,True,
0,ok,True,96273016,False,False,DONE,,,0,bca215605bf6dd1fc0e87e11e67b95aa15dad166131f3ea841e254fa11cc5ba7,no_explicit_terminal_engine_result,14,EpisodeState.COMPLETED,-1,26,55388306,loss,True,27,0,True,loss,/private/tmp/kaggle_eps/55565056/replays/episode-96273016-replay.json,-1,fecd4b21cefcca068af9c0634c4ac994960589b8a51a3e8b02c504eb4452dcbd,82,27,55565056,ended_before,,,,,,,,,,,,,,,,19,ended_before,,,,,,,,,,,,,,,,29,reached,9,True,False,1,1,41,28,10,3,6,32,6,5,60,True,
0,ok,True,96272555,False,False,DONE,,,0,7c57c7614456f4f760e2f1969c027ad1456aec2c62577a0655d5899789179339,no_explicit_terminal_engine_result,16,EpisodeState.COMPLETED,-1,17,55443280,loss,True,36,0,True,loss,/private/tmp/kaggle_eps/55565056/replays/episode-96272555-replay.json,-1,ed5529994ac12ed35d248b91874526ded0f3a39684be7ac49273c253c2dba93f,139,33,55565056,ended_before,,,,,,,,,,,,,,,,19,ended_before,,,,,,,,,,,,,,,,29,reached,9,True,False,1,1,33,15,14,4,8,19,6,5,92,True,
0,ok,True,96261209,False,False,DONE,,,0,a4e4daa1e69798f818bb5652f85455e6b1f2e62d6661b9ed4b8cd1cc801c2c24,no_explicit_terminal_engine_result,15,EpisodeState.COMPLETED,1,23,55316997,win,True,33,0,True,win,/private/tmp/kaggle_eps/55565056/replays/episode-96261209-replay.json,1,78f7d278fe96d06393ff60ab3d5a3bdf30956c1f7753ef1d0336ebd047daee4d,130,28,55565056,ended_before,,,,,,,,,,,,,,,,19,ended_before,,,,,,,,,,,,,,,,29,reached,9,True,False,1,1,34,23,5,6,9,28,5,5,80,True,
0,ok,True,96256081,True,True,DONE,,,1,206bd568a94f368742e2330f68d1d9ed3b9be7797c558eb4c91f5d2a56f83196,no_explicit_terminal_engine_result,23,EpisodeState.COMPLETED,1,14,53823570,win,True,44,1,True,win,/private/tmp/kaggle_eps/55565056/replays/episode-96256081-replay.json,1,77e519a39d22cbc8aa1a145b589a9054360ecbabd469973ea87121566e870a0e,208,37,55565056,reached,19,False,False,1,1,14,5,5,4,14,21,5,10,173,False,,ended_before,,,,,,,,,,,,,,,,29,reached,9,True,False,1,1,32,20,8,4,5,37,5,5,94,True,
0,ok,True,96249092,False,False,DONE,,,0,8ca16c6ce8b49ec0b3b3a28fb24ab9de1fb5899e511eaac5ede457b1f5986ab4,no_explicit_terminal_engine_result,8,EpisodeState.COMPLETED,-1,38,54448096,loss,True,19,0,True,loss,/private/tmp/kaggle_eps/55565056/replays/episode-96249092-replay.json,-1,564cc64ab9c1fc4d268070fa46ae45d7c79478d2430494948f3e9e32cf0bd8af,71,17,55565056,ended_before,,,,,,,,,,,,,,,,19,ended_before,,,,,,,,,,,,,,,,29,ended_before,,,,,,,,,,,,,,,,9
0,ok,True,96237238,False,False,DONE,,,0,506691cc2556aec262df47075fbd2d12731e7729b7015c4d89c8b87c8a3268ee,no_explicit_terminal_engine_result,19,EpisodeState.COMPLETED,-1,20,55483343,loss,False,38,1,True,loss,/private/tmp/kaggle_eps/55565056/replays/episode-96237238-replay.json,-1,6e497d0e3e1dab5c029c226bb14a2838105a73746d91441c88fbae4674d449d7,187,35,55565056,ended_before,,,,,,,,,,,,,,,,20,ended_before,,,,,,,,,,,,,,,,30,reached,10,True,False,1,1,31,16,9,6,7,25,4,5,94,True,
0,ok,True,96231199,False,False,DONE,,,0,d1bf71d9b7f7503932f1ffc1de85ae39d9d416e479e05acb187b90c427f57017,no_explicit_terminal_engine_result,19,EpisodeState.COMPLETED,-1,18,55330514,loss,False,44,1,True,loss,/private/tmp/kaggle_eps/55565056/replays/episode-96231199-replay.json,-1,1151bf2488f710a9c3931d22d6d7d95c8eb0f5cefdb4c08c8d1d9d7bc5641b54,186,37,55565056,ended_before,,,,,,,,,,,,,,,,20,ended_before,,,,,,,,,,,,,,,,30,reached,10,True,False,1,1,29,16,9,4,8,30,6,5,86,True,
0,ok,True,96227143,False,False,DONE,,,0,e3c8c4a5420774790775d5ffe15c06bc76b12ad818a1197c1b34cedc5b9df26d,no_explicit_terminal_engine_result,12,EpisodeState.COMPLETED,-1,28,55128444,loss,True,16,0,True,loss,/private/tmp/kaggle_eps/55565056/replays/episode-96227143-replay.json,-1,a8d16bf81e3692c04ffc735a4948176e579cfd8fed3f692f7a305f451e5eadbb,94,15,55565056,ended_before,,,,,,,,,,,,,,,,19,ended_before,,,,,,,,,,,,,,,,29,reached,9,True,False,1,1,31,15,11,5,4,41,6,5,70,True,
0,ok,True,96215317,False,False,DONE,,,0,b11b5be3267a4c5ec5d0ef2a02996b854c0b254c63cdb092d7e99ec936753e16,no_explicit_terminal_engine_result,17,EpisodeState.COMPLETED,1,22,55561502,win,True,30,0,True,win,/private/tmp/kaggle_eps/55565056/replays/episode-96215317-replay.json,1,7ec6c8aba55916cb86407478a55a03041b43e0cdb28e2776992e854768701818,138,28,55565056,ended_before,,,,,,,,,,,,,,,,19,ended_before,,,,,,,,,,,,,,,,29,reached,9,True,False,1,1,37,28,3,6,8,32,5,5,72,True,
0,ok,True,96203523,True,True,DONE,,,0,6dff749c15670e7320fec65c91364fa986704046eef2c53919f2ed45b1b2d2c1,no_explicit_terminal_engine_result,15,EpisodeState.COMPLETED,1,10,55559651,win,True,37,0,True,win,/private/tmp/kaggle_eps/55565056/replays/episode-96203523-replay.json,1,c0490c7d862a2cd014504ff6152fa8cd75c527026a465de713759f0958e343c2,131,36,55565056,ended_before,,,,,,,,,,,,,,,,19,ended_before,,,,,,,,,,,,,,,,29,reached,9,True,False,1,1,27,13,9,5,7,26,6,5,83,True,
0,ok,True,96202928,False,False,DONE,,,0,cb406d602fc4b2cd8ddcab13214c8d66193f60a291c5e9573d7096363519d2c4,no_explicit_terminal_engine_result,16,EpisodeState.COMPLETED,-1,26,55564163,loss,True,30,0,True,loss,/private/tmp/kaggle_eps/55565056/replays/episode-96202928-replay.json,-1,b66b5d59099eaaa995c0fb4c666d7a60f6e434f99c4dd25c14ff745f54eebe65,132,26,55565056,ended_before,,,,,,,,,,,,,,,,19,ended_before,,,,,,,,,,,,,,,,29,reached,9,True,False,1,1,34,16,14,4,7,34,6,5,79,True,
0,ok,True,96190612,False,False,DONE,,,0,2b24265e0c4ffe0042d2c92916ed8407531ab743debc8d584a97cab140df08c7,no_explicit_terminal_engine_result,17,EpisodeState.COMPLETED,1,18,54711108,win,True,32,0,True,win,/private/tmp/kaggle_eps/55565056/replays/episode-96190612-replay.json,1,e1d7441db04e7c1c9bf779cd7a812862712421b118afb8427f96421e37ca0192,104,23,55565056,ended_before,,,,,,,,,,,,,,,,19,ended_before,,,,,,,,,,,,,,,,29,reached,9,True,False,1,1,40,28,6,6,12,33,6,5,52,True,
0,ok,True,96178858,False,False,DONE,,,1,d48ebd888370f45079fdb0e798602f1318436c0a933d42719ab4bcd70ad55dcf,no_explicit_terminal_engine_result,12,EpisodeState.COMPLETED,-1,29,55247382,loss,True,15,1,True,loss,/private/tmp/kaggle_eps/55565056/replays/episode-96178858-replay.json,-1,50fa76fc092af40662d375d6bc2d8bee87d555391213aa0448fb2b5fe4d08bc1,99,13,55565056,ended_before,,,,,,,,,,,,,,,,19,ended_before,,,,,,,,,,,,,,,,29,reached,9,True,False,1,1,31,12,15,4,6,39,6,5,75,True,
0,ok,True,96167014,False,False,DONE,,,0,511b4fbaa339b2997d90bb1fcc03644604bdb9dbb2b49d04ff3e704433b57970,no_explicit_terminal_engine_result,15,EpisodeState.COMPLETED,-1,43,55521490,loss,False,20,1,True,loss,/private/tmp/kaggle_eps/55565056/replays/episode-96167014-replay.json,-1,73949efb5c23c09efe9c6880c63a605931056f40629791eb81a01c1d6952d1f9,75,20,55565056,ended_before,,,,,,,,,,,,,,,,20,ended_before,,,,,,,,,,,,,,,,30,reached,10,True,False,1,1,45,29,12,4,6,33,6,5,48,True,
0,ok,True,96167049,True,True,DONE,,,0,d9914a53336a9d82821e9ef0b7c6eba190d3bd5dbaeca1c2491f78450a2142e3,no_explicit_terminal_engine_result,21,EpisodeState.COMPLETED,1,13,55418900,win,True,31,0,True,win,/private/tmp/kaggle_eps/55565056/replays/episode-96167049-replay.json,1,34d5e63ca219fd3679d1dcc8c549735d0c78d3272cce6fbc0452c5f898b663f4,125,31,55565056,reached,19,True,False,1,1,16,7,7,2,9,31,3,10,112,True,,ended_before,,,,,,,,,,,,,,,,29,reached,9,True,False,1,1,24,15,4,5,2,37,6,5,65,True,
0,ok,True,96155259,False,False,DONE,,,0,bdabb0c1298fd9542b0ea5acb57acebbf9f0ab847a1c58cb98a0c547efa98c69,no_explicit_terminal_engine_result,12,EpisodeState.COMPLETED,-1,34,55242088,loss,True,23,0,True,loss,/private/tmp/kaggle_eps/55565056/replays/episode-96155259-replay.json,-1,da99df704b9a17b81af9fc42ce990057c8295693e1eedc52d991dd2852f7d430,116,22,55565056,ended_before,,,,,,,,,,,,,,,,19,ended_before,,,,,,,,,,,,,,,,29,reached,9,True,False,1,1,34,23,5,6,9,36,6,5,83,True,
0,ok,True,96142935,False,False,DONE,,,1,5ad70b6066c65b78647e7fd215441bef8d57b27e83a618ea87e3307e2dec53e3,no_explicit_terminal_engine_result,22,EpisodeState.COMPLETED,-1,17,54934594,loss,True,35,1,True,loss,/private/tmp/kaggle_eps/55565056/replays/episode-96142935-replay.json,-1,66c8f4904b23e61e33ad559e909ed8e885002baa05a3ec94e3f20584a62dba13,109,35,55565056,reached,19,True,False,1,1,18,10,6,2,4,12,6,10,98,True,,ended_before,,,,,,,,,,,,,,,,29,reached,9,True,False,1,1,31,17,9,5,7,27,6,5,55,True,
0,ok,True,96131093,True,True,DONE,,,0,8efe1d6ee45ac079e95d00ee593e54c6894c59cc90a47bc990ed3ea29b7f8bb5,no_explicit_terminal_engine_result,29,EpisodeState.COMPLETED,-1,9,55554637,loss,False,46,1,True,loss,/private/tmp/kaggle_eps/55565056/replays/episode-96131093-replay.json,-1,8be2d1283355a990e76d354fdcefd40f6f0c272c15c4938a976d85bbfdccf37a,166,45,55565056,reached,20,True,False,1,1,12,6,3,3,5,4,5,10,136,True,,ended_before,,,,,,,,,,,,,,,,30,reached,10,True,False,1,1,33,24,4,5,12,18,6,5,72,True,
0,ok,True,96126952,True,True,DONE,,,1,5c70985b140fa8bfcb5be5eccd09299fa5e61fece910756b9183d71ff730a66b,no_explicit_terminal_engine_result,17,EpisodeState.COMPLETED,1,13,55511081,win,True,37,1,True,win,/private/tmp/kaggle_eps/55565056/replays/episode-96126952-replay.json,1,5c77756c7f16d7a0ec7aa0ddadbaba01d173eae241a2e70150ae073711fba6e4,135,35,55565056,ended_before,,,,,,,,,,,,,,,,19,ended_before,,,,,,,,,,,,,,,,29,reached,9,True,False,1,1,43,29,8,6,8,31,6,5,58,True,
0,ok,True,96115146,False,False,DONE,,,1,82cba1dcca826ecbd9e85a3bfa018ee3f42f62bea53d5df4a8ba1f4a03cfc02f,no_explicit_terminal_engine_result,15,EpisodeState.COMPLETED,1,51,54974883,win,True,24,1,True,win,/private/tmp/kaggle_eps/55565056/replays/episode-96115146-replay.json,1,5449082ec3372ecb632241a1ff9ef7d844dc3ce6c7e13dee551b672f1c5b44d9,49,16,55565056,ended_before,,,,,,,,,,,,,,,,19,ended_before,,,,,,,,,,,,,,,,29,reached,9,True,False,1,1,54,43,5,6,3,40,6,5,30,True,
0,ok,True,96103311,True,True,DONE,,,0,9d04e5c9d8b68b0382bec7554ab1bb021bf0a3faa560514ac66216fd602c9790,no_explicit_terminal_engine_result,28,EpisodeState.COMPLETED,1,9,55563672,win,False,40,1,True,win,/private/tmp/kaggle_eps/55565056/replays/episode-96103311-replay.json,1,6af3fd923d4ecce35c577d6da1991e0beda4a311b7395c5360f4615869f2e845,122,36,55565056,reached,20,True,False,1,1,37,12,23,2,8,17,6,10,96,True,,ended_before,,,,,,,,,,,,,,,,30,reached,10,True,False,1,1,39,17,18,4,3,33,6,5,64,True,
0,ok,True,96091487,False,False,DONE,,,0,ed47215fab32a8270347546f6a6f15404a92071f51268f3d07cbb8ccef0a2ff8,no_explicit_terminal_engine_result,28,EpisodeState.COMPLETED,-1,17,55058555,loss,True,43,0,True,loss,/private/tmp/kaggle_eps/55565056/replays/episode-96091487-replay.json,-1,ea7d134b86911dbc9082e32dc42d020c6f095a2933235998824c03c6491d59a2,115,35,55565056,reached,19,True,False,1,1,24,17,2,5,8,21,5,10,81,True,,ended_before,,,,,,,,,,,,,,,,29,reached,9,False,False,1,1,39,29,4,6,14,33,6,5,48,False,
0,ok,True,96091515,False,False,DONE,,,0,d3edcbbfb21b63e845f5dfe5ed2ecc6e3eec589ad948037d64200d85317f3a7d,no_explicit_terminal_engine_result,16,EpisodeState.COMPLETED,1,23,55393410,win,False,31,1,True,win,/private/tmp/kaggle_eps/55565056/replays/episode-96091515-replay.json,1,b83386fddf9fa729ba3d6e9e64e72b2379ab4548a357d290e24860d3843dbfce,138,21,55565056,ended_before,,,,,,,,,,,,,,,,20,ended_before,,,,,,,,,,,,,,,,30,reached,10,True,False,1,1,35,22,7,6,8,29,5,5,79,True,
0,ok,True,104465559,True,True,DONE,,,0,f2f03545cb90c2ba73b6f129d170556814c4fac11caf78e5c192afffdd12e49e,no_explicit_terminal_engine_result,17,EpisodeState.COMPLETED,1,7,55453918,win,True,34,0,True,win,/private/tmp/kaggle_eps/55565424/replays/episode-104465559-replay.json,1,d6dbc2316432eb51b9fac0682f8fd025d62cb98746bcffff377567270670e4c5,116,27,55565424,ended_before,,,,,,,,,,,,,,,,19,ended_before,,,,,,,,,,,,,,,,29,reached,9,True,False,1,1,40,31,3,6,12,33,6,5,43,True,
0,ok,True,104457348,True,True,DONE,,,0,6722d8781067ce4fc16638e6dbdb1f9755b936872d0090af064044b5447a1c61,no_explicit_terminal_engine_result,26,EpisodeState.COMPLETED,1,10,55560922,win,False,51,1,True,win,/private/tmp/kaggle_eps/55565424/replays/episode-104457348-replay.json,1,1e325f0ecc8aebc81a52ee2059731220a5e0858bf890959a6b03e531b0eb2e63,249,42,55565424,reached,20,True,False,1,1,13,3,6,4,11,21,1,10,205,True,,ended_before,,,,,,,,,,,,,,,,30,reached,10,False,False,1,1,26,11,9,6,17,26,4,5,122,False,
0,ok,True,104445780,False,False,DONE,,,0,ac037a1565431fec8a5c1f7981f043359c97a5b98b7d0d318ef625b1a3d5a6a7,no_explicit_terminal_engine_result,15,EpisodeState.COMPLETED,1,20,55538584,win,True,34,0,True,win,/private/tmp/kaggle_eps/55565424/replays/episode-104445780-replay.json,1,45c610bb818b7d54d9023568025a53bc5d3eb489ac17a8049f800806e2ce5691,157,33,55565424,ended_before,,,,,,,,,,,,,,,,19,ended_before,,,,,,,,,,,,,,,,29,reached,9,True,False,1,1,31,20,6,5,9,35,4,5,84,True,
0,ok,True,104438547,False,False,DONE,,,0,0c3e7ef110aae0a52947b32081756be928acf8f630f75d7c0ba3d96647b51fed,no_explicit_terminal_engine_result,16,EpisodeState.COMPLETED,-1,20,55247382,loss,True,40,0,True,loss,/private/tmp/kaggle_eps/55565424/replays/episode-104438547-replay.json,-1,f2cc022008bda75b3dc4a38e57c474e5c759256096374ef25bd19d9a6847eb86,139,39,55565424,ended_before,,,,,,,,,,,,,,,,19,ended_before,,,,,,,,,,,,,,,,29,reached,9,True,False,1,1,25,7,14,4,8,29,6,5,95,True,
0,ok,True,104438666,False,False,DONE,,,0,44037802f96ff7ca434a521024170dc78369a94670c2c721f61ad22187b6acdd,no_explicit_terminal_engine_result,15,EpisodeState.COMPLETED,1,24,55559654,win,True,28,0,True,win,/private/tmp/kaggle_eps/55565424/replays/episode-104438666-replay.json,1,e3d709ae334b2bcad94336e6d44901f3952f91dfe06f8a39ea6d8ff39a911e90,159,27,55565424,ended_before,,,,,,,,,,,,,,,,19,ended_before,,,,,,,,,,,,,,,,29,reached,9,False,False,1,1,35,24,5,6,14,27,4,5,87,False,
0,ok,True,104427127,True,True,DONE,,,0,4e826710fa003335df00daa363926139d1f5363f5333f44410627dcc5c5e8005,no_explicit_terminal_engine_result,19,EpisodeState.COMPLETED,1,10,54790703,win,True,37,0,True,win,/private/tmp/kaggle_eps/55565424/replays/episode-104427127-replay.json,1,054cc9f30bf4bc1c82ddaf055dbba10021a6bf8604544a799958719124ef0cc8,104,36,55565424,reached,19,True,False,1,1,10,3,4,3,12,20,5,10,99,True,,ended_before,,,,,,,,,,,,,,,,29,reached,9,True,False,1,1,37,27,5,5,8,33,5,5,46,True,
0,ok,True,104415617,False,False,DONE,,,0,5d39d895a2efec05762bab8049968945c00be76529dbe6c37a385e909173ffbf,no_explicit_terminal_engine_result,10,EpisodeState.COMPLETED,-1,38,55556189,loss,True,16,0,True,loss,/private/tmp/kaggle_eps/55565424/replays/episode-104415617-replay.json,-1,7c671084d9251c4bb819c33748d95672a18340f53762d9bf3da0f554d5aac6de,100,16,55565424,ended_before,,,,,,,,,,,,,,,,19,ended_before,,,,,,,,,,,,,,,,29,reached,9,True,False,1,1,38,29,4,5,10,34,6,5,73,True,
0,ok,True,104408925,False,False,DONE,,,0,797c27150a25af6eb8654763be58402e71e7fda73837f34cba78332ec63bdbcc,no_explicit_terminal_engine_result,14,EpisodeState.COMPLETED,-1,31,55366454,loss,True,29,0,True,loss,/private/tmp/kaggle_eps/55565424/replays/episode-104408925-replay.json,-1,36b784b65c09e42970776176306c9af0dec592e3bca92f265751f344e7f9a67e,109,26,55565424,ended_before,,,,,,,,,,,,,,,,19,ended_before,,,,,,,,,,,,,,,,29,reached,9,True,False,1,1,36,19,14,3,4,26,6,5,72,True,
0,ok,True,104409770,False,False,DONE,,,0,df7509f7657979ec87c8b9b6be26fcd838bc53c53febea86e1371529d737915f,no_explicit_terminal_engine_result,27,EpisodeState.COMPLETED,1,20,55483937,win,True,41,0,True,win,/private/tmp/kaggle_eps/55565424/replays/episode-104409770-replay.json,1,69ffac5284e688f9ec78be049151bcf6f3780a110587b4773a36c7e2689a5be7,127,37,55565424,reached,19,False,False,1,1,29,12,12,5,14,26,5,10,97,False,,ended_before,,,,,,,,,,,,,,,,29,reached,9,True,False,1,1,50,41,3,6,6,31,6,5,37,True,
0,ok,True,104397843,False,False,DONE,,,0,d23432afd12d4e1f0758e64bd4664c8fd9095cc7d2554dae1220fdd25e16c673,no_explicit_terminal_engine_result,22,EpisodeState.COMPLETED,1,31,55136278,win,False,23,1,True,win,/private/tmp/kaggle_eps/55565424/replays/episode-104397843-replay.json,1,e7dc6dbd2bd02a91eb4747006b1b1c9cf415cd036f472052e820f34e4020e500,81,20,55565424,reached,20,True,False,1,1,32,24,2,6,9,24,2,10,73,True,,ended_before,,,,,,,,,,,,,,,,30,reached,10,True,False,1,1,42,32,4,6,12,30,6,5,42,True,
0,ok,True,104398280,True,True,DONE,,,0,a0fe18cf470dd298e60f40ef8875792621bc7a7020d9994f838c4aacd8580d81,no_explicit_terminal_engine_result,25,EpisodeState.COMPLETED,1,13,55235621,win,True,28,0,True,win,/private/tmp/kaggle_eps/55565424/replays/episode-104398280-replay.json,1,c2d10dd24ca73e550b48634eceb90a47934530a158f7f50319f9fe3fb61f9f97,83,28,55565424,reached,19,True,False,1,1,18,7,5,6,10,25,6,10,71,True,,ended_before,,,,,,,,,,,,,,,,29,reached,9,True,False,1,1,43,32,5,6,6,30,6,5,40,True,
0,ok,True,104385832,False,False,DONE,,,0,6d2448790bc3f4d1df55469b79c871fcda2013c3e9fe9407cad97c03e3aeb1be,no_explicit_terminal_engine_result,13,EpisodeState.COMPLETED,-1,19,54933700,loss,False,24,1,True,loss,/private/tmp/kaggle_eps/55565424/replays/episode-104385832-replay.json,-1,d75c023835aee900e184e275e8fca1afceebe08348c75d96ae83f79a8549375e,128,23,55565424,ended_before,,,,,,,,,,,,,,,,20,ended_before,,,,,,,,,,,,,,,,30,reached,10,True,False,1,1,24,13,9,2,3,28,6,5,93,True,
0,ok,True,104385405,False,False,DONE,,,0,751511f5ff482a4e5084f0d0d44fef2cc6fdb55e96a3bb11c6e24b7285fef734,no_explicit_terminal_engine_result,15,EpisodeState.COMPLETED,1,29,55506420,win,True,22,0,True,win,/private/tmp/kaggle_eps/55565424/replays/episode-104385405-replay.json,1,6a6ff1d25c3fffb3e1a6f2cb9a49cb4f1c3eb062ab37e6a86fc6fcfedb8c804c,91,22,55565424,ended_before,,,,,,,,,,,,,,,,19,ended_before,,,,,,,,,,,,,,,,29,reached,9,True,False,1,1,33,8,21,4,4,41,6,5,66,True,
0,ok,True,104373826,False,False,DONE,,,0,a5be74ed7e92ef6e0972e8a0fcfcd2b11235cf6cb890474c20fd29587839cc24,no_explicit_terminal_engine_result,30,EpisodeState.COMPLETED,-1,20,55123583,loss,True,48,0,True,loss,/private/tmp/kaggle_eps/55565424/replays/episode-104373826-replay.json,-1,efa52de2671005743a918e2ca15c8c3f6ab3dd82d8f633cb0c65afd596f4c0cc,142,48,55565424,reached,19,True,False,1,1,31,23,6,2,3,20,5,10,90,True,,reached,29,True,False,1,1,20,13,6,1,4,14,5,15,126,True,,reached,9,True,False,1,1,36,28,3,5,4,27,6,5,52,True,
0,ok,True,104362261,False,False,DONE,,,0,ccbf3a44640c287cf1650473432b7585073ebe1b41c16bce2a005132aafd4cd5,no_explicit_terminal_engine_result,9,EpisodeState.COMPLETED,-1,42,54970650,loss,False,5,1,True,loss,/private/tmp/kaggle_eps/55565424/replays/episode-104362261-replay.json,-1,7f992b821b39709f8b31a66e0a434699124cb6ecedcb1f1fc69f906bd9e96467,42,5,55565424,ended_before,,,,,,,,,,,,,,,,20,ended_before,,,,,,,,,,,,,,,,30,ended_before,,,,,,,,,,,,,,,,10
0,ok,True,104358440,False,False,DONE,,,0,c105ac291a9a33b3b485ecadba126cd39253335410dd3bcd351ad4a2ee93b41b,no_explicit_terminal_engine_result,16,EpisodeState.COMPLETED,1,17,55561061,win,False,25,1,True,win,/private/tmp/kaggle_eps/55565424/replays/episode-104358440-replay.json,1,cd0c2b9057b947000951ba8a3a1ecf7e0f0325c75d968c7af0d15897e5ce92ed,138,18,55565424,ended_before,,,,,,,,,,,,,,,,20,ended_before,,,,,,,,,,,,,,,,30,reached,10,True,False,1,1,30,22,2,6,5,41,4,5,91,True,
0,ok,True,104346906,False,False,DONE,,,0,c2a4e72d186e0aeaa954b7a56b44b99cac2f32c63b1715660cc15b9f616963fc,no_explicit_terminal_engine_result,15,EpisodeState.COMPLETED,1,30,55470776,win,True,36,0,True,win,/private/tmp/kaggle_eps/55565424/replays/episode-104346906-replay.json,1,0c71f7cc0b4100fc77320a022208129fc32b4f5dcc58aee12d3b22312ec36bbb,136,19,55565424,ended_before,,,,,,,,,,,,,,,,19,ended_before,,,,,,,,,,,,,,,,29,reached,9,False,False,1,1,38,31,1,6,17,23,4,5,84,False,
0,ok,True,104341032,False,False,DONE,,,0,4c1da38329d5f6fa691288de02aff6988efaf8971f571701d14aad282f696daf,no_explicit_terminal_engine_result,20,EpisodeState.COMPLETED,-1,19,55564844,loss,True,41,0,True,loss,/private/tmp/kaggle_eps/55565424/replays/episode-104341032-replay.json,-1,1e4037aea40a122619d6bc2aefd6da579d7e3e3cd35f844dc70eea4dc365d9b0,233,30,55565424,reached,19,True,False,1,1,21,14,5,2,8,22,3,10,209,True,,ended_before,,,,,,,,,,,,,,,,29,reached,9,True,False,1,1,39,29,4,6,7,33,5,5,79,True,
0,ok,True,104329462,True,True,DONE,,,0,46058c56ca3d7405ebb8ac5c74b895fe942c62a9bdc39cd30ae2acc3dfc14e91,no_explicit_terminal_engine_result,23,EpisodeState.COMPLETED,-1,12,55555894,loss,False,50,1,True,loss,/private/tmp/kaggle_eps/55565424/replays/episode-104329462-replay.json,-1,7061e4820cb72d228b202d119c977250c670946e262207c02a85b889124c495f,245,43,55565424,reached,20,True,False,1,1,16,10,5,1,4,16,1,10,199,True,,ended_before,,,,,,,,,,,,,,,,30,reached,10,True,False,1,1,32,22,6,4,4,24,6,5,96,True,
0,ok,True,104317945,False,False,DONE,,,0,a9e2d1588b388a072b7701722c002e011c0120367c1e096f9eb1b5ec3f4b3299,no_explicit_terminal_engine_result,16,EpisodeState.COMPLETED,-1,27,54851330,loss,True,22,0,True,loss,/private/tmp/kaggle_eps/55565424/replays/episode-104317945-replay.json,-1,63dee02ef73699ea99b655f6ed8737daa15a8dc882f89b84b9a5caa40df7f4d8,106,22,55565424,ended_before,,,,,,,,,,,,,,,,19,ended_before,,,,,,,,,,,,,,,,29,reached,9,True,False,1,1,32,9,19,4,3,39,6,5,78,True,
0,ok,True,104306365,True,True,DONE,,,0,4165678051adb5f6fae1ab0fc6b7fea5253531b5e4baa21742f043cd0d7a249d,no_explicit_terminal_engine_result,30,EpisodeState.COMPLETED,1,7,54061041,win,False,54,1,True,win,/private/tmp/kaggle_eps/55565424/replays/episode-104306365-replay.json,1,968c3115ecab8a86966aff25835bbf446bb7f8bc40469fe7376eefa0d74e16b2,150,49,55565424,reached,20,True,False,1,1,20,12,3,5,8,15,6,10,104,True,,reached,30,True,False,1,1,10,0,6,4,11,6,6,15,142,True,,reached,10,True,False,1,1,36,27,4,5,3,39,6,5,59,True,
0,ok,True,104298177,True,True,DONE,,,0,438154a0db7850b3aa0970282aea1bfdaae9fc7acc3f4c0cc59886616a02597e,no_explicit_terminal_engine_result,35,EpisodeState.COMPLETED,1,13,55275264,win,True,47,0,True,win,/private/tmp/kaggle_eps/55565424/replays/episode-104298177-replay.json,1,5591c046ee6f2e563049886f2023f80efd65fab492ff433ffee987557c2bc508,147,36,55565424,reached,19,True,False,1,1,26,13,9,4,2,25,6,10,94,True,,reached,29,True,False,1,1,16,6,6,4,10,5,6,15,136,True,,reached,9,True,False,1,1,41,24,11,6,2,32,6,5,54,True,
0,ok,True,104286631,False,False,DONE,,,0,b3f7d066a1c8b33fb522d7836e01ded4a5b5d5398f1135b2f8a21f211ac5a68e,no_explicit_terminal_engine_result,15,EpisodeState.COMPLETED,-1,23,55564427,loss,False,32,1,True,loss,/private/tmp/kaggle_eps/55565424/replays/episode-104286631-replay.json,-1,767425f92f371719bd342bf6ec1355bdd64002f846e387e72ff188e15b55f15f,179,30,55565424,ended_before,,,,,,,,,,,,,,,,20,ended_before,,,,,,,,,,,,,,,,30,reached,10,False,False,1,1,31,25,2,4,17,20,4,5,109,False,
0,ok,True,104274593,False,False,DONE,,,0,e10cdcc2d52b480e2b090a2236c36fb0c3f7faafb37b0d71f083ecbd7dd827a6,no_explicit_terminal_engine_result,16,EpisodeState.COMPLETED,1,18,55501414,win,False,34,1,True,win,/private/tmp/kaggle_eps/55565424/replays/episode-104274593-replay.json,1,be3565554dfeff8e5a487d2a82cf4aad1b89c71dd9c6b74a61b31fccc0d5c463,168,28,55565424,ended_before,,,,,,,,,,,,,,,,20,ended_before,,,,,,,,,,,,,,,,30,reached,10,True,False,1,1,28,19,5,4,11,30,4,5,104,True,
0,ok,True,104269987,False,False,DONE,,,0,6353ee006768fb44efb987bed48459a2fe380c47ac781d50d731c15a6398d77a,no_explicit_terminal_engine_result,18,EpisodeState.COMPLETED,-1,27,55297239,loss,True,31,0,True,loss,/private/tmp/kaggle_eps/55565424/replays/episode-104269987-replay.json,-1,b834e90be1aecd7749db0c1c892846f76cc339f03f901bc1891a68791983aa92,131,31,55565424,ended_before,,,,,,,,,,,,,,,,19,ended_before,,,,,,,,,,,,,,,,29,reached,9,True,False,1,1,42,32,4,6,8,34,6,5,58,True,
0,ok,True,104266490,False,False,DONE,,,0,6200804ac4b969a062b9dfa3cd5d7a808a6460c3f42496b062257d9f1b68aea3,no_explicit_terminal_engine_result,32,EpisodeState.COMPLETED,-1,21,55545437,loss,True,43,0,True,loss,/private/tmp/kaggle_eps/55565424/replays/episode-104266490-replay.json,-1,721476724c89d3d130c640064917920fbf15b0e84aa8e7fb30b79a6ea8177223,118,40,55565424,reached,19,True,False,1,1,43,32,5,6,6,11,6,10,64,True,,reached,29,True,False,1,1,22,11,5,6,12,1,5,15,105,True,,reached,9,True,False,1,1,46,37,3,6,7,23,6,5,47,True,
0,ok,True,104254432,True,True,DONE,,,0,3982a5582c21b4c960998b0ba9bc6483524d19f4f9a3ab251f2ee5ad361b1f34,no_explicit_terminal_engine_result,24,EpisodeState.COMPLETED,-1,14,55537931,loss,True,51,0,True,loss,/private/tmp/kaggle_eps/55565424/replays/episode-104254432-replay.json,-1,dcc65868c7e0228b93ba64567bba02278bf56f7e424669db042471e6d6d3d7e2,235,44,55565424,reached,19,True,False,1,1,23,11,9,3,7,18,4,10,175,True,,ended_before,,,,,,,,,,,,,,,,29,reached,9,False,False,1,1,31,17,8,6,17,32,6,5,83,False,
0,ok,True,104251004,False,False,DONE,,,0,0783d3d1d335f91e1e474548fc6adf564f95e7a751f1b94eb834ca5189cecea8,no_explicit_terminal_engine_result,31,EpisodeState.COMPLETED,-1,19,55565679,loss,False,49,1,True,loss,/private/tmp/kaggle_eps/55565424/replays/episode-104251004-replay.json,-1,3bcf9156690620e9681b3effdd01e27381aaee278ce0cf9c7a6ee046ffc05fb8,132,44,55565424,reached,20,True,False,1,1,33,25,4,4,4,21,6,10,84,True,,reached,30,True,False,1,1,19,12,5,2,6,1,6,15,122,True,,reached,10,True,False,1,1,40,35,0,5,7,30,6,5,57,True,
0,ok,True,104245087,False,False,DONE,,,0,107f17fc6daf2630e9696c23b196c2b322adc30736738b903da37ad88e14a03d,no_explicit_terminal_engine_result,9,EpisodeState.COMPLETED,-1,40,55514736,loss,False,13,1,True,loss,/private/tmp/kaggle_eps/55565424/replays/episode-104245087-replay.json,-1,bcf0660422591004b72669122942c0652937927618c5747fc91272f43c1df2fa,66,10,55565424,ended_before,,,,,,,,,,,,,,,,20,ended_before,,,,,,,,,,,,,,,,30,ended_before,,,,,,,,,,,,,,,,10
0,ok,True,104233490,True,True,DONE,,,0,b25170635dee4ed52b260781ea4299a03850c45a4e6f1a233a06a0129aaf56df,no_explicit_terminal_engine_result,36,EpisodeState.COMPLETED,1,10,55554171,win,False,47,1,True,win,/private/tmp/kaggle_eps/55565424/replays/episode-104233490-replay.json,1,71ce557f0825b57aba7df127bebd7ea1b515d815106c4932ae49d2f01b3eeac3,115,43,55565424,reached,20,True,False,1,1,32,19,11,2,9,13,6,10,80,True,,reached,30,True,False,1,1,25,9,14,2,8,6,6,15,101,True,,reached,10,True,False,1,1,36,28,5,3,4,24,6,5,59,True,
0,ok,True,104221817,False,False,DONE,,,0,78d9193d3ff5c6db122fc0dac2d1b277156fd5a46633ad3b4e853ee73c3f7f1d,no_explicit_terminal_engine_result,14,EpisodeState.COMPLETED,-1,21,55442136,loss,True,34,0,True,loss,/private/tmp/kaggle_eps/55565424/replays/episode-104221817-replay.json,-1,a8b3b249c544e90255a33d364c0941c807c20f88b9d5ce09ba444b66367c6417,123,32,55565424,ended_before,,,,,,,,,,,,,,,,19,ended_before,,,,,,,,,,,,,,,,29,reached,9,True,False,1,1,27,14,10,3,7,28,6,5,86,True,
0,ok,True,104213540,False,False,DONE,,,0,6640bc12a38426541486b10ede2335aa7befcb884d6030b23539de86666d3dbb,no_explicit_terminal_engine_result,11,EpisodeState.COMPLETED,-1,29,55179243,loss,False,20,1,True,loss,/private/tmp/kaggle_eps/55565424/replays/episode-104213540-replay.json,-1,d13787bc50f62045b37da79dd12f158287d5954403d957bc135eef0049a9fac6,101,18,55565424,ended_before,,,,,,,,,,,,,,,,20,ended_before,,,,,,,,,,,,,,,,30,reached,10,True,False,1,1,29,9,17,3,4,33,6,5,88,True,
0,ok,True,104209720,False,False,DONE,,,0,45ac65dc0ec52617eae80ee6fdc969358954b2fc997b4ee260d8b751e50769e9,no_explicit_terminal_engine_result,21,EpisodeState.COMPLETED,1,28,55565458,win,True,28,0,True,win,/private/tmp/kaggle_eps/55565424/replays/episode-104209720-replay.json,1,176275bd3a7dcce4a16146be817b748f1a7605443ac20b4c594f0f6671353ca6,100,23,55565424,reached,19,True,False,1,1,30,24,0,6,7,30,3,10,90,True,,ended_before,,,,,,,,,,,,,,,,29,reached,9,True,False,1,1,36,29,1,6,9,36,6,5,52,True,
0,ok,True,104199937,False,False,DONE,,,1,2003f73470dc40d16f9cc81e7bf94f679dcffee21f24ee3791b8cf4483bd2720,no_explicit_terminal_engine_result,17,EpisodeState.COMPLETED,1,16,54761733,win,True,40,1,True,win,/private/tmp/kaggle_eps/55565424/replays/episode-104199937-replay.json,1,97859928dfc29a6326cb6549564cfa6ce1f1ef18bc92c54351614661c1a61c4c,116,35,55565424,ended_before,,,,,,,,,,,,,,,,19,ended_before,,,,,,,,,,,,,,,,29,reached,9,True,False,1,1,24,14,6,4,8,33,6,5,81,True,
0,ok,True,104188803,False,False,DONE,,,0,430b359c0ec9b7b4caf0e0d89a396cf0fce881ed7ead405a45f02b37c3bafaf9,no_explicit_terminal_engine_result,17,EpisodeState.COMPLETED,1,17,55560768,win,True,37,0,True,win,/private/tmp/kaggle_eps/55565424/replays/episode-104188803-replay.json,1,1107e06141e5e281ac82a6491f4816358d4aea92252f9ddcc09a1eedf31ae690,120,34,55565424,ended_before,,,,,,,,,,,,,,,,19,ended_before,,,,,,,,,,,,,,,,29,reached,9,True,False,1,1,29,15,10,4,5,26,6,5,74,True,
0,ok,True,104177426,False,False,DONE,,,0,5f9c567274c75797a310e7b038ba292576c4167304220fd713b87a02266fae92,no_explicit_terminal_engine_result,17,EpisodeState.COMPLETED,-1,23,55562691,loss,False,32,1,True,loss,/private/tmp/kaggle_eps/55565424/replays/episode-104177426-replay.json,-1,6e633c7aabbb4aca6d499598cc560dafbfcbe049a65a6d80c5e901a56ffc3df0,166,30,55565424,ended_before,,,,,,,,,,,,,,,,20,ended_before,,,,,,,,,,,,,,,,30,reached,10,True,False,1,1,33,19,8,6,5,35,5,5,86,True,
0,ok,True,104165795,False,False,DONE,,,0,155466264d8b09adddbc5d1b956a88e400fa778eac84b444eeb895349f9e4b66,no_explicit_terminal_engine_result,9,EpisodeState.COMPLETED,-1,27,55492043,loss,False,16,1,True,loss,/private/tmp/kaggle_eps/55565424/replays/episode-104165795-replay.json,-1,39488b57e72044d376966977c7de743a63d11722c3ac746a2d75ab624aa6fd4b,87,14,55565424,ended_before,,,,,,,,,,,,,,,,20,ended_before,,,,,,,,,,,,,,,,30,ended_before,,,,,,,,,,,,,,,,10
0,ok,True,104164579,True,True,DONE,,,0,e65c2e6c0606dacfe794008a8b2256ffedd916590538922b12c656b8a579ea64,no_explicit_terminal_engine_result,23,EpisodeState.COMPLETED,1,13,55164722,win,True,44,0,True,win,/private/tmp/kaggle_eps/55565424/replays/episode-104164579-replay.json,1,abfc5c0685f14dbfb79d86d4103a244632ab712b3c9b524abcbae2f21025d917,125,43,55565424,reached,19,True,False,1,1,18,7,8,3,8,11,6,10,110,True,,ended_before,,,,,,,,,,,,,,,,29,reached,9,True,False,1,1,33,22,7,4,12,24,6,5,65,True,
0,ok,True,104152965,False,False,DONE,,,1,fa490ac103724e6e1de70d2a051e3617ab69b17b3f3d738192ce12a767cee64a,no_explicit_terminal_engine_result,22,EpisodeState.COMPLETED,-1,36,54678772,loss,True,38,1,True,loss,/private/tmp/kaggle_eps/55565424/replays/episode-104152965-replay.json,-1,dbcf2c06d1ef6056c55f275a94ada5ccc296732465e57963225ccc105932cc74,107,34,55565424,reached,19,True,False,1,1,37,28,7,2,2,27,5,10,84,True,,ended_before,,,,,,,,,,,,,,,,29,reached,9,True,False,1,1,47,34,7,6,12,35,6,5,40,True,
0,ok,True,104141340,False,False,DONE,,,0,757da877031831e8c116aad2f9dad7d95a4226920155c8a6cc7ca006b7a1d23b,no_explicit_terminal_engine_result,21,EpisodeState.COMPLETED,-1,18,55373921,loss,False,34,1,True,loss,/private/tmp/kaggle_eps/55565424/replays/episode-104141340-replay.json,-1,b7985d1cdcbb7052d50dc9043d6b4b10bfb5810ffa0d12dee89abb7079180c8c,204,34,55565424,reached,20,True,False,1,1,18,6,11,1,4,21,3,10,195,True,,ended_before,,,,,,,,,,,,,,,,30,reached,10,True,False,1,1,32,20,6,6,9,35,5,5,83,True,
0,ok,True,104137693,False,False,DONE,,,0,8004d0325d86f0ed14804fcdd39f5b250904d6420199669de30a77b1e9b6113c,no_explicit_terminal_engine_result,25,EpisodeState.COMPLETED,1,17,55153394,win,True,47,0,True,win,/private/tmp/kaggle_eps/55565424/replays/episode-104137693-replay.json,1,ef7997aa4956c20ca976a928f82e8f36ac9c36b2649b7a0353d363694fc44929,130,42,55565424,reached,19,True,False,1,1,22,11,6,5,5,19,6,10,102,True,,ended_before,,,,,,,,,,,,,,,,29,reached,9,False,False,1,1,37,26,5,6,14,31,6,5,58,False,
0,ok,True,104125910,False,False,DONE,,,0,cb9786a0355a7b996e0e77791903001b3ac858e4332640e50f85279c1b198e36,no_explicit_terminal_engine_result,16,EpisodeState.COMPLETED,-1,17,55559828,loss,False,32,1,True,loss,/private/tmp/kaggle_eps/55565424/replays/episode-104125910-replay.json,-1,34476182cd2497942ccb10b795a663148ded05749445d477a462baa38f16f82f,184,31,55565424,ended_before,,,,,,,,,,,,,,,,20,ended_before,,,,,,,,,,,,,,,,30,reached,10,True,False,1,1,30,21,5,4,7,33,4,5,106,True,
0,ok,True,104123405,False,False,DONE,,,0,597f03ae8e58721ff9b124cad768c5b899795d0b6b09d19bb96096261dea98e7,no_explicit_terminal_engine_result,17,EpisodeState.COMPLETED,-1,28,55562516,loss,False,27,1,True,loss,/private/tmp/kaggle_eps/55565424/replays/episode-104123405-replay.json,-1,7fc01aaaed5ed756795793c4aa54a4ad4c3e47ace946072463e5fceabfea2fa6,110,22,55565424,ended_before,,,,,,,,,,,,,,,,20,ended_before,,,,,,,,,,,,,,,,30,reached,10,False,False,1,1,36,20,10,6,14,21,6,5,67,False,
0,ok,True,104111292,False,False,DONE,,,0,955d2f090b69c25b5fbe0592f0870085276dae8ed120b148837dd7ccca935123,no_explicit_terminal_engine_result,22,EpisodeState.COMPLETED,1,20,55409861,win,False,44,1,True,win,/private/tmp/kaggle_eps/55565424/replays/episode-104111292-replay.json,1,405d7c434052f50b42a5ec03072fbc34591d61f4e67379084c824e7c8b3e6038,199,42,55565424,reached,20,True,False,1,1,20,8,9,3,10,14,1,10,182,True,,ended_before,,,,,,,,,,,,,,,,30,reached,10,True,False,1,1,28,16,6,6,6,27,5,5,97,True,
0,ok,True,104106501,True,True,DONE,,,1,93efdd7e2989b8f5213bd16efe5d74369573904a6d177c3e029d8b088cb69a64,no_explicit_terminal_engine_result,15,EpisodeState.COMPLETED,1,5,55426785,win,True,41,1,True,win,/private/tmp/kaggle_eps/55565424/replays/episode-104106501-replay.json,1,7f812ce003ef91b549ff695b86c981e17e4acc4dcaf347a93608b7dbc401ecb8,142,40,55565424,ended_before,,,,,,,,,,,,,,,,19,ended_before,,,,,,,,,,,,,,,,29,reached,9,True,False,1,1,28,10,15,3,9,21,6,5,92,True,
0,ok,True,104097585,False,False,DONE,,,0,e7f5788efbbc055b64c17cc2e6d212949be5ebfa3b97f56418ed41531b653707,no_explicit_terminal_engine_result,34,EpisodeState.COMPLETED,1,18,55334737,win,False,40,1,True,win,/private/tmp/kaggle_eps/55565424/replays/episode-104097585-replay.json,1,eeed3949fcdf772dbbe1ed649bcdb949e7a1fa4f6d3cddb568ba39a84a289f1b,100,35,55565424,reached,20,True,False,1,1,27,13,8,6,8,14,6,10,72,True,,reached,30,False,False,1,1,18,3,9,6,15,8,6,15,91,False,,reached,10,True,False,1,1,36,23,7,6,9,19,6,5,54,True,
0,ok,True,104086012,False,False,DONE,,,0,ece552506b4a970618cfd1340ce1a3d931047486664d51826a0945fb602ca912,no_explicit_terminal_engine_result,20,EpisodeState.COMPLETED,-1,24,55562023,loss,True,42,0,True,loss,/private/tmp/kaggle_eps/55565424/replays/episode-104086012-replay.json,-1,5bb0964f618dff24b8d8f513b24e647e5bbed65109725e6ffa09e70a432deecf,216,35,55565424,reached,19,True,False,1,1,24,10,13,1,5,20,4,10,206,True,,ended_before,,,,,,,,,,,,,,,,29,reached,9,True,False,1,1,41,30,5,6,10,33,5,5,65,True,
0,ok,True,104074467,True,True,DONE,,,0,e06830f8a89adeda828a56e1968704fefdaaa1135f0250ad32be8e3d6d9e7406,no_explicit_terminal_engine_result,18,EpisodeState.COMPLETED,-1,14,55473497,loss,True,40,0,True,loss,/private/tmp/kaggle_eps/55565424/replays/episode-104074467-replay.json,-1,59cd8e6e9625dfb2693cd2d7e5b320a25ee18390fceddf71f4341da8f8e65640,180,35,55565424,ended_before,,,,,,,,,,,,,,,,19,ended_before,,,,,,,,,,,,,,,,29,reached,9,True,False,1,1,32,17,9,6,6,40,6,5,69,True,
0,ok,True,104065753,False,False,DONE,,,0,24883e4a21d7d6b0c3fab6ee5bf3bbc7e5574705f9300f2d33be78ce55e1bd52,no_explicit_terminal_engine_result,21,EpisodeState.COMPLETED,1,22,55432909,win,True,50,0,True,win,/private/tmp/kaggle_eps/55565424/replays/episode-104065753-replay.json,1,eb079766bdc589d59f17cbbbe4f2265504d9d3770d81d68b2fc0b5862b1a47d2,195,35,55565424,reached,19,True,False,1,1,23,15,4,4,2,23,2,10,173,True,,ended_before,,,,,,,,,,,,,,,,29,reached,9,False,False,1,1,40,29,6,5,14,30,5,5,77,False,
0,ok,True,104062162,False,False,DONE,,,0,69af32c742fb345f938f080db05cd658f4609f2eb365b276c7f5a6b201bd3c82,no_explicit_terminal_engine_result,20,EpisodeState.COMPLETED,-1,28,55161367,loss,True,36,0,True,loss,/private/tmp/kaggle_eps/55565424/replays/episode-104062162-replay.json,-1,5b2b740dac8cb0ed0cb355ac67c06c88ebe5abe6d2bb71a06cc845bcb76c9ddc,95,36,55565424,reached,19,True,False,1,1,28,24,3,1,9,17,6,10,89,True,,ended_before,,,,,,,,,,,,,,,,29,reached,9,True,False,1,1,41,31,7,3,5,25,6,5,63,True,
0,ok,True,104052795,False,False,DONE,,,0,04f3be7cb970cb901e4c595f63c991cff459deeaac314bed8aa6323f7bb2f50a,no_explicit_terminal_engine_result,16,EpisodeState.COMPLETED,1,24,55527782,win,False,41,1,True,win,/private/tmp/kaggle_eps/55565424/replays/episode-104052795-replay.json,1,4f32cdd4f39b6e04665ae183732c80e6142a483c7f7c4168d0672c1d8ee863ee,167,37,55565424,ended_before,,,,,,,,,,,,,,,,20,ended_before,,,,,,,,,,,,,,,,30,reached,10,True,False,1,1,36,30,1,5,11,23,5,5,98,True,
0,ok,True,104041230,False,False,DONE,,,0,68d218edce98aad4a23cb9e08050d08fb9637ff661d1cf3552659acf27b677c8,no_explicit_terminal_engine_result,15,EpisodeState.COMPLETED,1,22,55561344,win,True,32,0,True,win,/private/tmp/kaggle_eps/55565424/replays/episode-104041230-replay.json,1,5d35a3d7b048fb6d44328b03f9e3f6673dee5415952ef4ef173ec7f7d14d4b88,144,27,55565424,ended_before,,,,,,,,,,,,,,,,19,ended_before,,,,,,,,,,,,,,,,29,reached,9,True,False,1,1,32,21,5,6,9,35,4,5,86,True,
0,ok,True,104038864,False,False,DONE,,,0,8369de94ec5b22b580ca9e7214dea5278c19e3fd845633b3f4d651762a2bd897,no_explicit_terminal_engine_result,22,EpisodeState.COMPLETED,1,28,55561540,win,False,33,1,True,win,/private/tmp/kaggle_eps/55565424/replays/episode-104038864-replay.json,1,7a49e7ef7a7fa9c027a652095f85d651bef70770d683bacf595f040f96ba9619,124,31,55565424,reached,20,True,False,1,1,32,20,6,6,7,31,2,10,112,True,,ended_before,,,,,,,,,,,,,,,,30,reached,10,True,False,1,1,48,38,4,6,8,29,6,5,45,True,
0,ok,True,104027261,False,False,DONE,,,0,11ab39c432ebbb58283c4fba6284c3a0637a637e81c859ff4650c75c7e49ae99,no_explicit_terminal_engine_result,9,EpisodeState.COMPLETED,-1,35,55565282,loss,False,21,1,True,loss,/private/tmp/kaggle_eps/55565424/replays/episode-104027261-replay.json,-1,eb116274a7c2b0a4b6e91fc2e0569b4b1b4d8c0b5f23ea0b473aa035e8e15637,77,20,55565424,ended_before,,,,,,,,,,,,,,,,20,ended_before,,,,,,,,,,,,,,,,30,ended_before,,,,,,,,,,,,,,,,10
0,ok,True,104021777,False,False,DONE,,,0,813f5c372f7d82470c3e0b60cab179b6c61b7ff5ee6d191ca309dcb495ccbb94,no_explicit_terminal_engine_result,21,EpisodeState.COMPLETED,1,16,54940913,win,True,31,0,True,win,/private/tmp/kaggle_eps/55565424/replays/episode-104021777-replay.json,1,5a08ad882642c32a10ace94e570b2309d9a9f999312ef5e1dbce614a7279dad4,125,31,55565424,reached,19,True,False,1,1,20,5,11,4,6,27,6,10,113,True,,ended_before,,,,,,,,,,,,,,,,29,reached,9,True,False,1,1,29,17,7,5,8,33,6,5,72,True,
0,ok,True,104010187,False,False,DONE,,,0,77f5d7fcfa3d95dde27bea8c823df37523d7d864bb76d68fc2e882acd4f230f7,no_explicit_terminal_engine_result,38,EpisodeState.COMPLETED,-1,33,55449477,loss,True,49,0,True,loss,/private/tmp/kaggle_eps/55565424/replays/episode-104010187-replay.json,-1,5c50f87aff5a4f610eec0f0a845cf32aa9df44f664277430087cdc0d4b886020,142,43,55565424,reached,19,True,False,1,1,44,35,6,3,3,25,5,10,81,True,,reached,29,True,False,1,1,39,32,6,1,4,14,5,15,116,True,,reached,9,True,False,1,1,53,43,5,5,6,40,6,5,38,True,
0,ok,True,104003450,False,False,DONE,,,0,5d5d9dac6cdf01d35462104c3479df0a342fd2de7c05cdee73891cf65108e084,no_explicit_terminal_engine_result,18,EpisodeState.COMPLETED,1,25,55557196,win,False,32,1,True,win,/private/tmp/kaggle_eps/55565424/replays/episode-104003450-replay.json,1,0d8e8a4c39fbbfe11d024a120d09c5e950583fd53a7409aefaa1cac4b78756a4,151,31,55565424,ended_before,,,,,,,,,,,,,,,,20,ended_before,,,,,,,,,,,,,,,,30,reached,10,True,False,1,1,46,40,0,6,12,26,4,5,69,True,
0,ok,True,103998613,False,False,DONE,,,0,c2bbd2422fa7ff0c011a76f33a6a0be74037383ef905efc6ed10a5c6e0843509,no_explicit_terminal_engine_result,19,EpisodeState.COMPLETED,1,20,55436369,win,True,37,0,True,win,/private/tmp/kaggle_eps/55565424/replays/episode-103998613-replay.json,1,ef3642f5df42d14b1e2d9768b4a2d27f5d3e5497fb9ddf131ff399d66385dbed,125,36,55565424,reached,19,True,False,1,1,20,0,17,3,10,14,6,10,122,True,,ended_before,,,,,,,,,,,,,,,,29,reached,9,True,False,1,1,32,17,10,5,6,27,6,5,74,True,
0,ok,True,103987064,False,False,DONE,,,0,ae6389ff8b12ee51a0e0ad92b97234f1cdb36cebbd24964d44037f16ee1f4301,no_explicit_terminal_engine_result,26,EpisodeState.COMPLETED,-1,18,55491846,loss,True,50,0,True,loss,/private/tmp/kaggle_eps/55565424/replays/episode-103987064-replay.json,-1,c52ad19a6abf30f7ec209cab7afc78a8319ff3a8107b44c33f53447380d817c7,226,47,55565424,reached,19,True,False,1,1,29,23,3,3,8,21,3,10,164,True,,ended_before,,,,,,,,,,,,,,,,29,reached,9,True,False,1,1,47,38,3,6,6,35,5,5,63,True,
0,ok,True,103975045,True,True,DONE,,,0,3fbda1c21c1e1f0c093d796c36bd1785663bc5e02656f185396121428ec085cc,no_explicit_terminal_engine_result,22,EpisodeState.COMPLETED,1,5,54234099,win,False,34,1,True,win,/private/tmp/kaggle_eps/55565424/replays/episode-103975045-replay.json,1,e234f147517f683429c6a34ab312d1c18a5980daaaa202a8f02e8eac0c1e791c,135,23,55565424,reached,20,True,False,1,1,11,1,5,5,9,19,2,10,124,True,,ended_before,,,,,,,,,,,,,,,,30,reached,10,False,False,1,1,40,33,2,5,16,30,5,5,64,False,
0,ok,True,103963468,True,True,DONE,,,0,aa96581f8cf511b646263e97e14aaf68b00ad59e2b8d2e189f91cb20836f96b4,no_explicit_terminal_engine_result,25,EpisodeState.COMPLETED,1,11,54863413,win,True,49,0,True,win,/private/tmp/kaggle_eps/55565424/replays/episode-103963468-replay.json,1,81b8c380881be959771ea1e4bc75a6e4862cf323704f3ed1a8d339c331f118ef,146,39,55565424,reached,19,True,False,1,1,29,8,17,4,5,14,6,10,113,True,,ended_before,,,,,,,,,,,,,,,,29,reached,9,True,False,1,1,45,28,13,4,8,26,6,5,67,True,
0,ok,True,103951936,False,False,DONE,,,1,1fe7fcb536bd99df52b2772d94ef15579cf6ce11591c3e2723124526c756609b,no_explicit_terminal_engine_result,17,EpisodeState.COMPLETED,1,21,55471115,win,True,32,1,True,win,/private/tmp/kaggle_eps/55565424/replays/episode-103951936-replay.json,1,50d1af24af2d9bcda3d4954246112e8c56c77ca9e49252f1a667427862013a86,122,28,55565424,ended_before,,,,,,,,,,,,,,,,19,ended_before,,,,,,,,,,,,,,,,29,reached,9,True,False,1,1,30,12,14,4,5,34,6,5,85,True,
0,ok,True,103944781,False,False,DONE,,,0,b71381554a6efed72264a6150e5eaba61cbf5c4aa855eb2e5c4a607f2953494c,no_explicit_terminal_engine_result,16,EpisodeState.COMPLETED,1,25,55527243,win,False,35,1,True,win,/private/tmp/kaggle_eps/55565424/replays/episode-103944781-replay.json,1,7e2264110f7eae065dec3ee51516e3063931800244ce8014fc4f78ba69d72eb0,108,28,55565424,ended_before,,,,,,,,,,,,,,,,20,ended_before,,,,,,,,,,,,,,,,30,reached,10,False,False,1,1,30,7,18,5,19,16,6,5,89,False,
0,ok,True,103941523,True,True,DONE,,,1,d5ec0e1b40cb9a049e3485dbf3698a3917475887f88611e4a311226eaaec811b,no_explicit_terminal_engine_result,28,EpisodeState.COMPLETED,-1,14,55161367,loss,True,45,1,True,loss,/private/tmp/kaggle_eps/55565424/replays/episode-103941523-replay.json,-1,edb07a8e0c35742b274027f230f77f24a8fc6e8afdb8d099b6c29c2e82c0c5c1,121,42,55565424,reached,19,True,False,1,1,28,17,8,3,5,20,6,10,89,True,,ended_before,,,,,,,,,,,,,,,,29,reached,9,True,False,1,1,35,25,5,5,10,26,6,5,63,True,
0,ok,True,103932050,False,False,DONE,,,0,9b2c048f0ffb41504cc0dd567d45a5db0d5f340bc80fdcc8e6e6cbc698811a58,no_explicit_terminal_engine_result,23,EpisodeState.COMPLETED,-1,24,55396412,loss,False,33,1,True,loss,/private/tmp/kaggle_eps/55565424/replays/episode-103932050-replay.json,-1,48591f0d588d7400582f7c58c220107f1515b4d5f27d4e86319d2e8ab7b9604f,116,32,55565424,reached,20,True,False,1,1,31,16,12,3,2,15,6,10,95,True,,ended_before,,,,,,,,,,,,,,,,30,reached,10,True,False,1,1,42,27,9,6,9,33,6,5,55,True,
0,ok,True,103927363,False,False,DONE,,,0,0d4a9e2f727021ab9919380ce19df7f130e408de311b916b9f9713ec0b4cdb09,no_explicit_terminal_engine_result,14,EpisodeState.COMPLETED,1,28,54608460,win,False,26,1,True,win,/private/tmp/kaggle_eps/55565424/replays/episode-103927363-replay.json,1,28b18ddb821fbd76b53089d667338b7ec0ecc09ee4ed862839e0bf1ddb3343d8,62,22,55565424,ended_before,,,,,,,,,,,,,,,,20,ended_before,,,,,,,,,,,,,,,,30,reached,10,False,False,1,1,40,30,4,6,16,29,4,5,47,False,
0,ok,True,103915779,True,True,DONE,,,0,67f5773e491a6b0218652920a7c7dc922f3e910e97b0371471b057b1296de49c,no_explicit_terminal_engine_result,20,EpisodeState.COMPLETED,1,12,55503009,win,False,37,1,True,win,/private/tmp/kaggle_eps/55565424/replays/episode-103915779-replay.json,1,9ca2b45b9fa3d25fe7e48c80d8c575cfc4a0d83d3d9e08b31ddbcb0b832b89f5,176,31,55565424,reached,20,False,False,1,1,12,3,5,4,15,21,1,10,170,False,,ended_before,,,,,,,,,,,,,,,,30,reached,10,True,False,1,1,31,23,2,6,10,33,4,5,87,True,
0,ok,True,103912616,False,False,DONE,,,0,3352dac50210d5fd085c475ebfa8ad2e94b1532b05ee394116e020a331ce0d27,no_explicit_terminal_engine_result,20,EpisodeState.COMPLETED,1,21,55553659,win,False,36,1,True,win,/private/tmp/kaggle_eps/55565424/replays/episode-103912616-replay.json,1,c52011f1a1d5fca4704316c31fcc6f8e580482da4d1fa3ed38e05f2f2627aa97,187,31,55565424,reached,20,True,False,1,1,21,9,7,5,9,19,1,10,184,True,,ended_before,,,,,,,,,,,,,,,,30,reached,10,True,False,1,1,26,19,1,6,10,29,4,5,102,True,
0,ok,True,103901019,True,True,DONE,,,0,a6a31d212b27cdc11adb3110d884f893d659a14a36395cf80c7e06b8f57c8ea2,no_explicit_terminal_engine_result,25,EpisodeState.COMPLETED,1,14,55417605,win,True,48,0,True,win,/private/tmp/kaggle_eps/55565424/replays/episode-103901019-replay.json,1,11e5a7fb5af67666bf26e2fc229bfab51b19840e5386eec508a1f39bbfa2d049,216,45,55565424,reached,19,True,False,1,1,18,7,7,4,12,24,3,10,171,True,,ended_before,,,,,,,,,,,,,,,,29,reached,9,True,False,1,1,28,16,7,5,11,32,6,5,83,True,
0,ok,True,103889437,False,False,DONE,,,1,efbdaa6589589dbdb74b0354f929221a3c2897187dc0ec3f2be82334cbc18f9e,no_explicit_terminal_engine_result,27,EpisodeState.COMPLETED,1,20,55259090,win,True,35,1,True,win,/private/tmp/kaggle_eps/55565424/replays/episode-103889437-replay.json,1,322e88bb0afc8250270a3dab1d98d5a9e4b07f200f881ebc7cf6df78e9102e5c,88,31,55565424,reached,19,True,False,1,1,26,10,10,6,11,22,6,10,74,True,,ended_before,,,,,,,,,,,,,,,,29,reached,9,True,False,1,1,46,36,4,6,8,34,6,5,38,True,
0,ok,True,103877863,True,True,DONE,,,0,304e6e4ac96b13c3cfaa4e7070438180aad544dfd419f74d4c63aef8cc56d988,no_explicit_terminal_engine_result,25,EpisodeState.COMPLETED,-1,10,55554008,loss,False,40,1,True,loss,/private/tmp/kaggle_eps/55565424/replays/episode-103877863-replay.json,-1,2f2778bd16942c4a12a113f0bd48ed73da2090d9d259e47ef2a6650e0a6b6000,161,39,55565424,reached,20,True,False,1,1,13,7,4,2,5,25,3,10,131,True,,ended_before,,,,,,,,,,,,,,,,30,reached,10,True,False,1,1,32,23,4,5,5,31,6,5,81,True,
0,ok,True,103872229,False,False,DONE,,,0,121776c4981f6424d46c372d6d9f97ac1b81cf7ac1df413c13dc74ae969ef03a,no_explicit_terminal_engine_result,23,EpisodeState.COMPLETED,1,26,55455946,win,True,44,0,True,win,/private/tmp/kaggle_eps/55565424/replays/episode-103872229-replay.json,1,6cbac74a6f2ebcd95822ddf306bf9b2b2008b1f51ecd71fc63837e0dc7ba2ac7,136,35,55565424,reached,19,True,False,1,1,28,8,16,4,9,12,6,10,125,True,,ended_before,,,,,,,,,,,,,,,,29,reached,9,True,False,1,1,38,19,13,6,9,28,6,5,76,True,
0,ok,True,103869841,True,True,DONE,,,0,66efe153896a3e3ee82a5479b1ebf68a935d002a508f0d16d7ac8d07bb9e03f4,no_explicit_terminal_engine_result,41,EpisodeState.COMPLETED,1,11,55565675,win,True,57,0,True,win,/private/tmp/kaggle_eps/55565424/replays/episode-103869841-replay.json,1,0fbbe75fb8dc8a1b509604f1c9747ac4400285552065863be973f7c0fe7bc806,184,55,55565424,reached,19,True,False,1,1,30,21,6,3,7,12,6,10,120,True,,reached,29,True,False,1,1,17,11,4,2,5,7,5,15,150,True,,reached,9,True,False,1,1,38,26,6,6,5,26,6,5,66,True,
0,ok,True,103867390,False,False,DONE,,,0,2e549f4efa3518ca960042f4b7389edc56c545e13afcf8df16e0d23410ae5b83,no_explicit_terminal_engine_result,13,EpisodeState.COMPLETED,-1,49,55293703,loss,False,27,1,True,loss,/private/tmp/kaggle_eps/55565424/replays/episode-103867390-replay.json,-1,116dd5ba8178223bdb657e2549862d6dc38a102847a5ed33252880ef2932467f,70,25,55565424,ended_before,,,,,,,,,,,,,,,,20,ended_before,,,,,,,,,,,,,,,,30,reached,10,True,False,1,1,49,31,15,3,3,25,6,5,57,True,
0,ok,True,103867088,True,True,DONE,,,0,e5aef90bb8a07aaa41140390a6e09e29590e6a61efeaac9515c9c94ad2d619ad,no_explicit_terminal_engine_result,20,EpisodeState.COMPLETED,1,5,54031983,win,False,47,1,True,win,/private/tmp/kaggle_eps/55565424/replays/episode-103867088-replay.json,1,90100dc38293b8b6ee2e78adea6628bdaae7c98af8076e7339c988d32a302160,172,44,55565424,reached,20,True,False,1,1,5,0,3,2,7,6,5,10,167,True,,ended_before,,,,,,,,,,,,,,,,30,reached,10,True,False,1,1,33,24,4,5,8,19,6,5,74,True,
0,ok,True,103862365,False,False,DONE,,,0,40644ca1ffee7236a052c687e50fce14f3e3d0f4470b91be9a76c7651a4e8c00,no_explicit_terminal_engine_result,13,EpisodeState.COMPLETED,-1,29,55287505,loss,False,21,1,True,loss,/private/tmp/kaggle_eps/55565424/replays/episode-103862365-replay.json,-1,45cd45dff1c0eac30b599acf2aa70a8633478948a0eb83bc1d3f4eedd2348e4c,113,19,55565424,ended_before,,,,,,,,,,,,,,,,20,ended_before,,,,,,,,,,,,,,,,30,reached,10,True,False,1,1,33,14,17,2,2,29,6,5,87,True,
0,ok,True,103856849,False,False,DONE,,,0,093f8fd2638f4e46cf7e4120e4f9ffd4d783e624fc033b6b63e68446e6331a86,no_explicit_terminal_engine_result,25,EpisodeState.COMPLETED,1,17,55549946,win,True,37,0,True,win,/private/tmp/kaggle_eps/55565424/replays/episode-103856849-replay.json,1,a9978f39482a32c9c3ded34710850e0c74a3146026b38b0b0e90ff479d77e8d5,138,29,55565424,reached,19,True,False,1,1,20,7,10,3,9,27,5,10,129,True,,ended_before,,,,,,,,,,,,,,,,29,reached,9,True,False,1,1,38,24,10,4,12,34,6,5,72,True,
0,ok,True,103845343,False,False,DONE,,,1,c3309c877597fcea2e1066c0dc8ac8e02173b97b0ff20b249e9aef6d128a083a,no_explicit_terminal_engine_result,27,EpisodeState.COMPLETED,1,21,55565471,win,True,43,1,True,win,/private/tmp/kaggle_eps/55565424/replays/episode-103845343-replay.json,1,10723e87eee49e15864625f65cecb1751d52ee8d13b875ffaff3ce7a1065aeac,139,40,55565424,reached,19,True,False,1,1,24,5,17,2,8,15,6,10,118,True,,ended_before,,,,,,,,,,,,,,,,29,reached,9,True,False,1,1,36,20,13,3,6,27,6,5,79,True,
0,ok,True,103842941,False,False,DONE,,,0,490eb8a02837234eeddd3ae6b9818cdeaba3d6eb65f7b1abebb3d1f93af3d27f,no_explicit_terminal_engine_result,23,EpisodeState.COMPLETED,-1,21,55520191,loss,False,40,1,True,loss,/private/tmp/kaggle_eps/55565424/replays/episode-103842941-replay.json,-1,a26687a4ab5b448d4d2d3157f05078f8ec2457e297fbbd96f856ef13f3a82d86,187,36,55565424,reached,20,True,False,1,1,26,14,8,4,12,16,5,10,145,True,,ended_before,,,,,,,,,,,,,,,,30,reached,10,True,False,1,1,34,23,5,6,11,28,5,5,83,True,
0,ok,True,103831399,False,False,DONE,,,0,16e3151cde9290e86ba21ee4941be37ad473660d6416fd49e62a2c6d2e0cc581,no_explicit_terminal_engine_result,24,EpisodeState.COMPLETED,1,28,55558253,win,True,37,0,True,win,/private/tmp/kaggle_eps/55565424/replays/episode-103831399-replay.json,1,05a517f3c0f39f47592692b7829bbfaaa5766a0e4355267113284bfd75f16f7c,120,29,55565424,reached,19,True,False,1,1,29,21,2,6,12,26,5,10,90,True,,ended_before,,,,,,,,,,,,,,,,29,reached,9,True,False,1,1,47,37,4,6,9,32,6,5,45,True,
0,ok,True,103819830,False,False,DONE,,,0,ff1d55843a627b14ee70ac6bc8e604a6052034e5237af63bc6e84d60ab294b67,no_explicit_terminal_engine_result,24,EpisodeState.COMPLETED,-1,29,55311132,loss,True,43,0,True,loss,/private/tmp/kaggle_eps/55565424/replays/episode-103819830-replay.json,-1,6ab15597f0f37616487347d9f5643c19d4df840658733d3f49be7795bfd46c3f,129,41,55565424,reached,19,True,False,1,1,31,25,4,2,11,17,6,10,106,True,,ended_before,,,,,,,,,,,,,,,,29,reached,9,True,False,1,1,40,28,9,3,5,38,6,5,65,True,
0,ok,True,103810068,True,True,DONE,,,0,6b71c6fff561232706f4bcaa911d977e94a5e0571c02c631950602ce63a2934b,no_explicit_terminal_engine_result,31,EpisodeState.COMPLETED,1,14,55228088,win,True,46,0,True,win,/private/tmp/kaggle_eps/55565424/replays/episode-103810068-replay.json,1,29bda3711241e257a913f38e0f5171e0690d37acb6e221968dffcfae6d897c67,152,43,55565424,reached,19,True,False,1,1,23,14,3,6,6,11,6,10,121,True,,reached,29,True,False,1,1,15,6,3,6,11,6,6,15,144,True,,reached,9,True,False,1,1,46,29,11,6,5,23,6,5,57,True,
0,ok,True,103804320,False,False,DONE,,,0,931c2741a95d93c3991013b00c5b948b01672b9b1cd2fd12564ab1789fbab68c,no_explicit_terminal_engine_result,4,EpisodeState.COMPLETED,-1,53,55553226,loss,True,5,0,True,loss,/private/tmp/kaggle_eps/55565424/replays/episode-103804320-replay.json,-1,1c1c0e654bd5ff5455437c56faee111ff3e31aa56c67177f9c08d03a984330f1,45,5,55565424,ended_before,,,,,,,,,,,,,,,,19,ended_before,,,,,,,,,,,,,,,,29,ended_before,,,,,,,,,,,,,,,,9
0,ok,True,103791961,True,True,DONE,,,0,89f98a98e85981ef78194f6d6054e9aee6eb400a50df0eed42e80707e33e90dc,no_explicit_terminal_engine_result,38,EpisodeState.COMPLETED,1,9,55557234,win,False,55,1,True,win,/private/tmp/kaggle_eps/55565424/replays/episode-103791961-replay.json,1,90bc3517ba82f8c1f4e36e253daa77064f694e29b4ecdf4c3486cd9dd427f3a4,170,46,55565424,reached,20,False,False,1,1,24,16,3,5,1,14,6,10,113,False,,reached,30,True,False,1,1,12,5,2,5,5,9,5,15,147,True,,reached,10,False,False,1,1,38,27,6,5,18,19,6,5,66,False,
0,ok,True,103792230,True,True,DONE,,,0,6358fc31d11a65c2d4bf0a2dfd3848a51f19af67c65351a5124f521ccd0d10e5,no_explicit_terminal_engine_result,27,EpisodeState.COMPLETED,-1,9,54290046,loss,False,43,1,True,loss,/private/tmp/kaggle_eps/55565424/replays/episode-103792230-replay.json,-1,faa024e9a9dc24e3d617baca5fde33d82078ede50c642e1c23c6f7a55d5f9d94,156,39,55565424,reached,20,True,False,1,1,32,23,7,2,6,34,5,10,90,True,,ended_before,,,,,,,,,,,,,,,,30,reached,10,True,False,1,1,46,40,1,5,3,42,6,5,44,True,
0,ok,True,103780641,False,False,DONE,,,0,1778b7d06e9fe507ed3c506a5f3afe0fd95f0a3d506400e63df9a9684c09f901,no_explicit_terminal_engine_result,18,EpisodeState.COMPLETED,1,27,55541651,win,False,33,1,True,win,/private/tmp/kaggle_eps/55565424/replays/episode-103780641-replay.json,1,d836219cf9296aa1cf4127af6d137785cedf9c7b2722719fc22a28d7df23c98c,140,19,55565424,ended_before,,,,,,,,,,,,,,,,20,ended_before,,,,,,,,,,,,,,,,30,reached,10,False,False,1,1,38,30,3,5,17,38,4,5,71,False,
0,ok,True,103776244,False,False,DONE,,,0,e8458877fc99c6c148114c981f6d422088a3eeb9f3257d9d292bbb711b588216,no_explicit_terminal_engine_result,21,EpisodeState.COMPLETED,1,21,54936454,win,True,46,0,True,win,/private/tmp/kaggle_eps/55565424/replays/episode-103776244-replay.json,1,75628ba53548b2ca12ff45587429059e21f0f665eceefbc3c5e6eb2b9ca00dc1,116,39,55565424,reached,19,False,False,1,1,21,5,14,2,13,6,6,10,104,False,,ended_before,,,,,,,,,,,,,,,,29,reached,9,False,False,1,1,31,15,12,4,13,24,6,5,67,False,
0,ok,True,103764710,True,True,DONE,,,0,d97e8b73a55baab3806773cffd6f4b37f00a6c1ed514743c89bb5588619a838d,no_explicit_terminal_engine_result,23,EpisodeState.COMPLETED,1,7,55558117,win,True,33,0,True,win,/private/tmp/kaggle_eps/55565424/replays/episode-103764710-replay.json,1,bedfec83cbb6a03c3690ec3af936feaea4b4f485ea0d62f8f6413a56c1bfed8c,158,31,55565424,reached,19,True,False,1,1,7,2,1,4,7,21,6,10,148,True,,ended_before,,,,,,,,,,,,,,,,29,reached,9,True,False,1,1,39,25,10,4,6,28,6,5,66,True,
0,ok,True,103753139,False,False,DONE,,,0,6d049a8c7fdae11e0416e6e8ddda455452edbccb3d087e5bca5382788826f9ec,no_explicit_terminal_engine_result,17,EpisodeState.COMPLETED,1,22,55557196,win,True,26,0,True,win,/private/tmp/kaggle_eps/55565424/replays/episode-103753139-replay.json,1,f6485642933bf568834d3005e66f6cf3a01752795414381f9113db755a7904dd,131,21,55565424,ended_before,,,,,,,,,,,,,,,,19,ended_before,,,,,,,,,,,,,,,,29,reached,9,True,False,1,1,38,28,4,6,8,39,6,5,62,True,
0,ok,True,103741098,False,False,DONE,,,0,a4ecd26896d7c37b4deabb3ad94c27ae53d6db6a49d63bdeee7eb518caba9d7c,no_explicit_terminal_engine_result,12,EpisodeState.COMPLETED,-1,28,55554859,loss,True,16,0,True,loss,/private/tmp/kaggle_eps/55565424/replays/episode-103741098-replay.json,-1,9b4388d9dfd3b978c27f38270363beb9170d9c0754ee648205fd6c4b5a7f88b6,122,16,55565424,ended_before,,,,,,,,,,,,,,,,19,ended_before,,,,,,,,,,,,,,,,29,reached,9,True,False,1,1,30,16,8,6,8,42,6,5,81,True,
0,ok,True,103729511,True,True,DONE,,,0,35df3b837500a789a98b4578b460b813d97a4cd80656d0cb39c11855ce10369d,no_explicit_terminal_engine_result,22,EpisodeState.COMPLETED,1,7,55565713,win,False,53,1,True,win,/private/tmp/kaggle_eps/55565424/replays/episode-103729511-replay.json,1,f9b69d0f11e9e0c10d1b25f714d9359b7e3da95de7a658c2786b5b9e4039bc2b,234,50,55565424,reached,20,True,False,1,1,8,4,3,1,9,11,1,10,214,True,,ended_before,,,,,,,,,,,,,,,,30,reached,10,True,False,1,1,30,20,7,3,7,27,4,5,114,True,
0,ok,True,103718703,False,False,DONE,,,0,e2fe164d12ecfd88630642bebfeca90fa845106ce17589ebdea80fd560746dfc,no_explicit_terminal_engine_result,13,EpisodeState.COMPLETED,-1,29,55315695,loss,False,26,1,True,loss,/private/tmp/kaggle_eps/55565424/replays/episode-103718703-replay.json,-1,3ba370e0270382db7268dbeb728652df71601009745ef1856a874533cba7baa6,154,21,55565424,ended_before,,,,,,,,,,,,,,,,20,ended_before,,,,,,,,,,,,,,,,30,reached,10,True,False,1,1,29,19,6,4,9,27,5,5,118,True,
0,ok,True,103712926,False,False,DONE,,,0,8578affa1947628a66c056f4fca708966190b58c58eb51ad76ae040be104c73f,no_explicit_terminal_engine_result,30,EpisodeState.COMPLETED,1,16,55341170,win,False,44,1,True,win,/private/tmp/kaggle_eps/55565424/replays/episode-103712926-replay.json,1,b470685a82d4d463818121ca01359860c927237be36dcc3e296a78f1ae2f943e,187,38,55565424,reached,20,False,False,1,1,22,9,7,6,19,24,5,10,131,False,,reached,30,False,False,1,1,16,4,6,6,17,16,1,15,184,False,,reached,10,True,False,1,1,30,18,6,6,4,36,6,5,85,True,
0,ok,True,103701363,False,False,DONE,,,0,7eca1fa3cb397b1de28b7aa80f9c4251ac66436e643a63cf3b10f14a429837b2,no_explicit_terminal_engine_result,15,EpisodeState.COMPLETED,1,27,55563385,win,True,25,0,True,win,/private/tmp/kaggle_eps/55565424/replays/episode-103701363-replay.json,1,8e44dd100769ac681ccf7ff3f5474d3d50051ad30e1e300835c2fd9cafe442bb,121,17,55565424,ended_before,,,,,,,,,,,,,,,,19,ended_before,,,,,,,,,,,,,,,,29,reached,9,True,False,1,1,32,21,5,6,10,29,4,5,76,True,
0,ok,True,103689373,False,False,DONE,,,1,7ef45a77db8ff1d08459e41a2c50d43479636f81d64a0f6d5793e712622b4a58,no_explicit_terminal_engine_result,10,EpisodeState.COMPLETED,-1,35,55564531,loss,True,14,1,True,loss,/private/tmp/kaggle_eps/55565424/replays/episode-103689373-replay.json,-1,759619ffc098b75e666b4e5c8454d4623369bf7abca6169aaa2c90de82f5d982,91,12,55565424,ended_before,,,,,,,,,,,,,,,,19,ended_before,,,,,,,,,,,,,,,,29,reached,9,True,False,1,1,35,26,4,5,3,38,5,5,78,True,
0,ok,True,103677821,False,False,DONE,,,0,d2e286002478700ea2339297efdf354c0d3923a7517f6e452253ed75b0f0662c,no_explicit_terminal_engine_result,22,EpisodeState.COMPLETED,-1,15,55552825,loss,True,45,0,True,loss,/private/tmp/kaggle_eps/55565424/replays/episode-103677821-replay.json,-1,71b4764a40ddd951d6671abef8600330b3922af1d8f36d6232d6bb445869c75b,198,37,55565424,reached,19,True,False,1,1,18,7,7,4,5,12,6,10,150,True,,ended_before,,,,,,,,,,,,,,,,29,reached,9,True,False,1,1,43,34,3,6,3,30,6,5,55,True,
0,ok,True,103674732,True,True,DONE,,,1,d31583d511cbb1952f8c1812a7d55a833a7303ab79deb16f8dbbdc91d58acdb7,no_explicit_terminal_engine_result,19,EpisodeState.COMPLETED,1,9,55131357,win,True,40,1,True,win,/private/tmp/kaggle_eps/55565424/replays/episode-103674732-replay.json,1,1d324884318a4e84429b52d52a44cc386d46d4227c5a069f4a72ccc9878ab708,111,29,55565424,reached,19,False,False,1,1,9,0,3,6,15,10,6,10,104,False,,ended_before,,,,,,,,,,,,,,,,29,reached,9,True,False,1,1,25,12,7,6,10,33,6,5,55,True,
0,ok,True,103662647,False,False,DONE,,,0,6bd7ebfdca0a3692ecd53023a9d5d36448ce866a2940a634a29b0afa937eb695,no_explicit_terminal_engine_result,26,EpisodeState.COMPLETED,1,22,55550445,win,False,44,1,True,win,/private/tmp/kaggle_eps/55565424/replays/episode-103662647-replay.json,1,87719653c51ab364354858a9877e3964774a72170a1697335324cf6fac8ab5af,145,41,55565424,reached,20,True,False,1,1,25,10,13,2,11,12,6,10,131,True,,ended_before,,,,,,,,,,,,,,,,30,reached,10,False,False,1,1,43,28,9,6,16,24,6,5,59,False,
0,ok,True,103658040,False,False,DONE,,,0,c33cf99bc45d40eb9f6342e050f9e5a4f4330ca3f1ce331ade6e7a5c57dcc146,no_explicit_terminal_engine_result,35,EpisodeState.COMPLETED,1,18,54289210,win,True,42,0,True,win,/private/tmp/kaggle_eps/55565424/replays/episode-103658040-replay.json,1,1a741bdad7377af39b762ce4b843bb9123af907975da299a0bb9a2a3ecbfa6fa,115,37,55565424,reached,19,True,False,1,1,29,18,5,6,12,14,6,10,72,True,,reached,29,True,False,1,1,20,7,7,6,8,7,6,15,98,True,,reached,9,True,False,1,1,44,34,4,6,5,32,6,5,42,True,
0,ok,True,103646451,True,True,DONE,,,1,ab584b1c2d49ae7dbfaf4dece80bb4b6841aa1aa8a2574456334bc64bd1f7e92,no_explicit_terminal_engine_result,23,EpisodeState.COMPLETED,1,12,55118802,win,True,25,1,True,win,/private/tmp/kaggle_eps/55565424/replays/episode-103646451-replay.json,1,a673dce00dc6e350c2356a969e0acd1ccd5e85176fdd1a45d827b0c577a6ac43,81,24,55565424,reached,19,True,False,1,1,16,5,6,5,6,33,6,10,72,True,,ended_before,,,,,,,,,,,,,,,,29,reached,9,True,False,1,1,26,15,6,5,3,38,6,5,56,True,
0,ok,True,103645897,False,False,DONE,,,1,9f0a66aa2b117628f01866ee5e36a1ac0182ac7dadd88153ed212d9ca7915104,no_explicit_terminal_engine_result,14,EpisodeState.COMPLETED,-1,22,55522701,loss,True,30,1,True,loss,/private/tmp/kaggle_eps/55565424/replays/episode-103645897-replay.json,-1,53fd4e09ad3c07786a47a2ea68b3766810dd45a4a2bff8fd8ff4e1a49b47ded4,127,29,55565424,ended_before,,,,,,,,,,,,,,,,19,ended_before,,,,,,,,,,,,,,,,29,reached,9,True,False,1,1,30,19,8,3,2,30,6,5,74,True,
0,ok,True,103634870,False,False,DONE,,,0,0b82b33c5dcd55fc127bb31bc0baa4b5a98dab7d37d957ecedcc6e18d172b6ae,no_explicit_terminal_engine_result,16,EpisodeState.COMPLETED,-1,26,54217476,loss,True,33,0,True,loss,/private/tmp/kaggle_eps/55565424/replays/episode-103634870-replay.json,-1,c326a34059eb3d0583fb302d547bf90d3898e29366066138726e56cb151cdd6b,167,27,55565424,ended_before,,,,,,,,,,,,,,,,19,ended_before,,,,,,,,,,,,,,,,29,reached,9,False,False,1,1,37,14,19,4,15,31,6,5,94,False,
0,ok,True,103626828,True,True,DONE,,,0,5f80ca84a5d05a7193a24ac1cd25d4e9b1871da128d4ebed39292429d576a1b7,no_explicit_terminal_engine_result,18,EpisodeState.COMPLETED,1,11,54345073,win,False,28,1,True,win,/private/tmp/kaggle_eps/55565424/replays/episode-103626828-replay.json,1,e49f05912ccc1d95c8ef8791e1186311c4fd5c7d3242ef0bae0580e0c68f477d,106,26,55565424,ended_before,,,,,,,,,,,,,,,,20,ended_before,,,,,,,,,,,,,,,,30,reached,10,True,False,1,1,35,26,3,6,7,35,6,5,57,True,
0,ok,True,103622327,True,True,DONE,,,1,0008f6ec80d842024bf7d8b728f6951ec52edca46990de8a7e957c243509c0c6,no_explicit_terminal_engine_result,24,EpisodeState.COMPLETED,-1,11,54360112,loss,True,39,1,True,loss,/private/tmp/kaggle_eps/55565424/replays/episode-103622327-replay.json,-1,28a79e91a2bed15e60d84dfee10755c880209e940d7136f2ad1bd63e95914f0b,214,37,55565424,reached,19,True,False,1,1,11,6,4,1,4,12,6,10,177,True,,ended_before,,,,,,,,,,,,,,,,29,reached,9,True,False,1,1,29,17,9,3,6,30,6,5,92,True,
0,ok,True,103610759,False,False,DONE,,,1,3eeea68dbdc10e8bef0396ef254e9d0e0389330f0597ba4158225dcb2383a800,no_explicit_terminal_engine_result,10,EpisodeState.COMPLETED,-1,33,55518294,loss,True,22,1,True,loss,/private/tmp/kaggle_eps/55565424/replays/episode-103610759-replay.json,-1,563e943ba9b038d95a155ed5514402c2042ff0e137405e7dc04a812d7efe4d2c,108,21,55565424,ended_before,,,,,,,,,,,,,,,,19,ended_before,,,,,,,,,,,,,,,,29,reached,9,True,False,1,1,33,16,14,3,3,34,6,5,89,True,
0,ok,True,103599227,True,True,DONE,,,1,39983b09be75dd976c811cece3d5f83b3184caae04c6f21725d178a7923a25a3,no_explicit_terminal_engine_result,15,EpisodeState.COMPLETED,1,12,55540251,win,True,38,1,True,win,/private/tmp/kaggle_eps/55565424/replays/episode-103599227-replay.json,1,8758641f2567ea66fae83744938fbbf2e03f6a637de2191bc300cf90a6316be5,115,35,55565424,ended_before,,,,,,,,,,,,,,,,19,ended_before,,,,,,,,,,,,,,,,29,reached,9,True,False,1,1,28,10,13,5,12,18,6,5,88,True,
0,ok,True,103587644,False,False,DONE,,,0,c4bcea861bf678d85c8663951b2c65ab4979015cc25e7d064cf4893d4b9d3d2e,no_explicit_terminal_engine_result,24,EpisodeState.COMPLETED,1,25,55508308,win,False,29,1,True,win,/private/tmp/kaggle_eps/55565424/replays/episode-103587644-replay.json,1,cccc23061a2fc1f06722ea320efc354b9ac0f2fef0348626d3eb3febda4d6d2d,119,26,55565424,reached,20,True,False,1,1,29,4,19,6,5,33,6,10,99,True,,ended_before,,,,,,,,,,,,,,,,30,reached,10,True,False,1,1,34,11,17,6,2,38,6,5,76,True,
0,ok,True,103575584,True,True,DONE,,,0,8002999d429826aa4639f40cd02545004b650be9765ce9a7b1a5857342b9853f,no_explicit_terminal_engine_result,15,EpisodeState.COMPLETED,1,10,55550873,win,True,33,0,True,win,/private/tmp/kaggle_eps/55565424/replays/episode-103575584-replay.json,1,0afc6ac1e001176f5ac527ffe97e07a4be834e7d01575fc77886a839707bbd31,95,31,55565424,ended_before,,,,,,,,,,,,,,,,19,ended_before,,,,,,,,,,,,,,,,29,reached,9,True,False,1,1,22,13,5,4,5,28,6,5,63,True,
0,ok,True,103567725,True,True,DONE,,,0,5d9c00c1482ababed7f1f4dda0396088a32c4585c6f1eb55ccc966ce12bc0d16,no_explicit_terminal_engine_result,20,EpisodeState.COMPLETED,-1,12,55544999,loss,True,39,0,True,loss,/private/tmp/kaggle_eps/55565424/replays/episode-103567725-replay.json,-1,6a53dd0adff9ff09881f1fa603c603409b40477546bb27f7f48734ff8f24025d,121,35,55565424,reached,19,True,False,1,1,12,5,6,1,6,18,5,10,116,True,,ended_before,,,,,,,,,,,,,,,,29,reached,9,False,False,1,1,22,9,8,5,13,30,6,5,67,False,
0,ok,True,103555748,True,True,DONE,,,0,8be9d617f83c665139385afc350657597e215f8e29d1efc3b1232e756d40742b,no_explicit_terminal_engine_result,19,EpisodeState.COMPLETED,1,9,55408747,win,True,36,0,True,win,/private/tmp/kaggle_eps/55565424/replays/episode-103555748-replay.json,1,eceb8b3400d82202004c8c2d0d0e9bf1f463484aeb202deee86bc1b432fcdeab,108,34,55565424,reached,19,True,False,1,1,9,0,4,5,10,8,6,10,103,True,,ended_before,,,,,,,,,,,,,,,,29,reached,9,True,False,1,1,45,38,1,6,5,39,6,5,32,True,
0,ok,True,103543248,False,False,DONE,,,0,bed2d6822e6057bb206dadfb2fe6e40c9ae3e801a4377c198f87793213f0298b,no_explicit_terminal_engine_result,16,EpisodeState.COMPLETED,-1,31,55518134,loss,True,35,0,True,loss,/private/tmp/kaggle_eps/55565424/replays/episode-103543248-replay.json,-1,f545bfdd9090ab6c65f04e84a5c045dec0544ec02c099f4993f7b6eb89013e28,136,33,55565424,ended_before,,,,,,,,,,,,,,,,19,ended_before,,,,,,,,,,,,,,,,29,reached,9,True,False,1,1,38,25,7,6,10,25,6,5,74,True,
0,ok,True,103531279,True,True,DONE,,,0,ae036de0536b83f2e0e68caa220a83015c8dea788e759ba09955d65e2daf8737,no_explicit_terminal_engine_result,17,EpisodeState.COMPLETED,1,13,55565471,win,True,30,0,True,win,/private/tmp/kaggle_eps/55565424/replays/episode-103531279-replay.json,1,2921d6139d95545e1c650126c7e423fed30702dfc7557e2bcb84f4b85e61ff20,112,27,55565424,ended_before,,,,,,,,,,,,,,,,19,ended_before,,,,,,,,,,,,,,,,29,reached,9,True,False,1,1,20,8,8,4,5,33,6,5,89,True,
0,ok,True,103529828,False,False,DONE,,,0,41f6e791f63ef421c28701d2423b0b877860542d5ab45a7c42dfb70fc2cbc2ab,no_explicit_terminal_engine_result,18,EpisodeState.COMPLETED,1,24,55565649,win,False,24,1,True,win,/private/tmp/kaggle_eps/55565424/replays/episode-103529828-replay.json,1,392426c7f5c43720f63003eb47b5cc244d684ee748e30af1f6f378914dafb84c,91,23,55565424,ended_before,,,,,,,,,,,,,,,,20,ended_before,,,,,,,,,,,,,,,,30,reached,10,True,False,1,1,34,12,16,6,7,32,6,5,63,True,
0,ok,True,103519737,False,False,DONE,,,0,65f3509e0bfe2e52ec61c6e313230d5c60f874a6e57b81fd7f6aeb03a498a2d8,no_explicit_terminal_engine_result,16,EpisodeState.COMPLETED,-1,26,55555493,loss,True,39,0,True,loss,/private/tmp/kaggle_eps/55565424/replays/episode-103519737-replay.json,-1,6a25ff01756902c02438bef321f584d76f3451b2bfb73de4f583967e8d378a9d,156,37,55565424,ended_before,,,,,,,,,,,,,,,,19,ended_before,,,,,,,,,,,,,,,,29,reached,9,True,False,1,1,33,23,6,4,10,19,4,5,98,True,
0,ok,True,103514335,False,False,DONE,,,0,766492b065e406d2d2562ecfa90ddfcb583e22cfac3a224ea19e4e2394778767,no_explicit_terminal_engine_result,8,EpisodeState.COMPLETED,-1,28,55359957,loss,True,13,0,True,loss,/private/tmp/kaggle_eps/55565424/replays/episode-103514335-replay.json,-1,316d68995834f06623553130d316f473beb0e9038ae58be054ca9bd2f7692f09,87,13,55565424,ended_before,,,,,,,,,,,,,,,,19,ended_before,,,,,,,,,,,,,,,,29,ended_before,,,,,,,,,,,,,,,,9
0,ok,True,103512958,False,False,DONE,,,0,386347b12c0b4cac9589ce3e7148215d1b5b7f43ce5d152b9d89ac93f50707b9,no_explicit_terminal_engine_result,19,EpisodeState.COMPLETED,-1,15,55551682,loss,False,36,1,True,loss,/private/tmp/kaggle_eps/55565424/replays/episode-103512958-replay.json,-1,49691736f62caa6a92e91cafd5a6ab16ac2b89857f11f60f9ce8af3478c7e50c,192,33,55565424,ended_before,,,,,,,,,,,,,,,,20,ended_before,,,,,,,,,,,,,,,,30,reached,10,True,False,1,1,34,22,7,5,9,18,5,5,96,True,
0,ok,True,103501363,True,True,DONE,,,0,cdc56f40ccd666aad106d8f2eb60de74b1f8553de9ff8f24ea2dc10cefcf299c,no_explicit_terminal_engine_result,29,EpisodeState.COMPLETED,1,13,55081051,win,True,40,0,True,win,/private/tmp/kaggle_eps/55565424/replays/episode-103501363-replay.json,1,ca875d07c8856b6eb54539dc0df505ea37b06dcd8199c2bccdc69ef419d75807,118,39,55565424,reached,19,True,False,1,1,20,12,3,5,5,28,6,10,94,True,,reached,29,True,False,1,1,13,2,6,5,6,23,6,15,114,True,,reached,9,True,False,1,1,49,38,5,6,11,33,6,5,41,True,
0,ok,True,103494457,False,False,DONE,,,0,30521287f16c68c094b62eb7d19daa4c5bd59fd21067fdbc800f6a8336b86fe2,no_explicit_terminal_engine_result,21,EpisodeState.COMPLETED,1,16,55558879,win,True,45,0,True,win,/private/tmp/kaggle_eps/55565424/replays/episode-103494457-replay.json,1,26344fa4aa971e0eac077e06cc6667bf59bef850098184b81b47dff1244f3c0d,194,38,55565424,reached,19,True,False,1,1,18,8,7,3,9,13,2,10,177,True,,ended_before,,,,,,,,,,,,,,,,29,reached,9,True,False,1,1,28,15,7,6,8,32,4,5,91,True,
0,ok,True,103482911,False,False,DONE,,,0,df77a567e53f4f9550750012011cd42813ed55b5e5ef4ce4c3c9625ab82485df,no_explicit_terminal_engine_result,21,EpisodeState.COMPLETED,1,17,55415014,win,True,34,0,True,win,/private/tmp/kaggle_eps/55565424/replays/episode-103482911-replay.json,1,d878b3b0552b02664fbf5012c85197430bb94ae3e51082b41581308f228ea64d,120,30,55565424,reached,19,True,False,1,1,18,2,12,4,5,13,6,10,112,True,,ended_before,,,,,,,,,,,,,,,,29,reached,9,False,False,1,1,37,19,12,6,14,19,6,5,63,False,
0,ok,True,103470870,False,False,DONE,,,0,d217900fc3c8a8c1da5870dc6fe0734d351978b4890ee0aa0dd8db42f940f709,no_explicit_terminal_engine_result,22,EpisodeState.COMPLETED,1,16,55514104,win,False,44,1,True,win,/private/tmp/kaggle_eps/55565424/replays/episode-103470870-replay.json,1,71e9041d07f5cfd16268c35310e9aeea4b713e55fae9af611ab1eccef65e215b,127,37,55565424,reached,20,False,False,1,1,17,6,7,4,14,11,6,10,121,False,,ended_before,,,,,,,,,,,,,,,,30,reached,10,True,False,1,1,26,18,4,4,7,28,6,5,76,True,
0,ok,True,103459336,False,False,DONE,,,0,fa07e702cd14a9c72f6eaecf79c44eed069380d859acb54b17fad3ea5e03fe24,no_explicit_terminal_engine_result,14,EpisodeState.COMPLETED,1,34,54777973,win,False,23,1,True,win,/private/tmp/kaggle_eps/55565424/replays/episode-103459336-replay.json,1,ef96fe3f2943179c502a2a66a697bddbc3af2cab93594f17d61957e9278cc45d,88,18,55565424,ended_before,,,,,,,,,,,,,,,,20,ended_before,,,,,,,,,,,,,,,,30,reached,10,False,False,1,1,42,33,3,6,15,32,5,5,66,False,
0,ok,True,103455097,False,False,DONE,,,0,325be4324ff03b95849c5b8f2644336a14803889fc834247a6d6fa42e5024be5,no_explicit_terminal_engine_result,15,EpisodeState.COMPLETED,1,35,55536576,win,True,30,0,True,win,/private/tmp/kaggle_eps/55565424/replays/episode-103455097-replay.json,1,823a89d7f36998f5fba5230068a09e157c85191b6acbdb2d3ec7ec6c563ada1d,103,21,55565424,ended_before,,,,,,,,,,,,,,,,19,ended_before,,,,,,,,,,,,,,,,29,reached,9,False,False,1,1,40,30,4,6,14,28,4,5,65,False,
0,ok,True,103453343,False,False,DONE,,,0,d8cf631c981d37ee856678f6a36efd405e37b515658359005150c4e812455ee0,no_explicit_terminal_engine_result,12,EpisodeState.COMPLETED,-1,22,55524362,loss,True,27,0,True,loss,/private/tmp/kaggle_eps/55565424/replays/episode-103453343-replay.json,-1,8ba3870195e275730ad28920245d29957c156bda23ade29bf937475eb2eb1168,99,27,55565424,ended_before,,,,,,,,,,,,,,,,19,ended_before,,,,,,,,,,,,,,,,29,reached,9,True,False,1,1,30,18,9,3,6,23,6,5,81,True,
0,ok,True,103450438,False,False,DONE,,,0,8e3460bbaa480f882437b82433abaf36874c208e4896f6448fe8bf1d12785f34,no_explicit_terminal_engine_result,16,EpisodeState.COMPLETED,-1,19,55513432,loss,True,40,0,True,loss,/private/tmp/kaggle_eps/55565424/replays/episode-103450438-replay.json,-1,fba7b8a9829ed7a6afcd94e1d696404c8f3a8a2128164f7dcbeb486d2d951a61,142,29,55565424,ended_before,,,,,,,,,,,,,,,,19,ended_before,,,,,,,,,,,,,,,,29,reached,9,True,False,1,1,27,13,10,4,11,28,6,5,90,True,
0,ok,True,103441739,False,False,DONE,,,1,00e381fbd617cf5a8f2884c9c83a124e3410017d80d96dcf8ae46900200b32e4,no_explicit_terminal_engine_result,2,EpisodeState.COMPLETED,-1,59,55520678,loss,True,4,1,True,loss,/private/tmp/kaggle_eps/55565424/replays/episode-103441739-replay.json,-1,f721aab75741b911fcc9148a89a7ddde1850a5352bfeed0da4d76cd8d404a1df,25,3,55565424,ended_before,,,,,,,,,,,,,,,,19,ended_before,,,,,,,,,,,,,,,,29,ended_before,,,,,,,,,,,,,,,,9
0,ok,True,103430747,False,False,DONE,,,0,7927a427be5f75e32ee70138e6bd1168cc4d0772106471f5ddb9043c576f5685,no_explicit_terminal_engine_result,21,EpisodeState.COMPLETED,1,15,55372144,win,True,37,0,True,win,/private/tmp/kaggle_eps/55565424/replays/episode-103430747-replay.json,1,9d12bfaee6ba6736ace2c607966930f1530e4198ccdc7f082d8771201eedd6de,108,34,55565424,reached,19,True,False,1,1,15,4,7,4,5,23,6,10,99,True,,ended_before,,,,,,,,,,,,,,,,29,reached,9,True,False,1,1,27,17,4,6,10,30,6,5,67,True,
0,ok,True,103429819,False,False,DONE,,,0,a9c4e953923bcc57c6a37046a40352efe7bd790017e8ed65dd216194b13b9a4d,no_explicit_terminal_engine_result,9,EpisodeState.COMPLETED,-1,38,54537546,loss,False,17,1,True,loss,/private/tmp/kaggle_eps/55565424/replays/episode-103429819-replay.json,-1,68ccdae55aa1f107dfccc4b131eaefc2cc5bd5f9c4577c6f778103fafc8bc928,65,14,55565424,ended_before,,,,,,,,,,,,,,,,20,ended_before,,,,,,,,,,,,,,,,30,ended_before,,,,,,,,,,,,,,,,10
0,ok,True,103428099,False,False,DONE,,,0,f68b597d6f527f7376b598a80b9ef8187da2a04b31eced54f8f5bc1454688570,no_explicit_terminal_engine_result,12,EpisodeState.COMPLETED,-1,29,55561534,loss,True,24,0,True,loss,/private/tmp/kaggle_eps/55565424/replays/episode-103428099-replay.json,-1,84c0bbb2b0a0f393ed967ebafc746f5a9b929a0740c34d9d458649cd3c733afb,107,19,55565424,ended_before,,,,,,,,,,,,,,,,19,ended_before,,,,,,,,,,,,,,,,29,reached,9,True,False,1,1,33,19,10,4,7,19,6,5,76,True,
0,ok,True,103425084,False,False,DONE,,,0,a608c548fd940e5de35b86fa8a4d244fef3eb1d694c7dc6090b28b16eb0c25e4,no_explicit_terminal_engine_result,26,EpisodeState.COMPLETED,1,24,55090228,win,False,33,1,True,win,/private/tmp/kaggle_eps/55565424/replays/episode-103425084-replay.json,1,3630d08e427c077ecd0bef089bd34293c028487ab9565bb6b676c1dbf2bdf22f,142,28,55565424,reached,20,True,False,1,1,29,17,6,6,7,30,2,10,103,True,,ended_before,,,,,,,,,,,,,,,,30,reached,10,False,False,1,1,40,33,1,6,13,32,5,5,63,False,
0,ok,True,103413060,True,True,DONE,,,1,8c192529f395bab1e2f0db0edbe6d19c55eaa346e7b67cbdf8e805a8a450ae9e,no_explicit_terminal_engine_result,23,EpisodeState.COMPLETED,1,14,54709555,win,True,40,1,True,win,/private/tmp/kaggle_eps/55565424/replays/episode-103413060-replay.json,1,daa5a55608bf73f74f79530439e8bdad60e8bab5f1672c53edc097c5292a2930,103,30,55565424,reached,19,False,False,1,1,16,8,3,5,13,16,6,10,85,False,,ended_before,,,,,,,,,,,,,,,,29,reached,9,False,False,1,1,35,25,4,6,17,21,6,5,53,False,
0,ok,True,103405794,False,False,DONE,,,1,5515870a449fa21cfae78713f7a4d11ff521eb6794d20c4320cb98bac1cf9bfc,no_explicit_terminal_engine_result,23,EpisodeState.COMPLETED,1,15,55211847,win,True,38,1,True,win,/private/tmp/kaggle_eps/55565424/replays/episode-103405794-replay.json,1,1bbc81fff50dc0b81fce930d4ce95fb0100043337503469cda226ff2fd12155b,112,35,55565424,reached,19,True,False,1,1,16,4,6,6,7,27,6,10,95,True,,ended_before,,,,,,,,,,,,,,,,29,reached,9,True,False,1,1,24,12,6,6,5,32,6,5,69,True,
0,ok,True,103396014,False,False,DONE,,,0,8aad9fc67b3cdd44d5f116af6548ff49ab5529f2fb7a7feb4131bf0111884b2a,no_explicit_terminal_engine_result,21,EpisodeState.COMPLETED,1,19,55005251,win,True,35,0,True,win,/private/tmp/kaggle_eps/55565424/replays/episode-103396014-replay.json,1,b154bc104b5116171ef5994e86fd8c561568296af861944dbefcfb328a30e4d6,120,34,55565424,reached,19,True,False,1,1,19,1,14,4,5,19,6,10,111,True,,ended_before,,,,,,,,,,,,,,,,29,reached,9,True,False,1,1,19,6,9,4,4,25,6,5,93,True,
0,ok,True,103383933,False,False,DONE,,,0,3a2258e22de2dd5c31f3949910b1e2f6ee0c7860848f051ff1ef389c27405c2b,no_explicit_terminal_engine_result,21,EpisodeState.COMPLETED,1,20,55070046,win,True,41,0,True,win,/private/tmp/kaggle_eps/55565424/replays/episode-103383933-replay.json,1,37a77f95ce60df97bff9cde81686bed321753a759969f668be607caa644c3898,148,36,55565424,reached,19,True,False,1,1,22,6,12,4,6,10,6,10,138,True,,ended_before,,,,,,,,,,,,,,,,29,reached,9,True,False,1,1,29,15,10,4,5,24,6,5,88,True,
0,ok,True,103378536,False,False,DONE,,,0,ef7cce4279fbcb236c125917902801ac6e34db964e6d3813b8906f643c9a9db9,no_explicit_terminal_engine_result,13,EpisodeState.COMPLETED,1,46,55555379,win,True,29,0,True,win,/private/tmp/kaggle_eps/55565424/replays/episode-103378536-replay.json,1,9f6ba7c3ca41b0c0fb2ef6302cbaf215d3c64e41603ca29384c466fdbc8fc1c3,74,19,55565424,ended_before,,,,,,,,,,,,,,,,19,ended_before,,,,,,,,,,,,,,,,29,reached,9,False,False,1,1,48,39,3,6,16,26,5,5,51,False,
0,ok,True,103367021,False,False,DONE,,,0,279a9d556c1ffdcde47965e6bf877c5b48202fa2fa7b29ee344ad3e66da73c96,no_explicit_terminal_engine_result,17,EpisodeState.COMPLETED,-1,33,55088144,loss,False,25,1,True,loss,/private/tmp/kaggle_eps/55565424/replays/episode-103367021-replay.json,-1,51e74327bb1173642c80347f41676ad6a318b07b1866e585677ecb3be259df72,116,25,55565424,ended_before,,,,,,,,,,,,,,,,20,ended_before,,,,,,,,,,,,,,,,30,reached,10,True,False,1,1,34,27,2,5,6,39,6,5,77,True,
0,ok,True,103354986,False,False,DONE,,,0,de4c226bdcb30a2ba4fe52c08179b3b6750d38613847547c6e8eb60eba9d8133,no_explicit_terminal_engine_result,14,EpisodeState.COMPLETED,-1,30,55549927,loss,True,33,0,True,loss,/private/tmp/kaggle_eps/55565424/replays/episode-103354986-replay.json,-1,48825025e45ac145e74cfec04b40b5ca325f32a0a4ebf4d66cb4dbec775bad6f,112,33,55565424,ended_before,,,,,,,,,,,,,,,,19,ended_before,,,,,,,,,,,,,,,,29,reached,9,True,False,1,1,36,19,14,3,5,28,6,5,79,True,
0,ok,True,103348144,True,True,DONE,,,1,ba539428301be846ecd8d7615f4d367af91b4fa70ff69fa35858b1b7dfd5f449,no_explicit_terminal_engine_result,23,EpisodeState.COMPLETED,1,14,55523017,win,True,42,1,True,win,/private/tmp/kaggle_eps/55565424/replays/episode-103348144-replay.json,1,0f573f7316429499122cb29f33e3a5f5142c1eebb012798742fc309fb3e2303a,115,37,55565424,reached,19,True,False,1,1,18,8,5,5,7,19,5,10,95,True,,ended_before,,,,,,,,,,,,,,,,29,reached,9,False,False,1,1,32,22,4,6,19,27,5,5,60,False,
0,ok,True,103336540,True,True,DONE,,,0,bcf2a124d6c32f17fabe9b723434d2df5fb7ce7c0ea4d2c79d7f944c367266bf,no_explicit_terminal_engine_result,27,EpisodeState.COMPLETED,-1,11,55565765,loss,False,44,1,True,loss,/private/tmp/kaggle_eps/55565424/replays/episode-103336540-replay.json,-1,52cb9e179b236959c0b9b2ffcf6984bb8580819f785c0e7db5b7c8eac2df28cc,169,43,55565424,reached,20,True,False,1,1,13,5,7,1,5,7,6,10,146,True,,ended_before,,,,,,,,,,,,,,,,30,reached,10,True,False,1,1,31,15,12,4,5,19,6,5,91,True,
0,ok,True,103331464,True,True,DONE,,,0,8df914ddb7ff53b099f20a86f0f0786a5277604afaf513822112d80cb74e07c9,no_explicit_terminal_engine_result,15,EpisodeState.COMPLETED,1,10,55561668,win,True,37,0,True,win,/private/tmp/kaggle_eps/55565424/replays/episode-103331464-replay.json,1,a008a782bdfbb8b3bc8e1387b5e05e3b3551b3b6a285e942969b182e94ccb00e,135,36,55565424,ended_before,,,,,,,,,,,,,,,,19,ended_before,,,,,,,,,,,,,,,,29,reached,9,True,False,1,1,32,15,14,3,8,26,6,5,93,True,
0,ok,True,103332806,False,False,DONE,,,0,2dce8057adbfaeb6e0f6f5451ccf1c89d7cebb5016982e9156c2dca7ef9c3cd1,no_explicit_terminal_engine_result,19,EpisodeState.COMPLETED,-1,28,55518462,loss,False,27,1,True,loss,/private/tmp/kaggle_eps/55565424/replays/episode-103332806-replay.json,-1,28e5fefdb78c88b4b477eaf996405b71373df62cfb0ccad53c9fa65f5428038f,102,26,55565424,ended_before,,,,,,,,,,,,,,,,20,ended_before,,,,,,,,,,,,,,,,30,reached,10,True,False,1,1,41,32,5,4,4,33,6,5,53,True,
0,ok,True,103327399,True,True,DONE,,,0,6740d1b41fea232ed73f9d50fb40e1824e2c70c154470e4c087ce78c37193c66,no_explicit_terminal_engine_result,25,EpisodeState.COMPLETED,1,13,54912546,win,True,42,0,True,win,/private/tmp/kaggle_eps/55565424/replays/episode-103327399-replay.json,1,2bbd496a7d860b29109e9056c6f9f437603ce427641e8a6b7c7cbac5bc16dca2,149,36,55565424,reached,19,True,False,1,1,14,3,6,5,9,21,6,10,132,True,,ended_before,,,,,,,,,,,,,,,,29,reached,9,False,False,1,1,31,16,10,5,13,34,6,5,79,False,
0,ok,True,103315848,True,True,DONE,,,0,86bb61bc191e781476403ae4d25f1bf7aa683d090b80c879c5c8c1a1f041d4c3,no_explicit_terminal_engine_result,20,EpisodeState.COMPLETED,1,11,53852973,win,False,35,1,True,win,/private/tmp/kaggle_eps/55565424/replays/episode-103315848-replay.json,1,fae4e6cde6c89891025e7c2535fa4ea434c9ba64743f68bac23174b29141061b,124,13,55565424,reached,20,False,False,1,1,11,1,5,5,15,22,6,10,121,False,,ended_before,,,,,,,,,,,,,,,,30,reached,10,False,False,1,1,27,16,5,6,19,33,6,5,67,False,
0,ok,True,103304222,False,False,DONE,,,0,3c387feac85b8b913cbc88b72b1f16303dd0e217c0b17056dbba72d0837e4969,no_explicit_terminal_engine_result,17,EpisodeState.COMPLETED,-1,29,55561787,loss,False,27,1,True,loss,/private/tmp/kaggle_eps/55565424/replays/episode-103304222-replay.json,-1,b590f3871d3f0c08cc52253c61f4d7b0e571bc4d064a14632780075995b82aca,134,24,55565424,ended_before,,,,,,,,,,,,,,,,20,ended_before,,,,,,,,,,,,,,,,30,reached,10,True,False,1,1,47,38,3,6,10,33,6,5,42,True,
0,ok,True,103292225,False,False,DONE,,,0,7d4db89e9e0b44b85f83586de3d8c7a544d56cfda66da404f01c2ba28765e5a9,no_explicit_terminal_engine_result,16,EpisodeState.COMPLETED,-1,23,54307281,loss,True,29,0,True,loss,/private/tmp/kaggle_eps/55565424/replays/episode-103292225-replay.json,-1,4ae4178068de04be0800ac225eef1ab9ed5703a60ee59654051031c17535f061,113,29,55565424,ended_before,,,,,,,,,,,,,,,,19,ended_before,,,,,,,,,,,,,,,,29,reached,9,True,False,1,1,35,25,6,4,3,40,6,5,71,True,
0,ok,True,103280640,False,False,DONE,,,0,0231a5345ae2d29f9233c9447b9221637767ed3fbdffb9f93a9b1742780ba50c,no_explicit_terminal_engine_result,9,EpisodeState.COMPLETED,-1,33,55558117,loss,False,18,1,True,loss,/private/tmp/kaggle_eps/55565424/replays/episode-103280640-replay.json,-1,99faacffe32663971c19e360706bff89c8569ca359f8dd0210f389c90407e2f6,85,17,55565424,ended_before,,,,,,,,,,,,,,,,20,ended_before,,,,,,,,,,,,,,,,30,ended_before,,,,,,,,,,,,,,,,10
0,ok,True,103269053,True,True,DONE,,,1,a2964837f0242809888912686673f11b4e2ca5c673043e7ae879d9ce766fd682,no_explicit_terminal_engine_result,35,EpisodeState.COMPLETED,1,13,55059335,win,True,44,1,True,win,/private/tmp/kaggle_eps/55565424/replays/episode-103269053-replay.json,1,9d09fa017a144c7465dfb5f96b1c98e791db933a9dbbe450c66fc005fc09dc3a,125,40,55565424,reached,19,True,False,1,1,29,20,5,4,4,27,6,10,85,True,,reached,29,True,False,1,1,19,10,5,4,9,12,6,15,108,True,,reached,9,True,False,1,1,44,35,5,4,3,40,6,5,49,True,
0,ok,True,103257516,False,False,DONE,,,0,63a521c1d81d4b6605bf201ddd4bc3ed6a3b7f4e4216d33a556595cb2f9fbe5c,no_explicit_terminal_engine_result,15,EpisodeState.COMPLETED,1,32,55336050,win,True,35,0,True,win,/private/tmp/kaggle_eps/55565424/replays/episode-103257516-replay.json,1,e857ec09da0fb2adee8bcea5ebd55dae696fde8efd6c725b9d594866abb32545,135,26,55565424,ended_before,,,,,,,,,,,,,,,,19,ended_before,,,,,,,,,,,,,,,,29,reached,9,False,False,1,1,46,39,1,6,18,32,4,5,60,False,
0,ok,True,103254507,False,False,DONE,,,0,cf6907cf8e3a3889d7b80c07de10a8fe2f605ada6bd4d8b30f57a642bc884134,no_explicit_terminal_engine_result,16,EpisodeState.COMPLETED,1,15,54200120,win,False,22,1,True,win,/private/tmp/kaggle_eps/55565424/replays/episode-103254507-replay.json,1,7ff7f2337e5bd6b3f6cce567ac5e12a50f721b9240f61ec528ac44b725194924,93,21,55565424,ended_before,,,,,,,,,,,,,,,,20,ended_before,,,,,,,,,,,,,,,,30,reached,10,True,False,1,1,20,6,9,5,8,30,6,5,77,True,
0,ok,True,103254468,False,False,DONE,,,0,f16517d49f591530847c7f3ed11d4348a4a204a1ba3d2a86c868cc0c9a7da752,no_explicit_terminal_engine_result,15,EpisodeState.COMPLETED,1,25,55554590,win,True,27,0,True,win,/private/tmp/kaggle_eps/55565424/replays/episode-103254468-replay.json,1,5c8116fb8089a03835691f6baa842593fd1c89efac10bb7d4a19c89102f68f02,132,23,55565424,ended_before,,,,,,,,,,,,,,,,19,ended_before,,,,,,,,,,,,,,,,29,reached,9,True,False,1,1,35,23,6,6,5,37,5,5,79,True,
0,ok,True,103253428,False,False,DONE,,,0,b684b3794d632fdee42809a9aa5e50a36d5da2e7056a8192a52b399e0092255f,no_explicit_terminal_engine_result,14,EpisodeState.COMPLETED,-1,37,54469512,loss,True,32,0,True,loss,/private/tmp/kaggle_eps/55565424/replays/episode-103253428-replay.json,-1,9bd9e735667c5be98cc80e125f479e49fc6d6cd703f7b2e0149f615256ef0014,115,29,55565424,ended_before,,,,,,,,,,,,,,,,19,ended_before,,,,,,,,,,,,,,,,29,reached,9,False,False,1,1,41,18,20,3,16,30,6,5,69,False,
0,ok,True,103242880,True,True,DONE,,,1,c5e30e14b4a3d6cd9a2cb759f70ac1be340c9a3d4a542cd657d39ffc17b1306d,no_explicit_terminal_engine_result,19,EpisodeState.COMPLETED,1,8,54902920,win,True,43,1,True,win,/private/tmp/kaggle_eps/55565424/replays/episode-103242880-replay.json,1,f5c96adeff0bc1bf369ea9ba3d27d11cb5b12f44f4f713398215715d7cbe5efc,113,39,55565424,reached,19,True,False,1,1,8,0,3,5,7,7,6,10,109,True,,ended_before,,,,,,,,,,,,,,,,29,reached,9,False,False,1,1,43,32,5,6,14,23,6,5,63,False,
0,ok,True,103232251,False,False,DONE,,,1,782e8e8ffeb986d185147af9be0917e34d5db4b1948e23795840aad8a256b877,no_explicit_terminal_engine_result,31,EpisodeState.COMPLETED,1,15,54773035,win,True,47,1,True,win,/private/tmp/kaggle_eps/55565424/replays/episode-103232251-replay.json,1,1b1808bda1311ae236c246d7868f510729dc62ce6a4b0a3093f3e1ec2a7f4551,127,47,55565424,reached,19,True,False,1,1,24,15,6,3,11,19,6,10,98,True,,reached,29,True,False,1,1,19,5,11,3,9,12,6,15,117,True,,reached,9,True,False,1,1,33,21,6,6,5,40,6,5,59,True,
0,ok,True,103220668,True,True,DONE,,,0,28d56c06e96f3679afc9dd157b1dc0ec90febd2c97f9de4ddf4a94babb3ca19b,no_explicit_terminal_engine_result,29,EpisodeState.COMPLETED,1,10,55309499,win,True,57,0,True,win,/private/tmp/kaggle_eps/55565424/replays/episode-103220668-replay.json,1,ec3f23e54e4ba63999a7bb3f36e52e54ad264e341c9f2ae9f7ba5cba4456b6a4,202,52,55565424,reached,19,False,False,1,1,17,7,6,4,13,18,6,10,143,False,,reached,29,True,False,1,1,10,1,6,3,12,6,2,15,199,True,,reached,9,True,False,1,1,40,33,1,6,7,32,6,5,56,True,
0,ok,True,103209105,False,False,DONE,,,0,62638916d0a8cb905325ee775d01bf90d7663213147949fd17f995394f28989d,no_explicit_terminal_engine_result,19,EpisodeState.COMPLETED,-1,17,53836271,loss,False,42,1,True,loss,/private/tmp/kaggle_eps/55565424/replays/episode-103209105-replay.json,-1,b1d84740a0625878139f4f14bacc39b331c76f6127924904ffd55ba2f6b3e101,146,41,55565424,ended_before,,,,,,,,,,,,,,,,20,ended_before,,,,,,,,,,,,,,,,30,reached,10,True,False,1,1,22,12,6,4,9,25,6,5,81,True,
0,ok,True,103203989,False,False,DONE,,,0,0f387eb55085950974d970f40490c62879300675c5cac0eea27f59a90660197a,no_explicit_terminal_engine_result,11,EpisodeState.COMPLETED,-1,38,55539824,loss,False,25,1,True,loss,/private/tmp/kaggle_eps/55565424/replays/episode-103203989-replay.json,-1,15270cff222e873d652f45dc75a14247fe7f2070de376079b2c42e8524b1bb81,91,22,55565424,ended_before,,,,,,,,,,,,,,,,20,ended_before,,,,,,,,,,,,,,,,30,reached,10,True,False,1,1,38,32,4,2,3,28,6,5,85,True,
0,ok,True,103192006,False,False,DONE,,,0,4ef803938a57078ed023f28522c7e41f20682e7e56167814938176098fc4755f,no_explicit_terminal_engine_result,14,EpisodeState.COMPLETED,-1,25,55564559,loss,True,30,0,True,loss,/private/tmp/kaggle_eps/55565424/replays/episode-103192006-replay.json,-1,2027962597c9e8c4accf780461365da3f8761c37d78538535e1b5f13a48611e6,108,29,55565424,ended_before,,,,,,,,,,,,,,,,19,ended_before,,,,,,,,,,,,,,,,29,reached,9,True,False,1,1,37,26,8,3,6,27,6,5,66,True,
0,ok,True,103182355,False,False,DONE,,,0,975852edf192e610ed6aedb53c80450e5bfe20dbcc3f09f619f63a909e0fb040,no_explicit_terminal_engine_result,30,EpisodeState.COMPLETED,1,17,54590315,win,False,26,1,True,win,/private/tmp/kaggle_eps/55565424/replays/episode-103182355-replay.json,1,dadbdf70e04a0f345cda1cfed2bdf64db9ced0e546e526e1ed5c18cc6dcea0e8,84,25,55565424,reached,20,True,False,1,1,27,18,3,6,5,23,6,10,67,True,,reached,30,True,False,1,1,17,2,9,6,12,10,6,15,79,True,,reached,10,True,False,1,1,38,30,2,6,8,32,6,5,47,True,
0,ok,True,103170770,True,True,DONE,,,0,8c46329cc8215936b5aca75ad18f0fe0189762310015fc6cd0c94aaf32631bfb,no_explicit_terminal_engine_result,25,EpisodeState.COMPLETED,1,9,55501851,win,True,41,0,True,win,/private/tmp/kaggle_eps/55565424/replays/episode-103170770-replay.json,1,70d39e49d65932eb1a9f8f65041441652b881d850b292ce3fa590eab1bdd400f,123,31,55565424,reached,19,True,False,1,1,16,7,4,5,10,29,6,10,96,True,,ended_before,,,,,,,,,,,,,,,,29,reached,9,True,False,1,1,34,24,5,5,2,41,6,5,56,True,
0,ok,True,103159170,False,False,DONE,,,0,49380ba1b8e37a25b0bbc0b536d737fd38188d82eb35ca86c1facd126737dd57,no_explicit_terminal_engine_result,16,EpisodeState.COMPLETED,-1,23,54851330,loss,True,34,0,True,loss,/private/tmp/kaggle_eps/55565424/replays/episode-103159170-replay.json,-1,3a32b4d18b0684df8048884204ae50b79f4dfb05e27ff8b9340ddfa0efdf1c32,124,33,55565424,ended_before,,,,,,,,,,,,,,,,19,ended_before,,,,,,,,,,,,,,,,29,reached,9,True,False,1,1,28,12,12,4,5,27,6,5,73,True,
0,ok,True,103153694,True,True,DONE,,,0,bdc8f94153d146b3b811348ecbcd949ae5e6566cb8af1093f47ecbd75eb032d4,no_explicit_terminal_engine_result,21,EpisodeState.COMPLETED,-1,8,55198219,loss,False,41,1,True,loss,/private/tmp/kaggle_eps/55565424/replays/episode-103153694-replay.json,-1,d6cc868df21d41cd77cc9f46287ef1791142d621ceb7eca0f78f7f9022411620,230,36,55565424,reached,20,True,False,1,1,8,2,3,3,6,13,2,10,221,True,,ended_before,,,,,,,,,,,,,,,,30,reached,10,True,False,1,1,29,18,5,6,12,31,4,5,97,True,
0,ok,True,103143821,False,False,DONE,,,1,383d020ebc0be9cc362d00aa716f601bbacc49eadc9ab223473d8f64805670fe,no_explicit_terminal_engine_result,13,EpisodeState.COMPLETED,1,29,55518848,win,True,23,1,True,win,/private/tmp/kaggle_eps/55565424/replays/episode-103143821-replay.json,1,3be0428d7698d0c2e1f347fbb9c8d21c37ca59072700c2dff44262ef7c3eb74b,103,22,55565424,ended_before,,,,,,,,,,,,,,,,19,ended_before,,,,,,,,,,,,,,,,29,reached,9,True,False,1,1,33,7,21,5,10,29,6,5,79,True,
0,ok,True,103132268,True,True,DONE,,,0,f1e424cc2028c2bf2aa1591ef62d2c1828253da5bae7cbb4aeec4b9e53dc735a,no_explicit_terminal_engine_result,17,EpisodeState.COMPLETED,1,4,55411495,win,True,35,0,True,win,/private/tmp/kaggle_eps/55565424/replays/episode-103132268-replay.json,1,688b470faff705726996749105104781199a3192f6b934d5361a4c07dc743460,127,33,55565424,ended_before,,,,,,,,,,,,,,,,19,ended_before,,,,,,,,,,,,,,,,29,reached,9,True,False,1,1,14,4,5,5,6,32,6,5,85,True,
0,ok,True,103123470,True,True,DONE,,,0,88ec95387aef182c6ac4acc6d99e1c597a016620436986c7a096a6e0a2bccee7,no_explicit_terminal_engine_result,15,EpisodeState.COMPLETED,1,9,55518280,win,True,35,0,True,win,/private/tmp/kaggle_eps/55565424/replays/episode-103123470-replay.json,1,c8057bb9a9ee5f06a83a13bdd1fe65b927e66b84c08a1b5147c9f14dffe65c90,123,29,55565424,ended_before,,,,,,,,,,,,,,,,19,ended_before,,,,,,,,,,,,,,,,29,reached,9,True,False,1,1,20,7,9,4,10,24,6,5,100,True,
0,ok,True,103111463,False,False,DONE,,,0,d39b03b6cdc74fcc15f169f7f8d2d733998ea0e708ff36fa0e520380266db494,no_explicit_terminal_engine_result,2,EpisodeState.COMPLETED,-1,59,55541016,loss,True,3,0,True,loss,/private/tmp/kaggle_eps/55565424/replays/episode-103111463-replay.json,-1,0ef0e97f22a3ec96399621935a257804247c9adc70315aef6fff2d576fe4f9c3,28,3,55565424,ended_before,,,,,,,,,,,,,,,,19,ended_before,,,,,,,,,,,,,,,,29,ended_before,,,,,,,,,,,,,,,,9
0,ok,True,103100138,False,False,DONE,,,0,36526800e2df0d25ae4fb3f7f6b3fa248ab4f9c4599b56fd5a1ef13c99cdf1e8,no_explicit_terminal_engine_result,32,EpisodeState.COMPLETED,-1,30,55562591,loss,True,44,0,True,loss,/private/tmp/kaggle_eps/55565424/replays/episode-103100138-replay.json,-1,25b52c08b0bb5b4bfb8c83718e79b9ae804abb103be756a9ce38deedd1e7e0fb,118,40,55565424,reached,19,True,False,1,1,37,29,3,5,7,29,6,10,70,True,,reached,29,True,False,1,1,30,20,9,1,4,24,6,15,104,True,,reached,9,True,False,1,1,44,35,3,6,10,34,6,5,43,True,
0,ok,True,103088203,True,True,DONE,,,0,5ea68fbb74273396d05afdd2ca8205fdfbde1a89470a5d8775a0ba4bb395e899,no_explicit_terminal_engine_result,25,EpisodeState.COMPLETED,1,14,54943344,win,True,36,0,True,win,/private/tmp/kaggle_eps/55565424/replays/episode-103088203-replay.json,1,043a51a21265675ca0a2ac3acc57aa4855aba735aa46e0720377b26fea1b0353,108,35,55565424,reached,19,True,False,1,1,21,9,9,3,7,23,6,10,90,True,,ended_before,,,,,,,,,,,,,,,,29,reached,9,True,False,1,1,43,25,14,4,5,29,6,5,60,True,
0,ok,True,103076616,True,True,DONE,,,0,6dc62ebd247c3477de2e42b28e09081cbbd0f881eb91c2cf8a367fddb0b4b287,no_explicit_terminal_engine_result,28,EpisodeState.COMPLETED,1,10,54903709,win,False,39,1,True,win,/private/tmp/kaggle_eps/55565424/replays/episode-103076616-replay.json,1,ebfd38b3c4e7225d0e2dbac9d2ca9e93b3345db40b8471c4804acc339163b879,131,25,55565424,reached,20,False,False,1,1,25,17,2,6,14,18,6,10,95,False,,ended_before,,,,,,,,,,,,,,,,30,reached,10,False,False,1,1,45,36,3,6,20,25,6,5,53,False,
0,ok,True,103064553,False,False,DONE,,,0,1b53e243d0d5416cefea9335d0ec15fa0082e6dadb8d8d4d50f93779caa44f7e,no_explicit_terminal_engine_result,23,EpisodeState.COMPLETED,-1,43,54936454,loss,False,38,1,True,loss,/private/tmp/kaggle_eps/55565424/replays/episode-103064553-replay.json,-1,e46a23d16d20c92ff8e8d87005274fae2ae6a01cd80a39ceaf571a92fd3ba17d,100,36,55565424,reached,20,True,False,1,1,43,30,12,1,4,23,6,10,89,True,,ended_before,,,,,,,,,,,,,,,,30,reached,10,True,False,1,1,43,35,5,3,8,29,6,5,63,True,
0,ok,True,103063120,True,True,DONE,,,0,77194c961d185144648bf7ae4c6d724f96b7bda1943b9db7bd2af86c1d9eee47,no_explicit_terminal_engine_result,15,EpisodeState.COMPLETED,1,13,55549695,win,True,35,0,True,win,/private/tmp/kaggle_eps/55565424/replays/episode-103063120-replay.json,1,fb464ee5bab8b7cc32884662134793a5014be75d0e28b16b30989cfdfc58adf4,123,33,55565424,ended_before,,,,,,,,,,,,,,,,19,ended_before,,,,,,,,,,,,,,,,29,reached,9,True,False,1,1,23,15,3,5,4,25,6,5,81,True,
0,ok,True,103061824,True,True,DONE,,,0,939781697909ca47a0ee503144d7811e7eff3bf33755311ecd3350eba8ed501a,no_explicit_terminal_engine_result,22,EpisodeState.COMPLETED,-1,10,55558052,loss,True,31,0,True,loss,/private/tmp/kaggle_eps/55565424/replays/episode-103061824-replay.json,-1,57af6674921037ca5f58463eee23842e5930b368cadfb918ba1ae626e3eed486,107,24,55565424,reached,19,True,False,1,1,11,3,6,2,3,22,6,10,98,True,,ended_before,,,,,,,,,,,,,,,,29,reached,9,True,False,1,1,25,17,3,5,2,27,6,5,69,True,
0,ok,True,103053523,False,False,DONE,,,0,3a3cac10a941ecc0d3f81cd2d83f641973de42c4b3a04265bcb0a5ec0d3562c4,no_explicit_terminal_engine_result,16,EpisodeState.COMPLETED,1,15,54042590,win,False,33,1,True,win,/private/tmp/kaggle_eps/55565424/replays/episode-103053523-replay.json,1,19b0b0ec112e0c31bff5d1c6b00d521746788761693379159b2ec18d6b8dcdd8,93,23,55565424,ended_before,,,,,,,,,,,,,,,,20,ended_before,,,,,,,,,,,,,,,,30,reached,10,False,False,1,1,24,13,5,6,25,23,6,5,65,False,
0,ok,True,103050772,False,False,DONE,,,0,78c566f7a51ac14b44025b53383a6f9832b985e815320a7b14f67fcb50bcc625,no_explicit_terminal_engine_result,19,EpisodeState.COMPLETED,-1,20,55546594,loss,False,31,1,True,loss,/private/tmp/kaggle_eps/55565424/replays/episode-103050772-replay.json,-1,9f2af7473c3b015d5bbfdbea523ec69ac1354e986411de05779f7bab922b721d,118,31,55565424,ended_before,,,,,,,,,,,,,,,,20,ended_before,,,,,,,,,,,,,,,,30,reached,10,True,False,1,1,32,19,8,5,4,24,6,5,73,True,
0,ok,True,103039180,False,False,DONE,,,0,fce88c6e474d5750edbcaff61cfc9b2c4fb75b5731f93440cf1d775edfe9a684,no_explicit_terminal_engine_result,19,EpisodeState.COMPLETED,-1,33,55547107,loss,False,27,1,True,loss,/private/tmp/kaggle_eps/55565424/replays/episode-103039180-replay.json,-1,c20a9a7ef3a92ee2eca73f871eebf4cdfdff5fd3fbba20f165fcd8e2e1c4b77e,92,24,55565424,ended_before,,,,,,,,,,,,,,,,20,ended_before,,,,,,,,,,,,,,,,30,reached,10,True,False,1,1,35,27,4,4,3,34,6,5,61,True,
0,ok,True,103027623,True,True,DONE,,,0,769b27b1a753594be5e5b51e2c33745b6fddf021c1b30c446d20146c7c1f324c,no_explicit_terminal_engine_result,45,EpisodeState.COMPLETED,1,9,55179918,win,True,75,0,True,win,/private/tmp/kaggle_eps/55565424/replays/episode-103027623-replay.json,1,66055395565bd8dc9a9fd36d0661e3ed9ce22df3c8f8e08fc65f843926236e1c,309,69,55565424,reached,19,True,False,1,1,26,10,11,5,5,26,6,10,146,True,,reached,29,True,False,1,1,16,8,4,4,6,10,5,15,219,True,,reached,9,True,False,1,1,33,19,8,6,4,38,6,5,82,True,
0,ok,True,103015576,False,False,DONE,,,0,7dc68af2d640eb258aa309ee2518a7d709bf9fd3b979839226d849536bd72f60,no_explicit_terminal_engine_result,15,EpisodeState.COMPLETED,1,24,55529722,win,True,27,0,True,win,/private/tmp/kaggle_eps/55565424/replays/episode-103015576-replay.json,1,0adbf11840007982a0e1a6d6cd9dd154ae960d34692327e9cfa4d93df22e5d3d,153,25,55565424,ended_before,,,,,,,,,,,,,,,,19,ended_before,,,,,,,,,,,,,,,,29,reached,9,True,False,1,1,39,28,7,4,8,40,5,5,84,True,
0,ok,True,103013354,True,True,DONE,,,0,8537fd217982ed53d6f2d2808853a249d8ca67041f9ab1ce4026ea69935b63e7,no_explicit_terminal_engine_result,33,EpisodeState.COMPLETED,1,8,55563504,win,True,56,0,True,win,/private/tmp/kaggle_eps/55565424/replays/episode-103013354-replay.json,1,7ac8fd1fd58ddb7fc51a06aeebd2b9d796972d0d3e957cbcecf9373bde798104,164,53,55565424,reached,19,True,False,1,1,27,14,9,4,8,23,6,10,98,True,,reached,29,True,False,1,1,13,7,4,2,4,10,6,15,147,True,,reached,9,True,False,1,1,45,32,7,6,10,36,6,5,41,True,
0,ok,True,103010841,False,False,DONE,,,0,3322834acf6c326b706cd698a291d1edbb3d7dc905b6943bd96b6cbd35205260,no_explicit_terminal_engine_result,16,EpisodeState.COMPLETED,-1,26,55556436,loss,True,43,0,True,loss,/private/tmp/kaggle_eps/55565424/replays/episode-103010841-replay.json,-1,56f4ce31e8c52ef90b12c5655b84a4568d0b39777eadf934e97d58e6b98c7745,134,39,55565424,ended_before,,,,,,,,,,,,,,,,19,ended_before,,,,,,,,,,,,,,,,29,reached,9,True,False,1,1,42,28,10,4,9,26,6,5,66,True,
0,ok,True,103007993,True,True,DONE,,,0,11ba53dad8a72f249a1dcc9efc4f73878be8176690b1cfa269b4414278410d45,no_explicit_terminal_engine_result,25,EpisodeState.COMPLETED,1,5,55535602,win,True,43,0,True,win,/private/tmp/kaggle_eps/55565424/replays/episode-103007993-replay.json,1,50b941ddf761d301a33bd008e9cf1124b0c4a2b846bb101f1504c57f11cc50a0,151,41,55565424,reached,19,True,False,1,1,16,3,12,1,7,22,6,10,129,True,,ended_before,,,,,,,,,,,,,,,,29,reached,9,True,False,1,1,25,10,11,4,3,40,6,5,85,True,
0,ok,True,103001676,False,False,DONE,,,0,2a18b121a5a0dba9b03255d6df208b49f4b233f05079ffd42bccbf342dce3d53,no_explicit_terminal_engine_result,44,EpisodeState.COMPLETED,1,23,55359527,win,False,58,1,True,win,/private/tmp/kaggle_eps/55565424/replays/episode-103001676-replay.json,1,22274033eb2edafb59f9bd0d6b70afae51ea3232c99dbcd33f9b2812d0b12f58,212,30,55565424,reached,20,False,False,1,1,33,22,5,6,16,24,6,10,108,False,,reached,30,False,False,1,1,33,17,10,6,20,18,6,15,146,False,,reached,10,True,False,1,1,40,27,7,6,11,29,6,5,68,True,
0,ok,True,103001429,True,True,DONE,,,0,8d2e7fc77b082a7e156da13b0531674f1efcef9a2a66aba03861a0ae16dfebdf,no_explicit_terminal_engine_result,44,EpisodeState.COMPLETED,1,8,55553465,win,False,57,1,True,win,/private/tmp/kaggle_eps/55565424/replays/episode-103001429-replay.json,1,33ea9d5830763ef31e7eb094a49328d30d32bbb3d3d947ab682cf5502cd9b15b,185,47,55565424,reached,20,True,False,1,1,27,10,14,3,4,28,6,10,108,True,,reached,30,True,False,1,1,15,7,6,2,3,23,6,15,139,True,,reached,10,True,False,1,1,46,37,5,4,4,35,6,5,41,True,
0,ok,True,102989875,False,False,DONE,,,0,b30a1e2ba25b0941ce471a04a435f5772eb81c178be89eab45c070d9f6784cbf,no_explicit_terminal_engine_result,19,EpisodeState.COMPLETED,-1,17,55563098,loss,False,41,1,True,loss,/private/tmp/kaggle_eps/55565424/replays/episode-102989875-replay.json,-1,63af521ea75b028c67103f8368d40ee3961476f093248aba681d22c3ecc6ff2c,224,34,55565424,ended_before,,,,,,,,,,,,,,,,20,ended_before,,,,,,,,,,,,,,,,30,reached,10,True,False,1,1,36,28,4,4,8,22,5,5,107,True,
0,ok,True,102978291,True,True,DONE,,,0,4ae03aa65c49db626ef26b865e64388f64f777db45960d7829484aa6574cb0b8,no_explicit_terminal_engine_result,14,EpisodeState.COMPLETED,-1,14,55522701,loss,True,28,0,True,loss,/private/tmp/kaggle_eps/55565424/replays/episode-102978291-replay.json,-1,b32d677894b56109fbeaef85e0a2f5b1dd80542d285dfbd8304a60f9f59dfd2d,134,20,55565424,ended_before,,,,,,,,,,,,,,,,19,ended_before,,,,,,,,,,,,,,,,29,reached,9,True,False,1,1,32,13,16,3,6,26,6,5,82,True,
0,ok,True,102976387,True,True,DONE,,,0,d35cdc0dfeb2f911433c9cbccbf0f7c6da5f04daee6c046c37fc277686cd8105,no_explicit_terminal_engine_result,24,EpisodeState.COMPLETED,1,13,55558931,win,False,33,1,True,win,/private/tmp/kaggle_eps/55565424/replays/episode-102976387-replay.json,1,25564b83167caa8474fe4528e094bd8bee3e6ef8b23ab53308fc8d57a2b8c86d,113,27,55565424,reached,20,True,False,1,1,14,2,6,6,3,26,6,10,104,True,,ended_before,,,,,,,,,,,,,,,,30,reached,10,False,False,1,1,18,8,4,6,15,32,6,5,84,False,
0,ok,True,102964350,False,False,DONE,,,0,bc237ab524a3e2dcea5193c2c2090161398ad184ac3be512f790e24e59d2c307,no_explicit_terminal_engine_result,18,EpisodeState.COMPLETED,-1,29,55555028,loss,True,37,0,True,loss,/private/tmp/kaggle_eps/55565424/replays/episode-102964350-replay.json,-1,911896a883414e68b7d433d28b7138014e834bbc55303bfe7d46a4fd8afd7eb8,178,30,55565424,ended_before,,,,,,,,,,,,,,,,19,ended_before,,,,,,,,,,,,,,,,29,reached,9,False,False,1,1,39,27,6,6,15,33,5,5,63,False,
0,ok,True,102952814,False,False,DONE,,,1,1987800331d6e65b29b9aa4e3a07db8d14d5b1e8e47502c106c073d6ec22f6a9,no_explicit_terminal_engine_result,17,EpisodeState.COMPLETED,1,20,55094552,win,True,38,1,True,win,/private/tmp/kaggle_eps/55565424/replays/episode-102952814-replay.json,1,53ad873bcb9e97c12d58038812db8ab4b659006b0646d7d116133523f499f1f4,121,35,55565424,ended_before,,,,,,,,,,,,,,,,19,ended_before,,,,,,,,,,,,,,,,29,reached,9,True,False,1,1,31,16,11,4,11,32,6,5,79,True,
0,ok,True,102941248,False,False,DONE,,,0,f67f3db9100b23510a15996ea614ebf25092055c45c6bd4d57bf7f816fdf1175,no_explicit_terminal_engine_result,19,EpisodeState.COMPLETED,1,15,55554234,win,True,43,0,True,win,/private/tmp/kaggle_eps/55565424/replays/episode-102941248-replay.json,1,8e76bc903f8a6abb579836f9ca479c977a1cdcd9f97e18a17ccefa9e6cf4dbab,153,35,55565424,reached,19,True,False,1,1,15,7,2,6,9,15,1,10,150,True,,ended_before,,,,,,,,,,,,,,,,29,reached,9,True,False,1,1,31,23,2,6,11,28,5,5,69,True,
0,ok,True,102929685,True,True,DONE,,,0,0df0155f51b0796d0c33d68e711bad890a6e30e04958342961c8cfa0059b536c,no_explicit_terminal_engine_result,31,EpisodeState.COMPLETED,1,10,55164823,win,True,48,0,True,win,/private/tmp/kaggle_eps/55565424/replays/episode-102929685-replay.json,1,0713addce2017dc72588e69a39d181d68add7a68ee7fb6324bd14bcd3dce3dc6,144,44,55565424,reached,19,True,False,1,1,14,6,4,4,7,19,6,10,110,True,,reached,29,True,False,1,1,11,1,6,4,4,13,6,15,131,True,,reached,9,False,False,1,1,33,25,4,4,17,24,6,5,75,False,
0,ok,True,102928014,True,True,DONE,,,0,891d50feee38607d55ca91624d15183d4c21ea23488b7040f49a819877e6d663,no_explicit_terminal_engine_result,13,EpisodeState.COMPLETED,1,12,55371826,win,True,29,0,True,win,/private/tmp/kaggle_eps/55565424/replays/episode-102928014-replay.json,1,2da35ad35f5812a3d1df8d46cccc7e9eb46218dfeb04bfea4a79a26d2837928e,113,24,55565424,ended_before,,,,,,,,,,,,,,,,19,ended_before,,,,,,,,,,,,,,,,29,reached,9,False,False,1,1,20,11,4,5,19,27,6,5,84,False,
0,ok,True,102916502,False,False,DONE,,,0,a8c0bdcf7d9ac4c9849d89710ad4d51a2bb9e335ad0d491c74fff736d7714370,no_explicit_terminal_engine_result,6,EpisodeState.COMPLETED,-1,39,55302729,loss,True,12,0,True,loss,/private/tmp/kaggle_eps/55565424/replays/episode-102916502-replay.json,-1,1d0fa1be96abe53cd0599f3d71ae71e801ef53ff386b9c2d326eb240fd346bb3,52,12,55565424,ended_before,,,,,,,,,,,,,,,,19,ended_before,,,,,,,,,,,,,,,,29,ended_before,,,,,,,,,,,,,,,,9
0,ok,True,102904895,True,True,DONE,,,0,0c0bfd44ae9c4f1fb0192bc1022a1b45451807d80544fbac0f756ed52a5fce64,no_explicit_terminal_engine_result,14,EpisodeState.COMPLETED,1,10,55562442,win,False,31,1,True,win,/private/tmp/kaggle_eps/55565424/replays/episode-102904895-replay.json,1,f708304da1bc28f8c0e26ddbc17be2b5f36904dc5f6c5430f1605963c109df64,94,25,55565424,ended_before,,,,,,,,,,,,,,,,20,ended_before,,,,,,,,,,,,,,,,30,reached,10,False,False,1,1,18,7,5,6,14,21,6,5,72,False,
0,ok,True,102892857,False,False,DONE,,,0,c7e0ed4f455d9f52e377a564f9317dab9157814edcd29f626f0f66f15a537f4b,no_explicit_terminal_engine_result,17,EpisodeState.COMPLETED,-1,18,55415014,loss,False,34,1,True,loss,/private/tmp/kaggle_eps/55565424/replays/episode-102892857-replay.json,-1,a83a6aba6b96f85288829cc8c7280d313f88e26d078f8d5e91c9c35d6823ce14,136,34,55565424,ended_before,,,,,,,,,,,,,,,,20,ended_before,,,,,,,,,,,,,,,,30,reached,10,True,False,1,1,31,15,13,3,7,17,6,5,87,True,
0,ok,True,102881274,False,False,DONE,,,1,4e732a66be342dad8af9a9bef8e6fb09a930344f7a5e8a85aa315450c9d5362b,no_explicit_terminal_engine_result,19,EpisodeState.COMPLETED,1,15,55564163,win,True,29,1,True,win,/private/tmp/kaggle_eps/55565424/replays/episode-102881274-replay.json,1,2eae32b77c1f74dd20a511fc221ec864508232ed708ced21690772e0e677b109,108,29,55565424,reached,19,True,False,1,1,15,0,11,4,8,20,6,10,106,True,,ended_before,,,,,,,,,,,,,,,,29,reached,9,True,False,1,1,26,13,8,5,7,33,6,5,78,True,
0,ok,True,102876381,False,False,DONE,,,1,2979f6bef47a744e38136eb2c3026f75c15c1c47bf27e6651b24bf1ec6b3ce7d,no_explicit_terminal_engine_result,22,EpisodeState.COMPLETED,-1,16,54706027,loss,True,35,1,True,loss,/private/tmp/kaggle_eps/55565424/replays/episode-102876381-replay.json,-1,f2f34931f60d4a4110ca43c5a41f4bcf6536808ab07848b2b16b9fd5bfc1dde6,209,29,55565424,reached,19,True,False,1,1,17,7,7,3,5,24,6,10,180,True,,ended_before,,,,,,,,,,,,,,,,29,reached,9,True,False,1,1,27,18,3,6,6,33,6,5,92,True,
0,ok,True,102864816,False,False,DONE,,,0,8b71b1239dbed69f1baed0b179d80bea62794b6abca37c30845fdb659cc961ac,no_explicit_terminal_engine_result,15,EpisodeState.COMPLETED,-1,23,55551097,loss,False,33,1,True,loss,/private/tmp/kaggle_eps/55565424/replays/episode-102864816-replay.json,-1,618a139c09001fd7796cf2460f6a87a7e2952a9f95a35a3e966bc925b8f943b1,122,33,55565424,ended_before,,,,,,,,,,,,,,,,20,ended_before,,,,,,,,,,,,,,,,30,reached,10,True,False,1,1,24,10,11,3,12,20,6,5,92,True,
0,ok,True,102852823,False,False,DONE,,,0,f14f5b8d2f86a5206b193afb64efca970e97723988bc0b763d30425928352508,no_explicit_terminal_engine_result,15,EpisodeState.COMPLETED,-1,33,55565453,loss,True,36,0,True,loss,/private/tmp/kaggle_eps/55565424/replays/episode-102852823-replay.json,-1,e80296518baf649e025fa0c75bd749bb07cad517961cae888be7d4051f145e47,95,35,55565424,ended_before,,,,,,,,,,,,,,,,19,ended_before,,,,,,,,,,,,,,,,29,reached,9,True,False,1,1,37,29,4,4,4,30,6,5,60,True,
0,ok,True,102851990,True,True,DONE,,,0,fab4b51b1c2918ba12226d6be9be37fa60fd4435229e6773ff8b0a8095356ff5,no_explicit_terminal_engine_result,23,EpisodeState.COMPLETED,1,11,55565493,win,True,32,0,True,win,/private/tmp/kaggle_eps/55565424/replays/episode-102851990-replay.json,1,03a9b13e441579841e9c47aa65a8b0cb6df936c94b01bb01dc39b4cd338e75aa,117,32,55565424,reached,19,True,False,1,1,13,4,3,6,11,28,6,10,106,True,,ended_before,,,,,,,,,,,,,,,,29,reached,9,True,False,1,1,33,19,8,6,5,39,6,5,63,True,
0,ok,True,102840431,False,False,DONE,,,0,b62496905c5b620a099b011e4cb7f4fc14a1c74c064f0e99196c2ac16e755530,no_explicit_terminal_engine_result,14,EpisodeState.COMPLETED,-1,24,55129558,loss,True,28,0,True,loss,/private/tmp/kaggle_eps/55565424/replays/episode-102840431-replay.json,-1,d9fead1f0d277451abbbaed9d745dd6f1bd97eff481a352b6614cc9344a7a50c,119,26,55565424,ended_before,,,,,,,,,,,,,,,,19,ended_before,,,,,,,,,,,,,,,,29,reached,9,True,False,1,1,28,12,13,3,4,30,6,5,87,True,
0,ok,True,102828935,False,False,DONE,,,0,dd2322a330a49100a2cc312c99631ac9b28ee73280fa115b82485904c55fe86b,no_explicit_terminal_engine_result,16,EpisodeState.COMPLETED,-1,21,54402586,loss,True,22,0,True,loss,/private/tmp/kaggle_eps/55565424/replays/episode-102828935-replay.json,-1,fb82fbe20ebf7dca9718059594eace92a90a651a28138b689fe2f39fa9edc0dd,177,22,55565424,ended_before,,,,,,,,,,,,,,,,19,ended_before,,,,,,,,,,,,,,,,29,reached,9,True,False,1,1,27,16,7,4,5,31,6,5,109,True,
0,ok,True,102827707,True,True,DONE,,,1,ded05b7003dd121f87cb4eaa88922e28baca19eb875eae794ea3c9558501867e,no_explicit_terminal_engine_result,25,EpisodeState.COMPLETED,1,11,55514656,win,True,38,1,True,win,/private/tmp/kaggle_eps/55565424/replays/episode-102827707-replay.json,1,54c4e350426411877bb72d32217c6a30828ec985ce386d9c9c47724963b4d05f,117,38,55565424,reached,19,True,False,1,1,15,6,6,3,8,16,6,10,98,True,,ended_before,,,,,,,,,,,,,,,,29,reached,9,True,False,1,1,31,23,5,3,6,27,6,5,70,True,
0,ok,True,102816153,True,True,DONE,,,0,a3a2a1373bb21f5f91426651072fac5257203019512170765a47e39a4cdc07cc,no_explicit_terminal_engine_result,45,EpisodeState.COMPLETED,1,8,55559665,win,True,57,0,True,win,/private/tmp/kaggle_eps/55565424/replays/episode-102816153-replay.json,1,cd385a7331e2abfdf874e8c0e9b71759daf7b1319455c5a1a9f5f47f3b3b6cf7,163,47,55565424,reached,19,True,False,1,1,33,25,2,6,8,21,6,10,84,True,,reached,29,True,False,1,1,21,15,0,6,9,15,6,15,109,True,,reached,9,True,False,1,1,43,35,2,6,12,32,6,5,48,True,
0,ok,True,102813534,True,True,DONE,,,0,794a22f407d1858dc840b920c93b8cbf93e9052b107aef673189814d74fe306a,no_explicit_terminal_engine_result,35,EpisodeState.COMPLETED,1,12,55533646,win,True,52,0,True,win,/private/tmp/kaggle_eps/55565424/replays/episode-102813534-replay.json,1,8c493527c7b63b442478bb18c03794bc205ec16e439491c2a5924ac6fc051d08,154,51,55565424,reached,19,True,False,1,1,22,9,9,4,4,12,6,10,120,True,,reached,29,True,False,1,1,13,3,6,4,5,6,6,15,140,True,,reached,9,True,False,1,1,50,40,4,6,7,25,6,5,53,True,
0,ok,True,102809342,True,True,DONE,,,0,f6b25c4031ca84ebd36d633d451e6f2672ba1bb49f04f5514958da5214a69174,no_explicit_terminal_engine_result,35,EpisodeState.COMPLETED,1,10,53960329,win,True,46,0,True,win,/private/tmp/kaggle_eps/55565424/replays/episode-102809342-replay.json,1,16aa154b955360bdd882de193a2018aaa0ab60bbaf5208a5dd36e792a4c0a9e1,166,43,55565424,reached,19,True,False,1,1,20,8,7,5,8,17,4,10,136,True,,reached,29,False,False,1,1,20,3,12,5,15,11,4,15,151,False,,reached,9,True,False,1,1,36,25,6,5,10,27,4,5,71,True,
0,ok,True,102803240,False,False,DONE,,,0,915b5b105f5a4cd62e50d35ae8140e90b53dbba199fafe722ad94979eb03d028,no_explicit_terminal_engine_result,13,EpisodeState.COMPLETED,-1,36,55547070,loss,False,17,1,True,loss,/private/tmp/kaggle_eps/55565424/replays/episode-102803240-replay.json,-1,946f6dfba5a90d7bf4169673e9b212210826422054d5c4e9213c1c62c5d870fc,74,14,55565424,ended_before,,,,,,,,,,,,,,,,20,ended_before,,,,,,,,,,,,,,,,30,reached,10,True,False,1,1,38,23,13,2,3,37,6,5,62,True,
0,ok,True,102791657,True,True,DONE,,,0,1aeec7007a04bcfafd806a1c376ea01838dd17515a363df22061f5e8e7b9aff2,no_explicit_terminal_engine_result,20,EpisodeState.COMPLETED,1,12,55560805,win,False,33,1,True,win,/private/tmp/kaggle_eps/55565424/replays/episode-102791657-replay.json,1,8e9b3f74897e95a8f4ea563ce9210be7b774f3f0bf0d5c5f3fdbaaa613485891,110,31,55565424,reached,20,True,False,1,1,12,4,3,5,6,14,6,10,106,True,,ended_before,,,,,,,,,,,,,,,,30,reached,10,True,False,1,1,34,23,5,6,7,33,6,5,61,True,
0,ok,True,102780646,True,True,DONE,,,0,65f1e5ab5dfe20a54ffa8e6df98a5a34ca17a680e5d2c764cdbbc4a48c832671,no_explicit_terminal_engine_result,18,EpisodeState.COMPLETED,-1,8,55415639,loss,True,39,0,True,loss,/private/tmp/kaggle_eps/55565424/replays/episode-102780646-replay.json,-1,ccd82338fdd195d002b7195be37c0959f61d3ae6c487eb4ae43e016bf832bea1,158,37,55565424,ended_before,,,,,,,,,,,,,,,,19,ended_before,,,,,,,,,,,,,,,,29,reached,9,True,False,1,1,35,11,20,4,5,26,6,5,84,True,
0,ok,True,102777628,False,False,DONE,,,1,8a8059e70bc5cab43c527af898e0f9ed0b54684b8bc0223b7b21f1769afa11fd,no_explicit_terminal_engine_result,12,EpisodeState.COMPLETED,-1,26,55514865,loss,True,14,1,True,loss,/private/tmp/kaggle_eps/55565424/replays/episode-102777628-replay.json,-1,1c8d038b35ed9c1853fd471b1883ba060162e8510b430b4d73bf5678a993dcb1,92,10,55565424,ended_before,,,,,,,,,,,,,,,,19,ended_before,,,,,,,,,,,,,,,,29,reached,9,True,False,1,1,29,14,12,3,5,41,6,5,77,True,
0,ok,True,102777683,False,False,DONE,,,1,8505b03eb0c516777d8360438a5bf143f4563bf26cebe5848fb9df5ba1af9c1c,no_explicit_terminal_engine_result,14,EpisodeState.COMPLETED,-1,31,55394097,loss,True,24,1,True,loss,/private/tmp/kaggle_eps/55565424/replays/episode-102777683-replay.json,-1,d02409c485dbd494afc6161c811b8d370f9b06545c4c73134472ef91dd7932b3,104,22,55565424,ended_before,,,,,,,,,,,,,,,,19,ended_before,,,,,,,,,,,,,,,,29,reached,9,True,False,1,1,36,11,21,4,6,40,6,5,67,True,
0,ok,True,102765706,False,False,DONE,,,0,868e58b651fae724cf061b3db64c66fe51788270d32c363623ef93c5015b247c,no_explicit_terminal_engine_result,46,EpisodeState.COMPLETED,-1,18,55561159,loss,True,59,0,True,loss,/private/tmp/kaggle_eps/55565424/replays/episode-102765706-replay.json,-1,4d9f12834dabb4ea0facfa7591caea469c3db6d3e0e8d3d19b928936024112e8,153,53,55565424,reached,19,True,False,1,1,30,20,6,4,3,14,6,10,95,True,,reached,29,True,False,1,1,23,15,4,4,9,8,6,15,111,True,,reached,9,True,False,1,1,41,30,6,5,7,31,6,5,57,True,
0,ok,True,102763439,True,True,DONE,,,0,e99f02d17aec5ff136fae8036151bf3928a583077c9df7075c2ab68c8f12c6f7,no_explicit_terminal_engine_result,29,EpisodeState.COMPLETED,1,11,54381484,win,True,43,0,True,win,/private/tmp/kaggle_eps/55565424/replays/episode-102763439-replay.json,1,d3718aeea2701b82b664a1b223e5c4341ea388a06384224d4d3c56e9da7ce3ab,131,35,55565424,reached,19,True,False,1,1,20,11,5,4,4,27,5,10,101,True,,reached,29,True,False,1,1,11,1,6,4,6,19,5,15,129,True,,reached,9,True,False,1,1,46,35,5,6,12,33,6,5,39,True,
0,ok,True,102751858,False,False,DONE,,,0,ed0107c97f98ec707822ccaea4e030f901a6dc1e69c14c1572ff1614fc9cd92d,no_explicit_terminal_engine_result,13,EpisodeState.COMPLETED,-1,28,55409168,loss,False,26,1,True,loss,/private/tmp/kaggle_eps/55565424/replays/episode-102751858-replay.json,-1,bda1580b145adce0e21b78c42c175eee042c9f1d2be1cc09118dc935bb5a6514,116,25,55565424,ended_before,,,,,,,,,,,,,,,,20,ended_before,,,,,,,,,,,,,,,,30,reached,10,True,False,1,1,30,21,7,2,2,28,6,5,91,True,
0,ok,True,102746571,False,False,DONE,,,0,7819c7aa3bb36a1ca00ceb287b03b91f8941f14441e4f406bf95bd36ee5cacdd,no_explicit_terminal_engine_result,14,EpisodeState.COMPLETED,-1,22,54831441,loss,True,31,0,True,loss,/private/tmp/kaggle_eps/55565424/replays/episode-102746571-replay.json,-1,c307a0620a882341dba3065ca2d6251be2eb94e21c2ad7ea5ce5ce27b42cddc3,110,23,55565424,ended_before,,,,,,,,,,,,,,,,19,ended_before,,,,,,,,,,,,,,,,29,reached,9,True,False,1,1,35,18,14,3,7,17,6,5,80,True,
0,ok,True,102743161,False,False,DONE,,,0,1652177d242ffe143ebf13f8b3fb0e91978c69880a1eb24156cd47e78daa7711,no_explicit_terminal_engine_result,22,EpisodeState.COMPLETED,-1,25,55065113,loss,True,37,0,True,loss,/private/tmp/kaggle_eps/55565424/replays/episode-102743161-replay.json,-1,7147770aa5be677f43d5c3608251e1f856a784af4c8518dfd26a943aa43a33c9,111,36,55565424,reached,19,True,False,1,1,28,20,6,2,9,17,5,10,90,True,,ended_before,,,,,,,,,,,,,,,,29,reached,9,True,False,1,1,50,39,6,5,11,35,6,5,35,True,
0,ok,True,102731611,True,True,DONE,,,0,dd8cdfd81fc28c3206b39f25ee5559315c641681387970eb0843958bbbf91ea1,no_explicit_terminal_engine_result,29,EpisodeState.COMPLETED,1,9,55164188,win,True,40,0,True,win,/private/tmp/kaggle_eps/55565424/replays/episode-102731611-replay.json,1,cc88ad391850439fe250a19c409be3e4a1abd63f6dc11661b9df068d92a9e7e1,117,28,55565424,reached,19,True,False,1,1,19,10,3,6,12,15,6,10,86,True,,reached,29,True,False,1,1,9,0,3,6,12,8,6,15,111,True,,reached,9,False,False,1,1,48,40,2,6,14,27,6,5,42,False,
0,ok,True,102720059,False,False,DONE,,,0,aa6967d13184fcd6e1c5f086239fcd2cb4106b99b59705036bb8a65f9f58a389,no_explicit_terminal_engine_result,28,EpisodeState.COMPLETED,-1,20,53788568,loss,True,45,0,True,loss,/private/tmp/kaggle_eps/55565424/replays/episode-102720059-replay.json,-1,b61425202c969ee4d199dbdd03570c1c1b3a3121c03757561ffbc2a808fd737d,110,41,55565424,reached,19,True,False,1,1,27,21,3,3,6,10,6,10,78,True,,ended_before,,,,,,,,,,,,,,,,29,reached,9,True,False,1,1,48,40,3,5,11,36,6,5,34,True,
0,ok,True,102708477,True,True,DONE,,,1,12cacedc97d04c8a7bcff372a624728c259b8681a1ceffd4683ba078aca0f405,no_explicit_terminal_engine_result,15,EpisodeState.COMPLETED,1,5,54992922,win,True,35,1,True,win,/private/tmp/kaggle_eps/55565424/replays/episode-102708477-replay.json,1,0397f342e22233195d8f4d1609ecdf3c05e56c19c4c7a1a7f29b803cedb7e8b6,105,35,55565424,ended_before,,,,,,,,,,,,,,,,19,ended_before,,,,,,,,,,,,,,,,29,reached,9,True,False,1,1,27,20,3,4,6,32,6,5,57,True,
0,ok,True,102706880,True,True,DONE,,,0,80a2fecb849fbd72b916f2fc5e716dcab3b1dbe94320e1a0d3528e9ca09f49d6,no_explicit_terminal_engine_result,21,EpisodeState.COMPLETED,1,14,55563058,win,True,40,0,True,win,/private/tmp/kaggle_eps/55565424/replays/episode-102706880-replay.json,1,74520a58bbb9340533267ebaa9b976ca10a9f34de15a2686c163f7563e6374e0,124,38,55565424,reached,19,True,False,1,1,15,2,10,3,8,9,6,10,117,True,,ended_before,,,,,,,,,,,,,,,,29,reached,9,True,False,1,1,24,12,8,4,9,15,6,5,86,True,
0,ok,True,102703397,True,True,DONE,,,0,f83d1ff8642b747bb7df5b44632a52f7b7c4f6294f8dce4610deab63839ee339,no_explicit_terminal_engine_result,29,EpisodeState.COMPLETED,1,14,55519644,win,True,45,0,True,win,/private/tmp/kaggle_eps/55565424/replays/episode-102703397-replay.json,1,a72e47d664e8e3ead1fd59e0f845726bff154b8522870187e52b4dc78a0b8766,118,38,55565424,reached,19,True,False,1,1,26,11,9,6,10,25,6,10,88,True,,reached,29,False,False,1,1,14,2,7,5,13,13,6,15,113,False,,reached,9,True,False,1,1,33,22,5,6,12,30,6,5,67,True,
0,ok,True,102696294,False,False,DONE,,,0,a1fe85c0d02958aeb62899261be8a70ef7f6caca99a4b0af996a6cb9046a4e80,no_explicit_terminal_engine_result,34,EpisodeState.COMPLETED,1,21,55554041,win,False,31,1,True,win,/private/tmp/kaggle_eps/55565424/replays/episode-102696294-replay.json,1,cd0e1ac531bbf6f376376e320c72dfb02023dd04586ab57af8587780fff6771b,84,24,55565424,reached,20,True,False,1,1,29,15,8,6,7,20,6,10,63,True,,reached,30,True,False,1,1,24,5,13,6,12,10,6,15,75,True,,reached,10,True,False,1,1,40,31,3,6,10,33,6,5,49,True,
0,ok,True,102696638,False,False,DONE,,,1,b27da5f9dd9f224ab70b30d8aa7e674991cd0df56438d1f4cf331df0af96084f,no_explicit_terminal_engine_result,16,EpisodeState.COMPLETED,-1,23,55380412,loss,True,24,1,True,loss,/private/tmp/kaggle_eps/55565424/replays/episode-102696638-replay.json,-1,33c4f3cbd08bf44aefa6a1463934bb8ed6ea0813f561e236b7a4557cc7f0348a,124,23,55565424,ended_before,,,,,,,,,,,,,,,,19,ended_before,,,,,,,,,,,,,,,,29,reached,9,True,False,1,1,28,11,13,4,5,33,6,5,86,True,
0,ok,True,102684783,True,True,DONE,,,0,db59629b196f54802bd25bb15363027c681e54b77588266fd40048ab79af872e,no_explicit_terminal_engine_result,14,EpisodeState.COMPLETED,1,6,55378847,win,False,36,1,True,win,/private/tmp/kaggle_eps/55565424/replays/episode-102684783-replay.json,1,6316db055d00d4b5232f10adae176e21da441083b99116d15a8595ff9e974b00,134,34,55565424,ended_before,,,,,,,,,,,,,,,,20,ended_before,,,,,,,,,,,,,,,,30,reached,10,True,False,1,1,21,11,6,4,7,17,6,5,100,True,
0,ok,True,102677252,True,True,DONE,,,0,65b32822ee685136b934fbe2bd88655c423fafa2c9f651321f31e184642d996d,no_explicit_terminal_engine_result,35,EpisodeState.COMPLETED,1,11,55147815,win,True,60,0,True,win,/private/tmp/kaggle_eps/55565424/replays/episode-102677252-replay.json,1,fa460ea5c5c95add17763d5a0d85526e3ff004f161b33b3b88f20f16bcdbd4ba,206,50,55565424,reached,19,True,False,1,1,15,8,4,3,4,9,6,10,160,True,,reached,29,True,False,1,1,11,3,5,3,4,4,6,15,194,True,,reached,9,False,False,1,1,36,28,5,3,16,22,6,5,89,False,
0,ok,True,102675211,False,False,DONE,,,0,78cbdf51eff3210dea1883d93ebbfaaf1b7beb6e1e75ec495458540a6cf492f2,no_explicit_terminal_engine_result,16,EpisodeState.COMPLETED,-1,22,55558051,loss,True,38,0,True,loss,/private/tmp/kaggle_eps/55565424/replays/episode-102675211-replay.json,-1,d29079d430ef29bcc99e5fa6ce2c85a8c80d6823836fd720a3b936fd41d550d1,208,33,55565424,ended_before,,,,,,,,,,,,,,,,19,ended_before,,,,,,,,,,,,,,,,29,reached,9,False,False,1,1,27,12,9,6,15,26,6,5,100,False,
0,ok,True,102675933,False,False,DONE,,,0,ce3f8a2af97f0255c6ab5dd3a39eef8c90aaf9d7b2bff7bb1a3192f22fcea7e0,no_explicit_terminal_engine_result,27,EpisodeState.COMPLETED,-1,25,55531425,loss,False,40,1,True,loss,/private/tmp/kaggle_eps/55565424/replays/episode-102675933-replay.json,-1,c4be5bc2bda7d6c8a443dde58c88658d690347649ab28d078280317e62b56243,144,35,55565424,reached,20,True,False,1,1,36,25,10,1,5,15,6,10,106,True,,ended_before,,,,,,,,,,,,,,,,30,reached,10,True,False,1,1,46,33,8,5,9,32,6,5,59,True,
0,ok,True,102663196,False,False,DONE,,,0,c92fb53e11ebc934109da3c7e9579e0234671acb2b9e1f2880ac503b20d4c1b4,no_explicit_terminal_engine_result,23,EpisodeState.COMPLETED,-1,30,54630715,loss,False,37,1,True,loss,/private/tmp/kaggle_eps/55565424/replays/episode-102663196-replay.json,-1,cb77106f91b52852f35820c65f245a00437026b3c0b845bd57c942b54d4986e6,118,34,55565424,reached,20,True,False,1,1,30,24,4,2,7,15,6,10,105,True,,ended_before,,,,,,,,,,,,,,,,30,reached,10,True,False,1,1,38,28,6,4,5,27,6,5,76,True,
0,ok,True,102657161,False,False,DONE,,,0,f4da5ad9fa98cc26c9d0a12003a91ab56576309a53d25ea434eb2aa12b257102,no_explicit_terminal_engine_result,20,EpisodeState.COMPLETED,1,16,55242028,win,False,43,1,True,win,/private/tmp/kaggle_eps/55565424/replays/episode-102657161-replay.json,1,5ca76a335c7979e26adb91e06ccd7f7711a9a299394713db7eb7637e5942932b,201,40,55565424,reached,20,True,False,1,1,16,8,6,2,7,16,2,10,195,True,,ended_before,,,,,,,,,,,,,,,,30,reached,10,True,False,1,1,28,19,4,5,6,25,5,5,109,True,
0,ok,True,102645132,True,True,DONE,,,1,84e94ed0e4aa0d2b1065364e7320dabc7a44815f7e400699cc6735764d3a8310,no_explicit_terminal_engine_result,23,EpisodeState.COMPLETED,1,12,55239603,win,True,34,1,True,win,/private/tmp/kaggle_eps/55565424/replays/episode-102645132-replay.json,1,a66f5dda5377cf5b7f446f4615efe9bb72fd3527bec2ae31be1df8a54149439a,92,32,55565424,reached,19,True,False,1,1,16,5,6,5,7,14,6,10,82,True,,ended_before,,,,,,,,,,,,,,,,29,reached,9,True,False,1,1,42,31,5,6,6,27,6,5,46,True,
0,ok,True,102644051,False,False,DONE,,,1,bcdfc55e98d7ad97c00687e83bae5d8ceb0733591185ddb6cbfc9ecd71e5f1fb,no_explicit_terminal_engine_result,50,EpisodeState.COMPLETED,-1,23,54976145,loss,True,58,1,True,loss,/private/tmp/kaggle_eps/55565424/replays/episode-102644051-replay.json,-1,32a4b0fcc10b5b7f20c5632bc6d6d5b06a34b3595eeff61b358a7b74ad77cb73,136,51,55565424,reached,19,True,False,1,1,28,19,3,6,5,20,6,10,79,True,,reached,29,True,False,1,1,27,14,7,6,7,12,6,15,97,True,,reached,9,True,False,1,1,40,30,4,6,9,27,6,5,52,True,
0,ok,True,102638742,False,False,DONE,,,0,64f64d034d413798d6308e564f2194725a7d459a5e3d6c6b578fedddeb44380f,no_explicit_terminal_engine_result,23,EpisodeState.COMPLETED,1,28,55323685,win,True,29,0,True,win,/private/tmp/kaggle_eps/55565424/replays/episode-102638742-replay.json,1,2fb2fe8e662ea5dcdc000c944ab6e18d8284848499e37fd239c8adb9d3f6d53e,102,28,55565424,reached,19,True,False,1,1,30,3,21,6,6,32,6,10,90,True,,ended_before,,,,,,,,,,,,,,,,29,reached,9,True,False,1,1,40,25,9,6,8,39,6,5,52,True,
0,ok,True,102627177,True,True,DONE,,,0,b28baf7e49b34cdfdacc6c3b1c7bee085628ffef2eaf39207d8addef8e93162f,no_explicit_terminal_engine_result,24,EpisodeState.COMPLETED,-1,10,54473037,loss,True,46,0,True,loss,/private/tmp/kaggle_eps/55565424/replays/episode-102627177-replay.json,-1,3d7f6d43b049619ecbe2acf077a99c24cc0852aa6424bf2f11231242aaeabe7f,213,43,55565424,reached,19,True,False,1,1,15,6,6,3,4,10,6,10,171,True,,ended_before,,,,,,,,,,,,,,,,29,reached,9,True,False,1,1,29,18,5,6,8,28,6,5,76,True,
0,ok,True,102615515,False,False,DONE,,,0,cb94b58a0b7c485323a39ac1e8c99d36933f5984d86999799a23f57829e71ff5,no_explicit_terminal_engine_result,25,EpisodeState.COMPLETED,1,19,55486906,win,True,41,0,True,win,/private/tmp/kaggle_eps/55565424/replays/episode-102615515-replay.json,1,8b51a3d23bd0ff4257e17f71917571546d8a977118a58cdee5ee3c48c1276d83,114,39,55565424,reached,19,True,False,1,1,22,6,12,4,11,11,6,10,101,True,,ended_before,,,,,,,,,,,,,,,,29,reached,9,True,False,1,1,31,21,5,5,6,27,6,5,72,True,
0,ok,True,102613287,False,False,DONE,,,0,c5e42967a06a0439c43806e2effd9670a055355fa0ab3c89109e1ced2df867cf,no_explicit_terminal_engine_result,12,EpisodeState.COMPLETED,-1,17,54301145,loss,True,32,0,True,loss,/private/tmp/kaggle_eps/55565424/replays/episode-102613287-replay.json,-1,b1cc047093d9aa8c6e481974fde368fd6225595836f716b99522d932b8e04244,128,31,55565424,ended_before,,,,,,,,,,,,,,,,19,ended_before,,,,,,,,,,,,,,,,29,reached,9,True,False,1,1,22,13,7,2,10,19,6,5,108,True,
0,ok,True,102601709,False,False,DONE,,,0,c97354d0ec0c1fd7ffbbafc33ec360ee8393e6212b614384cc1bf7988d6a902b,no_explicit_terminal_engine_result,32,EpisodeState.COMPLETED,-1,27,55298056,loss,True,44,0,True,loss,/private/tmp/kaggle_eps/55565424/replays/episode-102601709-replay.json,-1,27e34e788820dcbbc802beeceba88cd27294db81fa5f86b6197950c5190441c8,111,36,55565424,reached,19,True,False,1,1,41,30,8,3,2,26,6,10,69,True,,reached,29,True,False,1,1,31,20,10,1,3,20,6,15,94,True,,reached,9,False,False,1,1,50,39,6,5,14,32,6,5,41,False,
0,ok,True,102592321,True,True,DONE,,,0,fb9d4ff5e943b8aa800d05acc37be18e2fab29c49659cb890944132b60232a10,no_explicit_terminal_engine_result,28,EpisodeState.COMPLETED,-1,14,55542454,loss,True,35,0,True,loss,/private/tmp/kaggle_eps/55565424/replays/episode-102592321-replay.json,-1,5ae61520b059b6c866f121904502d9ae84550bf7000673314dbb9db61ba1c9bf,140,26,55565424,reached,19,False,False,1,1,18,6,8,4,1,35,5,10,100,False,,ended_before,,,,,,,,,,,,,,,,29,reached,9,True,False,1,1,34,21,8,5,5,42,5,5,55,True,
0,ok,True,102586067,False,False,DONE,,,0,6205b502610eab7279fa01a10b8a446ee2eedd3c25e35b3852c82ac90fdb5ea4,no_explicit_terminal_engine_result,21,EpisodeState.COMPLETED,-1,26,55561610,loss,False,46,1,True,loss,/private/tmp/kaggle_eps/55565424/replays/episode-102586067-replay.json,-1,f9ccf145583318970fc9dae12c78d0112cc9bc40b6cecc8e0034393ece8a14ef,197,46,55565424,reached,20,True,False,1,1,26,13,12,1,5,17,5,10,183,True,,ended_before,,,,,,,,,,,,,,,,30,reached,10,True,False,1,1,37,25,6,6,7,26,6,5,88,True,
0,ok,True,102586144,True,True,DONE,,,0,23d93a5809421dfc7def2e81a6c79995a6d653d6b189beb4c20b12a2d265e269,no_explicit_terminal_engine_result,14,EpisodeState.COMPLETED,1,12,53767862,win,False,39,1,True,win,/private/tmp/kaggle_eps/55565424/replays/episode-102586144-replay.json,1,a4ba0e40cafa5ae6e7aacc2fd623881bf88068136679f86909947d97bce0c1ae,139,34,55565424,ended_before,,,,,,,,,,,,,,,,20,ended_before,,,,,,,,,,,,,,,,30,reached,10,True,False,1,1,18,7,6,5,12,23,6,5,103,True,
0,ok,True,102585807,True,True,DONE,,,0,8989148ce949028d8074b8c3a0e34bba6383cfc97893cfd0608a09ad34a9a9d2,no_explicit_terminal_engine_result,20,EpisodeState.COMPLETED,1,9,53852526,win,False,37,1,True,win,/private/tmp/kaggle_eps/55565424/replays/episode-102585807-replay.json,1,d30e374a493aa6bfbad6a3e9a89080931a4da0344c89bac59bc4fc11ca7a49de,123,30,55565424,reached,20,True,False,1,1,9,1,4,4,6,10,6,10,121,True,,ended_before,,,,,,,,,,,,,,,,30,reached,10,False,False,1,1,27,14,7,6,13,25,6,5,73,False,
0,ok,True,102573756,False,False,DONE,,,0,9564abac5a6a19f908223d445d88a45cc57e8f9cacefca998522beae5dfbd042,no_explicit_terminal_engine_result,10,EpisodeState.COMPLETED,-1,39,54397637,loss,True,16,0,True,loss,/private/tmp/kaggle_eps/55565424/replays/episode-102573756-replay.json,-1,2e418d133d64025ffc181db87cf30b6f475d95ad91fbba26cdb40ebd5a93da2e,75,15,55565424,ended_before,,,,,,,,,,,,,,,,19,ended_before,,,,,,,,,,,,,,,,29,reached,9,True,False,1,1,39,30,6,3,3,34,6,5,56,True,
0,ok,True,102569139,False,False,DONE,,,0,a10fe12cf19bbe1400f1192d49b4311aa7584262b9bf29a24389106f029bb6ef,no_explicit_terminal_engine_result,16,EpisodeState.COMPLETED,-1,22,55406455,loss,True,33,0,True,loss,/private/tmp/kaggle_eps/55565424/replays/episode-102569139-replay.json,-1,6338fa59f035f40cf115841d498b2173f66ed32df882b472542904052504ad20,195,29,55565424,ended_before,,,,,,,,,,,,,,,,19,ended_before,,,,,,,,,,,,,,,,29,reached,9,True,False,1,1,29,18,6,5,11,28,6,5,86,True,
0,ok,True,102557422,False,False,DONE,,,0,edc27a24987f99a2e2ae3813fadfaafb2ee198d0863a6d51a7f950ab143c6869,no_explicit_terminal_engine_result,18,EpisodeState.COMPLETED,1,16,55552872,win,False,38,1,True,win,/private/tmp/kaggle_eps/55565424/replays/episode-102557422-replay.json,1,143c32d105dca05140d2db20261d00972ddf57e824cecb931ffbb8b355970e4e,172,29,55565424,ended_before,,,,,,,,,,,,,,,,20,ended_before,,,,,,,,,,,,,,,,30,reached,10,True,False,1,1,32,22,5,5,7,33,5,5,87,True,
0,ok,True,102555060,True,True,DONE,,,0,8de42ba33b6ad236025ae46c8baea712e07bab7fb2e86f351e498f3e9cdb043f,no_explicit_terminal_engine_result,22,EpisodeState.COMPLETED,-1,12,55411493,loss,True,32,0,True,loss,/private/tmp/kaggle_eps/55565424/replays/episode-102555060-replay.json,-1,8ce117bf96df743504044a9c6f0facb7da638bf1c331a102cd1f414538a29e9d,126,30,55565424,reached,19,True,False,1,1,14,8,4,2,4,33,2,10,113,True,,ended_before,,,,,,,,,,,,,,,,29,reached,9,True,False,1,1,39,30,3,6,5,40,6,5,49,True,
0,ok,True,102553449,False,False,DONE,,,0,2a88a7c14d29148bc57fc4ec4fd10191afc6a96494e5d2c43f104181a2828431,no_explicit_terminal_engine_result,15,EpisodeState.COMPLETED,-1,19,55104008,loss,False,20,1,True,loss,/private/tmp/kaggle_eps/55565424/replays/episode-102553449-replay.json,-1,100e9d83f23284b644a2bc3f261c9689aef373f1cd0e29a0118393a05a330ba4,102,16,55565424,ended_before,,,,,,,,,,,,,,,,20,ended_before,,,,,,,,,,,,,,,,30,reached,10,True,False,1,1,29,17,10,2,2,42,6,5,73,True,
0,ok,True,102550217,True,True,DONE,,,1,16cd68d423e07a3ed4bd6d132674c39a39c69d75761cb63ca0e3c01a45f3e23a,no_explicit_terminal_engine_result,47,EpisodeState.COMPLETED,1,6,54934594,win,True,70,1,True,win,/private/tmp/kaggle_eps/55565424/replays/episode-102550217-replay.json,1,1005a127dadb03e8a3b20f965d805cf3f2f9e88d5b2cef61fd062ac77d53302d,161,67,55565424,reached,19,True,False,1,1,34,23,6,5,10,18,5,10,82,True,,reached,29,True,False,1,1,28,15,10,3,8,12,3,15,113,True,,reached,9,False,False,1,1,37,28,3,6,17,29,5,5,51,False,
0,ok,True,102538205,False,False,DONE,,,1,50d90637adbac93524ef19f9a7192c35f56bf5745816cddb2b6170519034b346,no_explicit_terminal_engine_result,16,EpisodeState.COMPLETED,-1,21,55388626,loss,True,29,1,True,loss,/private/tmp/kaggle_eps/55565424/replays/episode-102538205-replay.json,-1,42eb4cb04de2d4cd4ff51feb66f1c15db25ae60603f2b83473e0a64004f7cc83,131,28,55565424,ended_before,,,,,,,,,,,,,,,,19,ended_before,,,,,,,,,,,,,,,,29,reached,9,True,False,1,1,25,11,10,4,6,27,6,5,89,True,
0,ok,True,102526653,False,False,DONE,,,0,362e1d7858ec3c02c2603ee10ff633621988ea557ee489b83f30b8c4bca43caa,no_explicit_terminal_engine_result,18,EpisodeState.COMPLETED,-1,22,54702149,loss,True,40,0,True,loss,/private/tmp/kaggle_eps/55565424/replays/episode-102526653-replay.json,-1,f6fa3fcb8e65132f0ec9708f401bb06dcd502d1c6ac706b6167b2d49a9816398,178,16,55565424,ended_before,,,,,,,,,,,,,,,,19,ended_before,,,,,,,,,,,,,,,,29,reached,9,False,False,1,1,31,18,7,6,32,21,6,5,87,False,
0,ok,True,102515101,False,False,DONE,,,0,43dd32e1b0201abc1096724f17bc206da2846e4a37b347962b01750af1d3d2b3,no_explicit_terminal_engine_result,12,EpisodeState.COMPLETED,-1,28,55138635,loss,True,17,0,True,loss,/private/tmp/kaggle_eps/55565424/replays/episode-102515101-replay.json,-1,b151ed7eedd4102af479ed01e0385c40caf44f916b79a3aa9ae96aad163cdeda,93,16,55565424,ended_before,,,,,,,,,,,,,,,,19,ended_before,,,,,,,,,,,,,,,,29,reached,9,True,False,1,1,30,7,20,3,2,39,6,5,81,True,
0,ok,True,102503556,True,False,DONE,,,0,6765df69383dfad1a5d6fc16041177c6bd6acfb13d8c47590bed7a4d05ca4a44,no_explicit_terminal_engine_result,33,EpisodeState.COMPLETED,1,14,54260948,win,True,40,0,True,win,/private/tmp/kaggle_eps/55565424/replays/episode-102503556-replay.json,1,e29fcfb9db60f47e6e9491e48718c42b3f649b7068c2498ce4e476734288f32b,118,20,55565424,reached,19,False,False,1,1,25,17,2,6,16,18,4,10,72,False,,reached,29,False,False,1,1,15,9,0,6,19,12,2,15,101,False,,reached,9,True,False,1,1,36,27,3,6,9,26,6,5,49,True,
0,ok,True,102495228,False,False,DONE,,,1,ca8d242aec61f60e9586ee950bd6468bbe890147c4d2fa93f2a1f71cc0fe334e,no_explicit_terminal_engine_result,2,EpisodeState.COMPLETED,-1,59,55088391,loss,True,1,1,True,loss,/private/tmp/kaggle_eps/55565424/replays/episode-102495228-replay.json,-1,7112c2e968a780bae049daf2b8c3af3f02489ca2fce35d09f5423de3fe00ebc3,21,1,55565424,ended_before,,,,,,,,,,,,,,,,19,ended_before,,,,,,,,,,,,,,,,29,ended_before,,,,,,,,,,,,,,,,9
0,ok,True,102488127,False,False,DONE,,,0,9a81e7a43a21cd7dbf60ae7f239c62284b837bb395b63c37b08ab8fa9b6bca28,no_explicit_terminal_engine_result,32,EpisodeState.COMPLETED,1,18,55559156,win,False,35,1,True,win,/private/tmp/kaggle_eps/55565424/replays/episode-102488127-replay.json,1,e2fbe7f281fc223466aab0da368b16a4a4a2071ffce1ab4caa75490af7eee655,100,24,55565424,reached,20,False,False,1,1,27,13,8,6,13,22,6,10,61,False,,reached,30,True,False,1,1,18,5,7,6,9,11,6,15,93,True,,reached,10,True,False,1,1,33,24,3,6,5,35,6,5,43,True,
0,ok,True,102476558,False,False,DONE,,,0,6e1699e323dc7bb878bf68a43a67d0fe124bc052c518ddce7ddd6f9623eab222,no_explicit_terminal_engine_result,26,EpisodeState.COMPLETED,-1,29,55530671,loss,True,43,0,True,loss,/private/tmp/kaggle_eps/55565424/replays/episode-102476558-replay.json,-1,1785a94c796cfd038c39353174b7708641bd2065ecf68a8c459e20933939256e,103,37,55565424,reached,19,True,False,1,1,33,26,5,2,6,19,6,10,85,True,,ended_before,,,,,,,,,,,,,,,,29,reached,9,True,False,1,1,41,32,3,6,5,32,6,5,44,True,
0,ok,True,102471101,False,False,DONE,,,0,1fe6ee7a5e11e8cfe9c3653dfe10f0670b78c538043454df5fe779890f8aefa7,no_explicit_terminal_engine_result,28,EpisodeState.COMPLETED,-1,26,55255442,loss,True,50,0,True,loss,/private/tmp/kaggle_eps/55565424/replays/episode-102471101-replay.json,-1,0e9840df5a3a2cabcc2762432cb5b9ca515fa8369ba7193c66cd9286a931e87e,217,49,55565424,reached,19,True,False,1,1,28,18,6,4,8,12,5,10,163,True,,ended_before,,,,,,,,,,,,,,,,29,reached,9,True,False,1,1,32,24,2,6,5,24,6,5,84,True,
0,ok,True,102459506,True,True,DONE,,,0,9bc23ba88842eee6d61260c7b19eab9459074a6fec8f3ce637985cdfedf81e51,no_explicit_terminal_engine_result,18,EpisodeState.COMPLETED,1,14,55553917,win,False,40,1,True,win,/private/tmp/kaggle_eps/55565424/replays/episode-102459506-replay.json,1,58cd36b5522c5aa884b6a780345e6167fc871a7a74c89095d13595804addb3e9,185,32,55565424,ended_before,,,,,,,,,,,,,,,,20,ended_before,,,,,,,,,,,,,,,,30,reached,10,False,False,1,1,27,15,7,5,16,25,6,5,108,False,
0,ok,True,102457308,False,False,DONE,,,0,67662f34f55d3fd1b501c60af55246dcd83f4b04d2b7d1a5dca956d8d75c55cc,no_explicit_terminal_engine_result,16,EpisodeState.COMPLETED,1,28,55537661,win,False,28,1,True,win,/private/tmp/kaggle_eps/55565424/replays/episode-102457308-replay.json,1,13f3684d7d041e1589d0d2143c015858d7ed688ad36a8497da047fa4a54dd9fe,142,20,55565424,ended_before,,,,,,,,,,,,,,,,20,ended_before,,,,,,,,,,,,,,,,30,reached,10,False,False,1,1,43,32,5,6,20,22,4,5,75,False,
0,ok,True,102445746,True,True,DONE,,,0,9ab553c471efce0addde660126c50f903fe2bee5b5c9e78b03222ad2244e46f8,no_explicit_terminal_engine_result,23,EpisodeState.COMPLETED,1,4,55128381,win,True,43,0,True,win,/private/tmp/kaggle_eps/55565424/replays/episode-102445746-replay.json,1,0d0fec3f18253fe04bf266cba33c9dcbcc712fae22fc1d1c115b6153fa81734c,133,36,55565424,reached,19,True,False,1,1,25,10,14,1,6,8,6,10,110,True,,ended_before,,,,,,,,,,,,,,,,29,reached,9,True,False,1,1,37,22,12,3,10,26,6,5,72,True,
0,ok,True,102434163,False,False,DONE,,,0,c5993756933692857b815aa75d481b2dbcf12442d913b1082ccb4e4c0e101537,no_explicit_terminal_engine_result,23,EpisodeState.COMPLETED,-1,21,55218192,loss,False,45,1,True,loss,/private/tmp/kaggle_eps/55565424/replays/episode-102434163-replay.json,-1,03ae85f81715ac99bdcb548b1d528165891a1d759ca2e6d1eca4e7a1e7afe876,234,33,55565424,reached,20,True,False,1,1,21,9,9,3,3,17,4,10,208,True,,ended_before,,,,,,,,,,,,,,,,30,reached,10,False,False,1,1,29,14,9,6,16,21,5,5,117,False,
0,ok,True,102426185,False,False,DONE,,,0,3f0b63fae026228a9ef23922ee12fae3d667b3cd57ea4aa49c70af9d2aa4a797,no_explicit_terminal_engine_result,19,EpisodeState.COMPLETED,-1,32,55043564,loss,False,34,1,True,loss,/private/tmp/kaggle_eps/55565424/replays/episode-102426185-replay.json,-1,f2fa55b182f88fe9faaff78157e94df53e018e09badf47f3f7d188528745081f,156,30,55565424,ended_before,,,,,,,,,,,,,,,,20,ended_before,,,,,,,,,,,,,,,,30,reached,10,True,False,1,1,44,34,5,5,7,33,6,5,64,True,
0,ok,True,102423418,True,True,DONE,,,0,10faccdca819a7ac7d072f9bd67b42fa5b6678ba8e6b90fb88f72d2f71a5dd96,no_explicit_terminal_engine_result,17,EpisodeState.COMPLETED,1,14,55550810,win,True,42,0,True,win,/private/tmp/kaggle_eps/55565424/replays/episode-102423418-replay.json,1,8a09ec940e86e89ef63439d27b3223781dcde0b854ee80c8ea43b82f0914e944,199,33,55565424,ended_before,,,,,,,,,,,,,,,,19,ended_before,,,,,,,,,,,,,,,,29,reached,9,True,False,1,1,28,18,5,5,9,29,6,5,94,True,
0,ok,True,102420826,False,False,DONE,,,0,27b3a73fad62e2f92a42f07dc874f64b1e4ecacc31c5837c7627a05e3b296449,no_explicit_terminal_engine_result,16,EpisodeState.COMPLETED,1,30,55556245,win,False,23,1,True,win,/private/tmp/kaggle_eps/55565424/replays/episode-102420826-replay.json,1,93bf24ecd9c8d29be45e77d2899cd3fe2969b86997e63a7b2f662d37a144ead9,109,21,55565424,ended_before,,,,,,,,,,,,,,,,20,ended_before,,,,,,,,,,,,,,,,30,reached,10,True,False,1,1,41,34,2,5,11,33,5,5,71,True,
0,ok,True,102418731,False,False,DONE,,,0,a896c46259f9644a6d6a875867d0bc4823d5554ad92725b2e45bfdbcbda8d806,no_explicit_terminal_engine_result,17,EpisodeState.COMPLETED,-1,22,54766334,loss,False,35,1,True,loss,/private/tmp/kaggle_eps/55565424/replays/episode-102418731-replay.json,-1,ebbc329facedfc260013a07e91d731f7c399cf36745bc0b0847c0a99ff25d519,109,30,55565424,ended_before,,,,,,,,,,,,,,,,20,ended_before,,,,,,,,,,,,,,,,30,reached,10,True,False,1,1,36,24,6,6,11,26,6,5,63,True,
0,ok,True,102407146,True,True,DONE,,,0,4d7d267befaf6cb81b3d891f17591b1c5a2a135319cfd4552e27e6ba4d96981a,no_explicit_terminal_engine_result,44,EpisodeState.COMPLETED,-1,13,55480379,loss,True,60,0,True,loss,/private/tmp/kaggle_eps/55565424/replays/episode-102407146-replay.json,-1,b5d3424e5b10f4f201fabd3dcd883e5c5c9e5332dd39c3cf201558ba89451884,147,58,55565424,reached,19,True,False,1,1,37,20,15,2,4,13,6,10,96,True,,reached,29,True,False,1,1,37,15,20,2,9,8,6,15,111,True,,reached,9,True,False,1,1,50,40,4,6,5,24,6,5,48,True,
0,ok,True,102399775,False,False,DONE,,,0,dcb703c8164ac959205463d2f5aed418d4dab70470bb9a061106d2fe974b2631,no_explicit_terminal_engine_result,36,EpisodeState.COMPLETED,-1,27,55531652,loss,True,53,0,True,loss,/private/tmp/kaggle_eps/55565424/replays/episode-102399775-replay.json,-1,7998c16bfbb1c700eb922aaf032e445cf0bd3bf1fe101858078714dd5683977d,117,52,55565424,reached,19,True,False,1,1,39,28,7,4,4,15,6,10,76,True,,reached,29,True,False,1,1,36,22,12,2,5,10,5,15,101,True,,reached,9,True,False,1,1,50,40,4,6,10,26,6,5,44,True,
0,ok,True,102392503,False,False,DONE,,,0,df0cd6be6c39e85ec4a235a002e05b68b702d79ac55da542a4eda9d29187b6b9,no_explicit_terminal_engine_result,12,EpisodeState.COMPLETED,-1,36,54307281,loss,True,18,0,True,loss,/private/tmp/kaggle_eps/55565424/replays/episode-102392503-replay.json,-1,5c9bf92f0d0c8526f2dcbe5407b358f621fc9c19674cb18965cd6fb71e5a25ac,79,17,55565424,ended_before,,,,,,,,,,,,,,,,19,ended_before,,,,,,,,,,,,,,,,29,reached,9,True,False,1,1,36,21,11,4,2,37,6,5,67,True,
0,ok,True,102391333,False,False,DONE,,,0,a2935cff621968af7228e807d8dc7d94b20bb56f033133446cf7d23f37c2adb2,no_explicit_terminal_engine_result,18,EpisodeState.COMPLETED,1,27,55388234,win,False,35,1,True,win,/private/tmp/kaggle_eps/55565424/replays/episode-102391333-replay.json,1,16f72a36c08aa73c2aa9a8772b8ee640fd57100f3ff5ecfc0ea2e13be673870f,142,21,55565424,ended_before,,,,,,,,,,,,,,,,20,ended_before,,,,,,,,,,,,,,,,30,reached,10,False,False,1,1,34,27,1,6,17,30,4,5,85,False,
0,ok,True,102385014,True,True,DONE,,,0,63e25fdf263f58eafea5d76fed7cdfd5dbeb9f6ccecf39434dbb1d6a4a998a9c,no_explicit_terminal_engine_result,30,EpisodeState.COMPLETED,1,10,55179931,win,False,51,1,True,win,/private/tmp/kaggle_eps/55565424/replays/episode-102385014-replay.json,1,459a44898b58455ff5dd7200dca0dd5e7a48c4e7a7ad1d16aac92c6498c2be55,246,48,55565424,reached,20,True,False,1,1,13,4,5,4,2,20,5,10,187,True,,reached,30,True,False,1,1,10,0,7,3,11,9,3,15,242,True,,reached,10,True,False,1,1,27,15,7,5,8,40,5,5,107,True,
0,ok,True,102373009,False,False,DONE,,,0,fc00f660c33a9a80eb0421b8d84ab89d9f9eee4035d495da2ee3a206518f9499,no_explicit_terminal_engine_result,15,EpisodeState.COMPLETED,-1,25,55555958,loss,False,28,1,True,loss,/private/tmp/kaggle_eps/55565424/replays/episode-102373009-replay.json,-1,a7dd7f18fd62ef2bede9b37630eea49b8bf35cd0988b0c472dafacaccdf31b0d,105,27,55565424,ended_before,,,,,,,,,,,,,,,,20,ended_before,,,,,,,,,,,,,,,,30,reached,10,True,False,1,1,26,9,14,3,6,25,6,5,90,True,
0,ok,True,102361416,False,False,DONE,,,0,723d8b1142b3c9a1027df8a2f7f43e6616653765a76af941d50fbe0cd55c975d,no_explicit_terminal_engine_result,19,EpisodeState.COMPLETED,1,20,55483625,win,True,38,0,True,win,/private/tmp/kaggle_eps/55565424/replays/episode-102361416-replay.json,1,9570981c225b0885c5d8499036692206e5dba74084b285a82459e8af0fa39b3c,194,22,55565424,reached,19,True,False,1,1,20,9,8,3,12,13,2,10,191,True,,ended_before,,,,,,,,,,,,,,,,29,reached,9,False,False,1,1,35,20,9,6,16,26,5,5,85,False,
0,ok,True,102354375,False,False,DONE,,,0,e0caa34c50480c2f88f72c5c515fa248cffea8923f764afba6fdc6d6f0cde48d,no_explicit_terminal_engine_result,5,EpisodeState.COMPLETED,1,58,55560671,win,False,11,1,True,win,/private/tmp/kaggle_eps/55565424/replays/episode-102354375-replay.json,1,91ba9a96dfa5cf09173107865144dd73b5c726ee60e2c609b7a3201bf27ab109,25,10,55565424,ended_before,,,,,,,,,,,,,,,,20,ended_before,,,,,,,,,,,,,,,,30,ended_before,,,,,,,,,,,,,,,,10
0,ok,True,102354874,False,False,DONE,,,0,394bdb7b980e428761c75ce9658ff25e11c8c813c8fcf39c69eca03bcedf0995,no_explicit_terminal_engine_result,26,EpisodeState.COMPLETED,-1,28,54670236,loss,True,43,0,True,loss,/private/tmp/kaggle_eps/55565424/replays/episode-102354874-replay.json,-1,1a81db5ba0a219341d7a964e1dfaac622a7c515a1279376f2fd4cb6525233c53,144,42,55565424,reached,19,True,False,1,1,28,16,11,1,5,7,5,10,125,True,,ended_before,,,,,,,,,,,,,,,,29,reached,9,True,False,1,1,42,31,8,3,5,29,6,5,57,True,
0,ok,True,102353594,False,False,DONE,,,0,709487eff396ccb5bf45326d744fa0342d8db4896c5c0a146fb0c1d0d6c1aaee,no_explicit_terminal_engine_result,30,EpisodeState.COMPLETED,-1,24,55451790,loss,True,47,0,True,loss,/private/tmp/kaggle_eps/55565424/replays/episode-102353594-replay.json,-1,9cb6298cf06094b9e3220dbdc7614a590b586bbaaa6669770659d78a85dbdeef,125,42,55565424,reached,19,True,False,1,1,35,26,5,4,6,11,5,10,84,True,,reached,29,True,False,1,1,24,17,6,1,6,6,5,15,115,True,,reached,9,True,False,1,1,43,36,1,6,4,22,6,5,48,True,
0,ok,True,102341535,False,False,DONE,,,0,a7d3463a04b840eb8ce7c755eefd02a5ff37005668cbe11e44081bdd6b5d78c5,no_explicit_terminal_engine_result,26,EpisodeState.COMPLETED,-1,30,55161367,loss,True,35,0,True,loss,/private/tmp/kaggle_eps/55565424/replays/episode-102341535-replay.json,-1,9910c046f78953ef910f4984a34c8bf4825697b00ad56f037a9c73482514ad59,94,33,55565424,reached,19,True,False,1,1,32,26,3,3,7,21,6,10,71,True,,ended_before,,,,,,,,,,,,,,,,29,reached,9,True,False,1,1,46,36,5,5,10,26,6,5,41,True,
0,ok,True,102329941,True,True,DONE,,,0,fec831c69a14ce124d3adbc16e173d50d7d4a223e3e5626af60ec16eac833d53,no_explicit_terminal_engine_result,18,EpisodeState.COMPLETED,-1,13,55553968,loss,True,42,0,True,loss,/private/tmp/kaggle_eps/55565424/replays/episode-102329941-replay.json,-1,b0be79a96baf08ba82df2ea315680fd1d4715d0dfbe54696fab6de3cfeef219b,193,38,55565424,ended_before,,,,,,,,,,,,,,,,19,ended_before,,,,,,,,,,,,,,,,29,reached,9,True,False,1,1,31,21,4,6,9,28,5,5,90,True,
0,ok,True,102318400,False,False,DONE,,,0,be08c2d92296d256b2f1abe22806d5bc73cc77675614fc4b56b4ae717892c357,no_explicit_terminal_engine_result,14,EpisodeState.COMPLETED,1,52,55554173,win,False,26,1,True,win,/private/tmp/kaggle_eps/55565424/replays/episode-102318400-replay.json,1,6eec4d2796d6f00daf12158e0e0288e8b5d8776b01d7bc07e3a0d20005570d53,55,19,55565424,ended_before,,,,,,,,,,,,,,,,20,ended_before,,,,,,,,,,,,,,,,30,reached,10,False,False,1,1,53,42,5,6,21,25,6,5,36,False,
0,ok,True,102315768,True,True,DONE,,,0,998767d41291cb878037832c646d05e2914962b55f0f91479f1164a3b7a14c48,no_explicit_terminal_engine_result,32,EpisodeState.COMPLETED,-1,14,53905069,loss,True,51,0,True,loss,/private/tmp/kaggle_eps/55565424/replays/episode-102315768-replay.json,-1,993253d5aa1f3297ff80a9b2ed5352ad3c406cc3abfa660c4e24cc067dca0a87,129,43,55565424,reached,19,False,False,1,1,30,20,6,4,13,11,5,10,80,False,,reached,29,True,False,1,1,18,11,6,1,5,6,4,15,115,True,,reached,9,False,False,1,1,41,31,5,5,18,17,6,5,48,False,
0,ok,True,102309360,False,False,DONE,,,0,a6baf1aa19488e31fbc5037b5288bdff04f0e3ba43038478c9e95214defa603b,no_explicit_terminal_engine_result,18,EpisodeState.COMPLETED,-1,16,55565453,loss,True,39,0,True,loss,/private/tmp/kaggle_eps/55565424/replays/episode-102309360-replay.json,-1,6a23392566cd3b42707700da3721ee234c3c024ad95d287938a34d529a508f84,136,36,55565424,ended_before,,,,,,,,,,,,,,,,19,ended_before,,,,,,,,,,,,,,,,29,reached,9,False,False,1,1,31,16,10,5,18,28,6,5,73,False,
0,ok,True,102297787,False,False,DONE,,,0,e081e770b712af54b42d345259d91e0b45ca4b62f7e842e028eb2b39732824d5,no_explicit_terminal_engine_result,14,EpisodeState.COMPLETED,1,46,55458649,win,False,32,1,True,win,/private/tmp/kaggle_eps/55565424/replays/episode-102297787-replay.json,1,f4743637ce390f95bff9402ea4f9bbe7ef8910b312dc783a79452eae44e581cb,80,29,55565424,ended_before,,,,,,,,,,,,,,,,20,ended_before,,,,,,,,,,,,,,,,30,reached,10,True,False,1,1,48,37,5,6,11,26,4,5,59,True,
0,ok,True,102291230,True,True,DONE,,,0,04aa90f8eee115f08a899a8f33208425a1b66449d7fc969c6259e3b3776ced31,no_explicit_terminal_engine_result,19,EpisodeState.COMPLETED,1,13,55158040,win,True,39,0,True,win,/private/tmp/kaggle_eps/55565424/replays/episode-102291230-replay.json,1,0713c71cdb4be3fe13e416c3801eb9304cf4bbbb06a5e7f77f8f589cdb0c3496,123,34,55565424,reached,19,False,False,1,1,13,2,9,2,15,10,5,10,119,False,,ended_before,,,,,,,,,,,,,,,,29,reached,9,True,False,1,1,30,13,13,4,12,27,6,5,85,True,
0,ok,True,102290124,True,True,DONE,,,0,c2bb9d72bd41afb4ed1389ae2614e5a3c4ab56fe6b7fa54475b498fa5f5378cb,no_explicit_terminal_engine_result,27,EpisodeState.COMPLETED,1,9,55548735,win,True,46,0,True,win,/private/tmp/kaggle_eps/55565424/replays/episode-102290124-replay.json,1,f70602af3da79a50ba91209221dfb97628ffecdb97640a484c656ff9aa357137,139,43,55565424,reached,19,True,False,1,1,25,18,3,4,8,15,6,10,94,True,,ended_before,,,,,,,,,,,,,,,,29,reached,9,True,False,1,1,42,33,5,4,7,39,6,5,46,True,
0,ok,True,102287480,False,False,DONE,,,0,bb10189d2c13fcc220ceca89a16db99506d7bb2717b70f71f7b92c44ea242276,no_explicit_terminal_engine_result,15,EpisodeState.COMPLETED,-1,41,55104646,loss,False,25,1,True,loss,/private/tmp/kaggle_eps/55565424/replays/episode-102287480-replay.json,-1,82096036aadeb6d93f45c76b34e5dbf1988bd4516030d4034b130a9bc93339c0,93,25,55565424,ended_before,,,,,,,,,,,,,,,,20,ended_before,,,,,,,,,,,,,,,,30,reached,10,True,False,1,1,43,27,13,3,5,40,6,5,57,True,
0,ok,True,102276189,True,True,DONE,,,0,50dab9cb3a503f652db925c9301bf07ff7019d8efd6e6fa1eaf90a67dbd57cc3,no_explicit_terminal_engine_result,15,EpisodeState.COMPLETED,1,13,53852526,win,True,27,0,True,win,/private/tmp/kaggle_eps/55565424/replays/episode-102276189-replay.json,1,b9821bee5d86f985d41ba79cec9b78e618defde1986259ac91e2eb6042aa520e,100,24,55565424,ended_before,,,,,,,,,,,,,,,,19,ended_before,,,,,,,,,,,,,,,,29,reached,9,True,False,1,1,31,22,3,6,10,28,6,5,65,True,
0,ok,True,102276704,True,True,DONE,,,0,feea6e2aecfccc6953e7b9768944a63501b6d3ec8ea6afa1789f2239203cda98,no_explicit_terminal_engine_result,24,EpisodeState.COMPLETED,-1,11,55484684,loss,True,47,0,True,loss,/private/tmp/kaggle_eps/55565424/replays/episode-102276704-replay.json,-1,948ba3e5267fd4008c64756bf42c1b6c13067a2259fac9e7e0fce206be001b0c,219,47,55565424,reached,19,True,False,1,1,24,18,4,2,6,21,1,10,149,True,,ended_before,,,,,,,,,,,,,,,,29,reached,9,True,False,1,1,44,34,4,6,7,41,6,5,42,True,
0,ok,True,102265121,True,True,DONE,,,0,debf7b97bf998eb5df58144548a5afc7144ae0e2143eaf089e48265530a26cf2,no_explicit_terminal_engine_result,23,EpisodeState.COMPLETED,1,9,55306825,win,True,38,0,True,win,/private/tmp/kaggle_eps/55565424/replays/episode-102265121-replay.json,1,c0deaaced927a982897b1a45858c2703129875a83e4b1f369b070d81e961ee4f,116,38,55565424,reached,19,True,False,1,1,25,20,2,3,7,14,6,10,92,True,,ended_before,,,,,,,,,,,,,,,,29,reached,9,True,False,1,1,40,33,3,4,6,25,6,5,59,True,
0,ok,True,102253611,False,False,DONE,,,0,ff6f3147b290489071095eb3a8187d8f3d5bcb61c98cadc395bbc69f60812bad,no_explicit_terminal_engine_result,22,EpisodeState.COMPLETED,-1,15,55545065,loss,True,37,0,True,loss,/private/tmp/kaggle_eps/55565424/replays/episode-102253611-replay.json,-1,b5f1b01fe30918c68696a09b7495c1758c17b9cf9a7333f435f5c5d6027518ee,113,35,55565424,reached,19,True,False,1,1,16,8,6,2,6,20,5,10,102,True,,ended_before,,,,,,,,,,,,,,,,29,reached,9,True,False,1,1,30,21,3,6,7,33,6,5,53,True,
0,ok,True,102242081,False,False,DONE,,,0,321377a5b1885f420517cdb0b3f8326dd577c242526863cb0e2743e1adef7df4,no_explicit_terminal_engine_result,22,EpisodeState.COMPLETED,-1,29,55311707,loss,True,38,0,True,loss,/private/tmp/kaggle_eps/55565424/replays/episode-102242081-replay.json,-1,b9dd9e0718180d8dcd0df7af490ae090b527a65eeaeed3d5fe156294cc3e252d,108,31,55565424,reached,19,True,False,1,1,33,26,5,2,9,12,6,10,93,True,,ended_before,,,,,,,,,,,,,,,,29,reached,9,False,False,1,1,47,38,3,6,20,26,6,5,45,False,
0,ok,True,102234180,True,True,DONE,,,0,f6add80d091209fd9e3dc01b721c4c6ac3d86f0b35c59fc00a358db7889fa8c3,no_explicit_terminal_engine_result,32,EpisodeState.COMPLETED,1,10,55293625,win,False,51,1,True,win,/private/tmp/kaggle_eps/55565424/replays/episode-102234180-replay.json,1,4faafe0b37bf3d00f2a0ea3207b6ab2afb98a8c416aacf31ba0a4743205ec421,121,49,55565424,reached,20,True,False,1,1,17,12,4,1,5,14,6,10,99,True,,reached,30,True,False,1,1,12,2,9,1,7,9,6,15,111,True,,reached,10,True,False,1,1,36,21,13,2,11,19,6,5,79,True,
0,ok,True,102218292,True,True,DONE,,,0,121b42ec75c3d1d1d425f5bb7a19b6c752dd04598bd90cb48fea875be84093ae,no_explicit_terminal_engine_result,14,EpisodeState.COMPLETED,1,9,55118358,win,False,31,1,True,win,/private/tmp/kaggle_eps/55565424/replays/episode-102218292-replay.json,1,401cdf6f0eecdca1f569dcbbf5685f0c6e97bad8f0f3f93938705f14ffca8bc3,108,30,55565424,ended_before,,,,,,,,,,,,,,,,20,ended_before,,,,,,,,,,,,,,,,30,reached,10,True,False,1,1,35,8,24,3,8,24,6,5,83,True,
0,ok,True,102222572,False,False,DONE,,,0,a91e58ac79614c3fc995fe7eb2aeeac68916c111379e0f1e913890d0d44f2a4c,no_explicit_terminal_engine_result,15,EpisodeState.COMPLETED,-1,21,54004606,loss,False,33,1,True,loss,/private/tmp/kaggle_eps/55565424/replays/episode-102222572-replay.json,-1,275cd6beeb96ceadf78fb94a213ecb034267488fe39b38d3857ee771eb85b4c1,112,24,55565424,ended_before,,,,,,,,,,,,,,,,20,ended_before,,,,,,,,,,,,,,,,30,reached,10,False,False,1,1,32,20,6,6,14,6,6,5,69,False,
0,ok,True,102217719,True,False,DONE,,,0,0751b15c3596260674e0226062d1709fbda641f644b99aa84ec9c5dbbf350e84,no_explicit_terminal_engine_result,37,EpisodeState.COMPLETED,1,13,54646905,win,True,47,0,True,win,/private/tmp/kaggle_eps/55565424/replays/episode-102217719-replay.json,1,914ddb6eee0ad700fc406a3d1b2266836dbcc5e02a600bd74fe5047f1cc8c81f,106,22,55565424,reached,19,False,False,1,1,24,16,3,5,13,21,5,10,75,False,,reached,29,False,False,1,1,18,6,7,5,19,16,5,15,89,False,,reached,9,False,False,1,1,48,35,7,6,13,38,6,5,34,False,
0,ok,True,102206656,True,True,DONE,,,1,5f6b83d5f6aa2123c9b1807f01b33b012ffdb629fc1735b326deb1da6798ab6e,no_explicit_terminal_engine_result,31,EpisodeState.COMPLETED,1,9,55070058,win,True,49,1,True,win,/private/tmp/kaggle_eps/55565424/replays/episode-102206656-replay.json,1,408b698b14e9328450ae438b582de608bed15fe39871919f6f5809d51f29ca08,143,36,55565424,reached,19,True,False,1,1,16,7,5,4,7,9,6,10,105,True,,reached,29,True,False,1,1,13,2,8,3,10,3,5,15,131,True,,reached,9,False,False,1,1,39,30,5,4,18,29,6,5,54,False,
0,ok,True,102199412,True,True,DONE,,,0,bb9f6fbb0d8e6f6aa3aefc4a57598cfad4a7300ad1f64a24e7d9daba2af29a52,no_explicit_terminal_engine_result,23,EpisodeState.COMPLETED,1,10,54649334,win,True,45,0,True,win,/private/tmp/kaggle_eps/55565424/replays/episode-102199412-replay.json,1,ccc9a902b3135350fce0fcdf2cb53b367758c214e72a03a2aebb7a5ae097a082,126,39,55565424,reached,19,False,False,1,1,13,5,4,4,26,8,6,10,110,False,,ended_before,,,,,,,,,,,,,,,,29,reached,9,False,False,1,1,25,11,9,5,15,23,6,5,69,False,
0,ok,True,102187396,False,False,DONE,,,0,6fb2c35ed8d9432017dcebc669127985187129c10b896f100fa4e143b8d66eff,no_explicit_terminal_engine_result,16,EpisodeState.COMPLETED,-1,27,55564705,loss,False,32,1,True,loss,/private/tmp/kaggle_eps/55565424/replays/episode-102187396-replay.json,-1,e4f9dde3e6bc99718bc3a8f3a8d9b0441a2f36ffd6cd7ba4949f9d220cdea0ac,92,31,55565424,ended_before,,,,,,,,,,,,,,,,20,ended_before,,,,,,,,,,,,,,,,30,reached,10,True,False,1,1,49,40,5,4,9,27,6,5,50,True,
0,ok,True,102177016,False,False,DONE,,,1,2d4698a87b8424dd9de44e3d8621f387e72c0837f55e549b401cdfbd8c2f4728,no_explicit_terminal_engine_result,23,EpisodeState.COMPLETED,1,25,54347432,win,True,38,1,True,win,/private/tmp/kaggle_eps/55565424/replays/episode-102177016-replay.json,1,142826c13fbebde90d7bff2e9780420ac727f3e7d8d1a0dd5edc798fa8fcbe2b,105,35,55565424,reached,19,True,False,1,1,25,19,0,6,8,26,3,10,88,True,,ended_before,,,,,,,,,,,,,,,,29,reached,9,True,False,1,1,36,24,6,6,11,37,5,5,45,True,
0,ok,True,102165008,False,False,DONE,,,0,dc49e405a0db3584867b546b1fcd0e81103aa9bc1ae2db5d0a08788ede651f62,no_explicit_terminal_engine_result,14,EpisodeState.COMPLETED,-1,20,55329841,loss,True,31,0,True,loss,/private/tmp/kaggle_eps/55565424/replays/episode-102165008-replay.json,-1,ec6b5de57636198226904e8c8ba34c9e6c26291809cc46e880a8d707c724d09d,159,30,55565424,ended_before,,,,,,,,,,,,,,,,19,ended_before,,,,,,,,,,,,,,,,29,reached,9,True,False,1,1,29,16,7,6,4,42,6,5,88,True,
0,ok,True,102153482,False,False,DONE,,,0,cea351f264db9f17c0e121d19949ac6990a83ab205f991db54a66072e2fdeb3d,no_explicit_terminal_engine_result,7,EpisodeState.COMPLETED,-1,36,55555177,loss,False,9,1,True,loss,/private/tmp/kaggle_eps/55565424/replays/episode-102153482-replay.json,-1,bc6a5ee9fbff76e997b83d72279b40f5b56932ff4faa8922afb69ed44c806ef0,67,9,55565424,ended_before,,,,,,,,,,,,,,,,20,ended_before,,,,,,,,,,,,,,,,30,ended_before,,,,,,,,,,,,,,,,10
0,ok,True,102141954,False,False,DONE,,,0,23fafc8d6e01f89f8ca872898e8463a25083d8e855514b04881c0b4c23481c1f,no_explicit_terminal_engine_result,17,EpisodeState.COMPLETED,1,19,55545152,win,True,28,0,True,win,/private/tmp/kaggle_eps/55565424/replays/episode-102141954-replay.json,1,1a58c7368d6ba44b882800a284c507db537d8dfa72de68f5a210cbcc13008365,142,24,55565424,ended_before,,,,,,,,,,,,,,,,19,ended_before,,,,,,,,,,,,,,,,29,reached,9,True,False,1,1,43,33,6,4,12,28,6,5,59,True,
0,ok,True,102132981,True,True,DONE,,,0,2c817dfcc83a974e1318865ee057d01035629de562602038aad12ca5ce850065,no_explicit_terminal_engine_result,17,EpisodeState.COMPLETED,1,11,53855565,win,True,28,0,True,win,/private/tmp/kaggle_eps/55565424/replays/episode-102132981-replay.json,1,c5784a7ebd53f76761533d01b4cbf69dec8492db73fe3fac0a5421f3ee515838,123,27,55565424,ended_before,,,,,,,,,,,,,,,,19,ended_before,,,,,,,,,,,,,,,,29,reached,9,True,False,1,1,24,13,6,5,3,32,6,5,86,True,
0,ok,True,102121367,False,False,DONE,,,0,68c3423d1e4f3826f1105445ced85db5b207a3ff58bc7f296d5ed2317fd130e4,no_explicit_terminal_engine_result,20,EpisodeState.COMPLETED,-1,22,55340310,loss,True,28,0,True,loss,/private/tmp/kaggle_eps/55565424/replays/episode-102121367-replay.json,-1,99764db3dbd4305e1c520bc21ad87aae0ce220e503319b29e005c4236fdaa17f,169,26,55565424,reached,19,True,False,1,1,22,10,9,3,3,40,4,10,152,True,,ended_before,,,,,,,,,,,,,,,,29,reached,9,True,False,1,1,38,25,7,6,9,41,6,5,55,True,
0,ok,True,102108321,False,False,DONE,,,0,8dd51aa8742d557413d0f11336847d78a96b67264529dc04b9152ada29acf45c,no_explicit_terminal_engine_result,19,EpisodeState.COMPLETED,-1,22,55555130,loss,False,44,1,True,loss,/private/tmp/kaggle_eps/55565424/replays/episode-102108321-replay.json,-1,a75aa922c2d5c89ac6f405f3b9bc3e7d891716c471cebcd2ee2ffd1e25ac7b71,222,41,55565424,ended_before,,,,,,,,,,,,,,,,20,ended_before,,,,,,,,,,,,,,,,30,reached,10,True,False,1,1,30,19,7,4,7,31,4,5,106,True,
0,ok,True,102109404,False,False,DONE,,,1,50c7bf6a2f32d791f2893d01ed0c9922684e6af3355cefb742080fad4698ff23,no_explicit_terminal_engine_result,15,EpisodeState.COMPLETED,1,22,55564426,win,True,30,1,True,win,/private/tmp/kaggle_eps/55565424/replays/episode-102109404-replay.json,1,1d485f25ba5641af0ccad89a8c3c4a9fef7f578c255ce24da0eb587f97b15b34,129,29,55565424,ended_before,,,,,,,,,,,,,,,,19,ended_before,,,,,,,,,,,,,,,,29,reached,9,True,False,1,1,29,10,16,3,8,23,6,5,103,True,
0,ok,True,102097843,False,False,DONE,,,0,89fab9695c9ada1a9b57ce76fc86036c49538d59b09d55b8924521f70a775883,no_explicit_terminal_engine_result,3,EpisodeState.COMPLETED,-1,54,55511308,loss,False,3,1,True,loss,/private/tmp/kaggle_eps/55565424/replays/episode-102097843-replay.json,-1,3a7917a236a5025c0662c88cec070ec6b7d116d41fca905928d3fb0a74e2df53,33,2,55565424,ended_before,,,,,,,,,,,,,,,,20,ended_before,,,,,,,,,,,,,,,,30,ended_before,,,,,,,,,,,,,,,,10
0,ok,True,102090471,True,True,DONE,,,0,dea161d20133ec7f97c2577f9b2c818df2ef2358378d1f16f95fdcdb59f9bab4,no_explicit_terminal_engine_result,37,EpisodeState.COMPLETED,1,12,53786523,win,True,50,0,True,win,/private/tmp/kaggle_eps/55565424/replays/episode-102090471-replay.json,1,ef152603c980ecb4d3dd1f15f61e27a29b97f39de072052a66629d7dd0bb8724,137,42,55565424,reached,19,False,False,1,1,29,17,7,5,14,16,5,10,97,False,,reached,29,True,False,1,1,17,8,4,5,12,11,5,15,114,True,,reached,9,False,False,1,1,38,23,9,6,21,22,6,5,66,False,
0,ok,True,102078888,False,False,DONE,,,0,40c0d17fc3fb808c1e8550b85505c98c984dc8002b99d04e836a74df7ddef407,no_explicit_terminal_engine_result,24,EpisodeState.COMPLETED,0.0,21,55534257,draw,False,46,1,True,draw,/private/tmp/kaggle_eps/55565424/replays/episode-102078888-replay.json,0,17c6a6d775cc0c2da41e98da3f65519a84d488c88daeb0a26d9c2b77f517e311,211,44,55565424,reached,20,True,False,1,1,21,12,8,1,4,16,3,10,193,True,,ended_before,,,,,,,,,,,,,,,,30,reached,10,False,False,1,1,34,22,7,5,13,28,5,5,101,False,
0,ok,True,102066806,False,False,DONE,,,0,61959e858c5f429a546f32aa73e286e48421836289ace2c95c0977ea33a13fb3,no_explicit_terminal_engine_result,22,EpisodeState.COMPLETED,1,20,55551973,win,False,38,1,True,win,/private/tmp/kaggle_eps/55565424/replays/episode-102066806-replay.json,1,cc356da5cf03344c2a1aed6472eb2bbe618b986dee2a1e97a59855d2e788a8da,147,32,55565424,reached,20,True,False,1,1,21,10,6,5,6,33,3,10,134,True,,ended_before,,,,,,,,,,,,,,,,30,reached,10,True,False,1,1,36,28,3,5,7,39,5,5,78,True,
0,ok,True,102066443,False,False,DONE,,,1,ee7835d44db363f3d10c8350b0d1b563f804da255eb79f841abb96a6313f1fbd,no_explicit_terminal_engine_result,15,EpisodeState.COMPLETED,1,23,55547721,win,True,29,1,True,win,/private/tmp/kaggle_eps/55565424/replays/episode-102066443-replay.json,1,a6ee1118cff2ca546067aa4a2aae95b1bb613bca5a63b0331f603d72f4663273,106,22,55565424,ended_before,,,,,,,,,,,,,,,,19,ended_before,,,,,,,,,,,,,,,,29,reached,9,False,False,1,1,30,9,15,6,16,33,6,5,73,False,
0,ok,True,102055181,True,True,DONE,,,0,1d605a8d498f75190233dc225bd5dc20688ff6a814f7c6f6b7d6f564f1b4354c,no_explicit_terminal_engine_result,17,EpisodeState.COMPLETED,1,12,55552650,win,True,30,0,True,win,/private/tmp/kaggle_eps/55565424/replays/episode-102055181-replay.json,1,ec2feef98ea79d06cf642a99089bb4d45d549896c4327fbcbc04df59a86a7f15,91,28,55565424,ended_before,,,,,,,,,,,,,,,,19,ended_before,,,,,,,,,,,,,,,,29,reached,9,False,False,1,1,20,9,5,6,13,29,6,5,69,False,
0,ok,True,102043838,False,False,DONE,,,0,733b0227ea64ca98b77c611f5b2dffa1839fa4f58a04acb92dd4b0a624f5c42a,no_explicit_terminal_engine_result,26,EpisodeState.COMPLETED,1,16,55179918,win,False,46,1,True,win,/private/tmp/kaggle_eps/55565424/replays/episode-102043838-replay.json,1,37d5c3af3d978603bebf738010d6585a618c2ee074d6ea8caa0ec65035def0e4,178,30,55565424,reached,20,False,False,1,1,20,8,7,5,23,18,4,10,149,False,,ended_before,,,,,,,,,,,,,,,,30,reached,10,True,False,1,1,28,18,4,6,10,27,6,5,90,True,
0,ok,True,102032315,False,False,DONE,,,0,61fbcc69debe1cff7f94734f2d1e38a0c0d343e0410b458e086468ef988a6628,no_explicit_terminal_engine_result,17,EpisodeState.COMPLETED,-1,23,55437496,loss,False,28,1,True,loss,/private/tmp/kaggle_eps/55565424/replays/episode-102032315-replay.json,-1,3d6882ac3f9f78a735e2267d2dc4d31e4cacc447f8daf08c0695a37fee337423,120,22,55565424,ended_before,,,,,,,,,,,,,,,,20,ended_before,,,,,,,,,,,,,,,,30,reached,10,False,False,1,1,39,19,14,6,18,14,6,5,65,False,
0,ok,True,102020315,True,True,DONE,,,1,7d4eaed6bda4ca20c2c2942393addab3ae3c8a75c70747803f2e0c9d44df95cc,no_explicit_terminal_engine_result,19,EpisodeState.COMPLETED,1,13,55554309,win,True,41,1,True,win,/private/tmp/kaggle_eps/55565424/replays/episode-102020315-replay.json,1,78ef86294916d6c3efa967254296dc9f0f8d1e0fd164849f18717790b5226b1b,114,34,55565424,reached,19,False,False,1,1,13,4,8,1,14,9,6,10,108,False,,ended_before,,,,,,,,,,,,,,,,29,reached,9,True,False,1,1,24,13,8,3,6,23,6,5,69,True,
0,ok,True,102008695,False,False,DONE,,,0,773018cff1f06ce050d8bdeb8d2aef1af9d0c09a1ac94689532c533507d0b592,no_explicit_terminal_engine_result,17,EpisodeState.COMPLETED,1,20,55306791,win,True,40,0,True,win,/private/tmp/kaggle_eps/55565424/replays/episode-102008695-replay.json,1,c00aaa922380701f92c3e881b7224c5a8ee311c14a2be330efe5b2bb6db920e9,159,25,55565424,ended_before,,,,,,,,,,,,,,,,19,ended_before,,,,,,,,,,,,,,,,29,reached,9,True,False,1,1,34,25,4,5,11,26,6,5,80,True,
0,ok,True,101999806,True,False,DONE,,,0,aa1e9ae98203e392ad402d954241ab616c92097b04e6909ca08c70b61361cd96,no_explicit_terminal_engine_result,42,EpisodeState.COMPLETED,-1,14,55564175,loss,True,57,0,True,loss,/private/tmp/kaggle_eps/55565424/replays/episode-101999806-replay.json,-1,53c853a50d216d7acc5f61fba6137a4b847020f63ad12826290277bd6858aa51,310,50,55565424,reached,19,True,False,1,1,29,16,9,4,3,34,6,10,145,True,,reached,29,True,False,1,1,22,6,14,2,11,24,6,15,212,True,,reached,9,True,False,1,1,42,34,2,6,4,41,6,5,58,True,
0,ok,True,101988254,True,True,DONE,,,1,5a84fed77b3b07c02782c8ab4b00f950cdbe81d74e55907f2d3e699b6b749d24,no_explicit_terminal_engine_result,29,EpisodeState.COMPLETED,1,8,54681936,win,True,49,1,True,win,/private/tmp/kaggle_eps/55565424/replays/episode-101988254-replay.json,1,073d2dca8cf6dad0d925acc12bd2fd81db7497eeaf14be815a189903eb4c7a93,160,46,55565424,reached,19,False,False,1,1,15,6,5,4,14,17,4,10,120,False,,reached,29,True,False,1,1,8,0,5,3,10,10,4,15,156,True,,reached,9,True,False,1,1,33,21,7,5,10,22,6,5,60,True,
0,ok,True,101976894,False,False,DONE,,,1,2ceaad3dd22fe7a889e7dc042c2fceec4920ca007342c62b0b945037d91e0871,no_explicit_terminal_engine_result,33,EpisodeState.COMPLETED,1,15,54154760,win,True,44,1,True,win,/private/tmp/kaggle_eps/55565424/replays/episode-101976894-replay.json,1,0c8a2370fea9964ddebddc241878f8a4695307dec2a7428650d4d98a43a4c580,116,41,55565424,reached,19,True,False,1,1,39,28,6,5,7,25,6,10,71,True,,reached,29,True,False,1,1,21,8,8,5,12,13,6,15,102,True,,reached,9,True,False,1,1,46,38,3,5,5,32,6,5,53,True,
0,ok,True,101974236,False,False,DONE,,,0,7e2edbf4c5a2f896654d57b12c67b27f74575f757699266abae8b639c72a820f,no_explicit_terminal_engine_result,12,EpisodeState.COMPLETED,-1,19,55563115,loss,True,25,0,True,loss,/private/tmp/kaggle_eps/55565424/replays/episode-101974236-replay.json,-1,714153da4c776f4dc6d0979282701e34847a0358553a5120fb272778a269851c,121,23,55565424,ended_before,,,,,,,,,,,,,,,,19,ended_before,,,,,,,,,,,,,,,,29,reached,9,True,False,1,1,27,18,7,2,3,26,6,5,95,True,
0,ok,True,101969755,True,True,DONE,,,0,bf882bfd809e58f6c7c595ad96adc7e9c18651e3faab9bd4985989ba9b8564d3,no_explicit_terminal_engine_result,34,EpisodeState.COMPLETED,1,14,55388181,win,False,48,1,True,win,/private/tmp/kaggle_eps/55565424/replays/episode-101969755-replay.json,1,bfdac45bc96b34ce9838be96795b1bbc395beb3409c3bed4a0c7a0c393d31ca5,143,40,55565424,reached,20,True,False,1,1,25,15,8,2,8,22,6,10,101,True,,reached,30,False,False,1,1,16,8,7,1,21,8,5,15,132,False,,reached,10,True,False,1,1,34,25,4,5,4,42,6,5,61,True,
0,ok,True,101968050,False,False,DONE,,,0,e6011fe50de0c68e38ce1a3d153380c1dca5b81d7a52cfcd54063d190f6715c4,no_explicit_terminal_engine_result,7,EpisodeState.COMPLETED,-1,41,54385121,loss,False,12,1,True,loss,/private/tmp/kaggle_eps/55565424/replays/episode-101968050-replay.json,-1,349128da88777addab3a7fae5e16470c3eb1a55b24c9fd0087e21c322d17446b,75,12,55565424,ended_before,,,,,,,,,,,,,,,,20,ended_before,,,,,,,,,,,,,,,,30,ended_before,,,,,,,,,,,,,,,,10
0,ok,True,101962874,False,False,DONE,,,0,9b93c00ef9c64e18fa8e0e80f10aabac561fc189cbe58ceb7c1f52bec61a1304,no_explicit_terminal_engine_result,24,EpisodeState.COMPLETED,-1,21,55562238,loss,True,55,0,True,loss,/private/tmp/kaggle_eps/55565424/replays/episode-101962874-replay.json,-1,5c6f88b46ed6ca91ea6bc4873fe732f4cfbcd0e732d87d2dccf3ae6c453ec95a,247,54,55565424,reached,19,True,False,1,1,22,8,11,3,8,10,3,10,181,True,,ended_before,,,,,,,,,,,,,,,,29,reached,9,True,False,1,1,28,15,7,6,7,35,5,5,86,True,
0,ok,True,101950879,False,False,DONE,,,0,6c14f726e6cb593ac3a75f0b0cd8eed40d06f1ec63afde06dd9a7914952ec408,no_explicit_terminal_engine_result,20,EpisodeState.COMPLETED,-1,28,55374468,loss,True,47,0,True,loss,/private/tmp/kaggle_eps/55565424/replays/episode-101950879-replay.json,-1,38106267c5e0ac0ecf8dd26309df73af86e9463c39a100e2621237222c53adcc,171,44,55565424,reached,19,True,False,1,1,28,20,7,1,4,14,3,10,161,True,,ended_before,,,,,,,,,,,,,,,,29,reached,9,True,False,1,1,43,33,4,6,8,20,6,5,67,True,
0,ok,True,101948504,False,False,DONE,,,1,8946c4789baa4b7658bb5961f1d0d08f6d8636bb560c553150c77c2efd3e10cd,no_explicit_terminal_engine_result,17,EpisodeState.COMPLETED,1,16,55092310,win,True,30,1,True,win,/private/tmp/kaggle_eps/55565424/replays/episode-101948504-replay.json,1,b3a2c19886aa05e595af653f0e3e6357b8cfcc6d0621a00ab5922dbd1118d1e9,88,25,55565424,ended_before,,,,,,,,,,,,,,,,19,ended_before,,,,,,,,,,,,,,,,29,reached,9,False,False,1,1,30,21,3,6,16,26,6,5,63,False,
0,ok,True,101948716,True,True,DONE,,,1,813ba654cd555dbee70bc32e4a47282e7105a35a5367631bb463db284985e912,no_explicit_terminal_engine_result,39,EpisodeState.COMPLETED,1,9,55372144,win,True,49,1,True,win,/private/tmp/kaggle_eps/55565424/replays/episode-101948716-replay.json,1,db2b9b178c0c4b80b36a109cd11b4455ea5d983c8ad122589882016e0fa28083,145,47,55565424,reached,19,True,False,1,1,22,10,8,4,8,36,5,10,84,True,,reached,29,True,False,1,1,14,5,5,4,5,15,5,15,124,True,,reached,9,True,False,1,1,31,22,4,5,5,41,6,5,57,True,
0,ok,True,101937165,False,False,DONE,,,0,4fdf8fc3efab08b90d8cbf6286fcf9d99b5365a36702c84dc65e9ee65361a5ad,no_explicit_terminal_engine_result,21,EpisodeState.COMPLETED,1,16,54991245,win,True,30,0,True,win,/private/tmp/kaggle_eps/55565424/replays/episode-101937165-replay.json,1,8ee8de33b288c0940f6fdbece073b8466341386fd7f4fc05092c36f5161cdc70,102,28,55565424,reached,19,True,False,1,1,18,2,10,6,8,29,6,10,95,True,,ended_before,,,,,,,,,,,,,,,,29,reached,9,True,False,1,1,34,20,8,6,8,35,6,5,55,True,
0,ok,True,101930681,False,False,DONE,,,0,ee5983601046e9849fe2d5c05511ab1e3a5e9ee933a59d012b4dffc6fc105138,no_explicit_terminal_engine_result,15,EpisodeState.COMPLETED,-1,37,55546594,loss,False,31,1,True,loss,/private/tmp/kaggle_eps/55565424/replays/episode-101930681-replay.json,-1,644dbd4ad0f06de5c4db70814e1c10ae6cf90460a16fe7ad4d9c4a4b1fcd9668,102,29,55565424,ended_before,,,,,,,,,,,,,,,,20,ended_before,,,,,,,,,,,,,,,,30,reached,10,True,False,1,1,43,24,16,3,5,26,6,5,72,True,
0,ok,True,101919119,False,False,DONE,,,0,ef624d420dd9f6f22cf1ea93d017820f03aea01ae465c3621eb479e9208438d7,no_explicit_terminal_engine_result,17,EpisodeState.COMPLETED,-1,19,55325982,loss,False,41,1,True,loss,/private/tmp/kaggle_eps/55565424/replays/episode-101919119-replay.json,-1,4a6d28c3fabab1c49b31d55031e76180d34c94d075993502e2c1a988737b76fe,201,37,55565424,ended_before,,,,,,,,,,,,,,,,20,ended_before,,,,,,,,,,,,,,,,30,reached,10,True,False,1,1,28,19,4,5,5,27,5,5,101,True,
0,ok,True,101907581,False,False,DONE,,,0,f9457204a8ec5972a02ec2c95a79aaf6ae2074ff3a59a61bc19ac08a9fa4deba,no_explicit_terminal_engine_result,20,EpisodeState.COMPLETED,-1,16,55549591,loss,True,46,0,True,loss,/private/tmp/kaggle_eps/55565424/replays/episode-101907581-replay.json,-1,af084e766e3f4ef07f09c1691c6c5dd353dbac16fcbeb182eee402d15c92be78,198,42,55565424,reached,19,True,False,1,1,16,10,5,1,8,16,4,10,186,True,,ended_before,,,,,,,,,,,,,,,,29,reached,9,True,False,1,1,29,17,7,5,9,33,4,5,92,True,
0,ok,True,101901387,True,True,DONE,,,0,594d50ba06e2506a9d670b225b7b2b055fade03faa7ab10351150de8048c722d,no_explicit_terminal_engine_result,26,EpisodeState.COMPLETED,1,11,55226797,win,False,47,1,True,win,/private/tmp/kaggle_eps/55565424/replays/episode-101901387-replay.json,1,dc3b952b3cb816b9a9857e4ce2ffe3f498cd251c93dad5cf52186572abdac621,241,39,55565424,reached,20,False,False,1,1,19,13,2,4,13,15,2,10,179,False,,ended_before,,,,,,,,,,,,,,,,30,reached,10,True,False,1,1,33,23,4,6,8,33,4,5,75,True,
0,ok,True,101898563,True,True,DONE,,,0,7f537d83268b55e3a412cd7be38562aa0cdbe946a8229a3c51ef055f02987173,no_explicit_terminal_engine_result,27,EpisodeState.COMPLETED,1,7,55547287,win,True,47,0,True,win,/private/tmp/kaggle_eps/55565424/replays/episode-101898563-replay.json,1,e0bb6a1db7609beaa0690711c9416807e641dccf4c6862c7dbe454f7b2cdeb12,158,43,55565424,reached,19,True,False,1,1,22,12,7,3,8,20,6,10,113,True,,ended_before,,,,,,,,,,,,,,,,29,reached,9,True,False,1,1,42,23,15,4,4,33,6,5,71,True,
0,ok,True,101886537,True,True,DONE,,,0,c882dc55465cd54c386e4db306e9ce7b3a1266cc3936eeea4c0e43d5c3cab5cf,no_explicit_terminal_engine_result,17,EpisodeState.COMPLETED,1,8,55446174,win,True,41,0,True,win,/private/tmp/kaggle_eps/55565424/replays/episode-101886537-replay.json,1,33e69f2057b64af12108845061c793af47652693c1a08a0e3239d1b2d5dbd242,133,40,55565424,ended_before,,,,,,,,,,,,,,,,19,ended_before,,,,,,,,,,,,,,,,29,reached,9,True,False,1,1,21,6,11,4,6,32,6,5,91,True,
0,ok,True,101874897,True,True,DONE,,,0,50a575a973398102f96e33034d6453acca050db448137f37d7cc4e7885ebb8c0,no_explicit_terminal_engine_result,22,EpisodeState.COMPLETED,1,14,55200883,win,False,34,1,True,win,/private/tmp/kaggle_eps/55565424/replays/episode-101874897-replay.json,1,cfee6116e07efd40788beab4bb819fc40da858b494dff2dc72c188e71032a9b6,92,20,55565424,reached,20,True,False,1,1,17,5,7,5,8,14,6,10,81,True,,ended_before,,,,,,,,,,,,,,,,30,reached,10,False,False,1,1,49,37,6,6,16,33,6,5,30,False,
0,ok,True,101863335,False,False,DONE,,,0,0ff21f534a764a74846fd64ae8315adbd0e46f8d268c3fd168df9a1f37f0bafd,no_explicit_terminal_engine_result,22,EpisodeState.COMPLETED,-1,26,55423582,loss,True,48,0,True,loss,/private/tmp/kaggle_eps/55565424/replays/episode-101863335-replay.json,-1,f5a26dca8d482c77d8748ced0e01e6fff104d73bac6fcf4a6675ad30ad830f41,141,45,55565424,reached,19,False,False,1,1,28,7,19,2,13,8,6,10,124,False,,ended_before,,,,,,,,,,,,,,,,29,reached,9,True,False,1,1,51,38,7,6,12,28,6,5,38,True,
0,ok,True,101855924,True,True,DONE,,,0,039e180be440eafb61b60a52f54f0b5c9b5d49be89e57f455ea9fd34cc6fcd11,no_explicit_terminal_engine_result,19,EpisodeState.COMPLETED,1,6,55201992,win,True,38,0,True,win,/private/tmp/kaggle_eps/55565424/replays/episode-101855924-replay.json,1,6a1d8f203549b91e6f426426f616e9dab569bfd7e5fc8f37d908d734d6f2af16,168,35,55565424,reached,19,True,False,1,1,6,0,3,3,7,15,6,10,165,True,,ended_before,,,,,,,,,,,,,,,,29,reached,9,True,False,1,1,20,6,10,4,5,30,6,5,92,True,
0,ok,True,101843907,False,False,DONE,,,0,c9defc99984040882902def5dcad321a56904bcdd9c7ab99f04307b9ef723c23,no_explicit_terminal_engine_result,30,EpisodeState.COMPLETED,-1,15,55496892,loss,True,41,0,True,loss,/private/tmp/kaggle_eps/55565424/replays/episode-101843907-replay.json,-1,e4f99c0d12d51f38d925b2a544084821ad23bc826f935be9565125e00831e5bb,124,39,55565424,reached,19,True,False,1,1,30,19,7,4,7,12,6,10,84,True,,reached,29,True,False,1,1,15,4,10,1,6,7,6,15,118,True,,reached,9,False,False,1,1,45,36,4,5,13,23,6,5,52,False,
0,ok,True,101832539,False,False,DONE,,,0,255519e20d77de38a3b5492890bd12ea046aa011cecf0435985d9d3cacd8401e,no_explicit_terminal_engine_result,18,EpisodeState.COMPLETED,1,24,55556355,win,False,37,1,True,win,/private/tmp/kaggle_eps/55565424/replays/episode-101832539-replay.json,1,c19da4810c66817b160d641133ae10707628b677c384f235fa752b8577182310,185,18,55565424,ended_before,,,,,,,,,,,,,,,,20,ended_before,,,,,,,,,,,,,,,,30,reached,10,False,False,1,1,29,19,5,5,16,35,4,5,101,False,
0,ok,True,101820970,True,True,DONE,,,0,39df623920b9534ffdbe40d51d7ca96aab3e663ab2e0fc83beed985f788a34cb,no_explicit_terminal_engine_result,24,EpisodeState.COMPLETED,-1,13,55542022,loss,True,45,0,True,loss,/private/tmp/kaggle_eps/55565424/replays/episode-101820970-replay.json,-1,13c3724b3e5660e60c82dd3ed14cbfa977f7f61bf21c04969b8a7b100ee2de97,242,42,55565424,reached,19,True,False,1,1,13,4,8,1,5,25,2,10,202,True,,ended_before,,,,,,,,,,,,,,,,29,reached,9,False,False,1,1,36,23,7,6,13,35,4,5,85,False,
0,ok,True,101809591,False,False,DONE,,,0,8c850b1b42c47a78e251906dd57de18a12ab3860d7b21b5a03a726e1fdefa64f,no_explicit_terminal_engine_result,19,EpisodeState.COMPLETED,1,15,54712539,win,True,32,0,True,win,/private/tmp/kaggle_eps/55565424/replays/episode-101809591-replay.json,1,033bcb57a4b9bb8e00057e32c78dcfff074582381dff012f38c9aedbd06a8aba,87,27,55565424,reached,19,True,False,1,1,15,4,6,5,8,18,6,10,83,True,,ended_before,,,,,,,,,,,,,,,,29,reached,9,False,False,1,1,33,18,9,6,17,30,6,5,47,False,
0,ok,True,101805011,True,True,DONE,,,0,7c54548c4f3b3bef2bb3d164157508e841525977a0c8bd6e58f368c910cc8c1d,no_explicit_terminal_engine_result,20,EpisodeState.COMPLETED,1,10,54070302,win,False,33,1,True,win,/private/tmp/kaggle_eps/55565424/replays/episode-101805011-replay.json,1,0fd97885e6c4a1f022b9a9293ee44757a406b8a16aff5e231db71792db96256d,119,29,55565424,reached,20,True,False,1,1,10,0,6,4,10,17,6,10,116,True,,ended_before,,,,,,,,,,,,,,,,30,reached,10,True,False,1,1,20,11,5,4,3,26,6,5,90,True,
0,ok,True,101800437,False,False,DONE,,,0,f08729a1d22bc54e8aeaa26353dea3f96484e4089894ebac50bf2e3581153670,no_explicit_terminal_engine_result,19,EpisodeState.COMPLETED,-1,29,55550445,loss,False,36,1,True,loss,/private/tmp/kaggle_eps/55565424/replays/episode-101800437-replay.json,-1,f057814a071dd344af4414720b3eea48d513dd7440fbae914bf5d15928341fc4,123,33,55565424,ended_before,,,,,,,,,,,,,,,,20,ended_before,,,,,,,,,,,,,,,,30,reached,10,True,False,1,1,34,15,14,5,12,14,6,5,93,True,
0,ok,True,101796748,False,False,DONE,,,0,16cc305d2f7268aac086ba75300c6d46978c7ba84bed9787d67753abbdcedf9a,no_explicit_terminal_engine_result,22,EpisodeState.COMPLETED,1,16,54996879,win,False,42,1,True,win,/private/tmp/kaggle_eps/55565424/replays/episode-101796748-replay.json,1,347cfdade1871e7d14594b54457cd90de03d14209589a53891ecfcf80960f249,177,40,55565424,reached,20,False,False,1,1,17,4,7,6,15,20,1,10,156,False,,ended_before,,,,,,,,,,,,,,,,30,reached,10,True,False,1,1,38,28,4,6,7,28,6,5,67,True,
0,ok,True,101795572,False,False,DONE,,,0,8cd9ac4ff653d4f2c5225880beb3294f0f7d928729e567775f4e9542848ce823,no_explicit_terminal_engine_result,16,EpisodeState.COMPLETED,1,25,55561502,win,False,31,1,True,win,/private/tmp/kaggle_eps/55565424/replays/episode-101795572-replay.json,1,30b3422e320c9ef4614a0c45960dfa9d03a5b4b8ae1b70b41cee954f9fddb070,139,23,55565424,ended_before,,,,,,,,,,,,,,,,20,ended_before,,,,,,,,,,,,,,,,30,reached,10,True,False,1,1,36,23,7,6,9,29,5,5,94,True,
0,ok,True,101795922,True,True,DONE,,,0,ea4b2bb3da8976246de0e65016eb452d3ac26737692a9e8c58adcc3ce7792f33,no_explicit_terminal_engine_result,31,EpisodeState.COMPLETED,1,14,54447965,win,True,35,0,True,win,/private/tmp/kaggle_eps/55565424/replays/episode-101795922-replay.json,1,b8ba9eeeedd2b2d98917b3059948a1189feb839a5512f05c3b7c58f1762d9447,93,29,55565424,reached,19,False,False,1,1,27,17,4,6,13,19,6,10,64,False,,reached,29,True,False,1,1,16,6,4,6,5,13,6,15,86,True,,reached,9,False,False,1,1,34,27,1,6,19,24,6,5,49,False,
0,ok,True,101784342,False,False,DONE,,,0,7d94599aadbd268a468b7aae475ddef198e2eb976b25ea19a4989bdc0bf4656f,no_explicit_terminal_engine_result,12,EpisodeState.COMPLETED,-1,21,55471080,loss,True,25,0,True,loss,/private/tmp/kaggle_eps/55565424/replays/episode-101784342-replay.json,-1,a55fceea2b3a1c2df3bade718706c037e6d90f53dc6c0b1f0cafb06b920e41a6,123,24,55565424,ended_before,,,,,,,,,,,,,,,,19,ended_before,,,,,,,,,,,,,,,,29,reached,9,True,False,1,1,22,6,13,3,5,23,6,5,107,True,
0,ok,True,101775753,True,True,DONE,,,0,b09f042775a36c80ea90463436e187101e7c59f08ad21f04be814343bfbe9c71,no_explicit_terminal_engine_result,27,EpisodeState.COMPLETED,1,13,54810291,win,True,38,0,True,win,/private/tmp/kaggle_eps/55565424/replays/episode-101775753-replay.json,1,5ee041c746d67e32e5293a87f6e16f4350097fa5c6b814fd243a4284af7ed3f6,107,23,55565424,reached,19,False,False,1,1,21,11,4,6,21,31,6,10,80,False,,ended_before,,,,,,,,,,,,,,,,29,reached,9,True,False,1,1,39,25,8,6,6,39,6,5,49,True,
0,ok,True,101767504,False,False,DONE,,,0,3dd0e92d46af78d6be80123ee41f8255b66ee6830f1ca7effb985fee34da7cfd,no_explicit_terminal_engine_result,18,EpisodeState.COMPLETED,-1,18,55557816,loss,True,34,0,True,loss,/private/tmp/kaggle_eps/55565424/replays/episode-101767504-replay.json,-1,dd65637b5552de1f7a54aec21d427504b2ac427ae7caa9ffc66a0c4625f941c6,127,33,55565424,ended_before,,,,,,,,,,,,,,,,19,ended_before,,,,,,,,,,,,,,,,29,reached,9,True,False,1,1,24,13,6,5,9,20,6,5,76,True,
0,ok,True,101755907,True,False,DONE,,,1,5bc4edbc18c8ef1287cf8578d57030ef5fcf6bdcf7f33b06e8b6f053f2df782f,no_explicit_terminal_engine_result,31,EpisodeState.COMPLETED,1,10,53773538,win,True,29,1,True,win,/private/tmp/kaggle_eps/55565424/replays/episode-101755907-replay.json,1,d521f5b7f4bf5a9f007db11cca1a4e0338392e11e0d8ac70fcf4d333f18083b3,94,20,55565424,reached,19,False,False,1,1,31,24,1,6,15,37,6,10,53,False,,reached,29,False,False,1,1,15,6,3,6,19,24,6,15,82,False,,reached,9,True,False,1,1,44,35,3,6,10,42,6,5,29,True,
0,ok,True,101744331,False,False,DONE,,,0,fff91b2ebcfe75282646c9665aa4334c73b51ab98b061e6ab7ce0e393f0e696b,no_explicit_terminal_engine_result,40,EpisodeState.COMPLETED,-1,22,54798998,loss,True,59,0,True,loss,/private/tmp/kaggle_eps/55565424/replays/episode-101744331-replay.json,-1,518e7713b6e61c057ddf6528fa0dfb13c184628ad6560375ac1858935303bba6,148,55,55565424,reached,19,True,False,1,1,30,19,7,4,5,15,6,10,86,True,,reached,29,True,False,1,1,26,17,6,3,10,9,6,15,111,True,,reached,9,False,False,1,1,33,24,4,5,14,20,6,5,61,False,
0,ok,True,101732259,False,False,DONE,,,0,ef608794435b3703520f9a52f1f507cfbc1445b734a48225f4610c614239cbd8,no_explicit_terminal_engine_result,11,EpisodeState.COMPLETED,1,18,54306745,win,True,19,0,True,win,/private/tmp/kaggle_eps/55565424/replays/episode-101732259-replay.json,1,4c4bd22e8617ed62f8dcc0256a84bc5827251d5ef4f13949a666c80896f0a34f,79,18,55565424,ended_before,,,,,,,,,,,,,,,,19,ended_before,,,,,,,,,,,,,,,,29,reached,9,True,False,1,1,25,11,8,6,4,35,6,5,65,True,
0,ok,True,101720634,False,False,DONE,,,0,e28594fc5c8d05807d5cacea9dbfbc83ac79493f16d0345e05ad543ceba80bb5,no_explicit_terminal_engine_result,19,EpisodeState.COMPLETED,-1,17,55558051,loss,False,33,1,True,loss,/private/tmp/kaggle_eps/55565424/replays/episode-101720634-replay.json,-1,2ffc86ee87f67bb4cbdca4d16d0731107366cdbd29bf2ee30c8e8e4c3738ce1a,181,32,55565424,ended_before,,,,,,,,,,,,,,,,20,ended_before,,,,,,,,,,,,,,,,30,reached,10,True,False,1,1,30,22,3,5,6,33,5,5,98,True,
0,ok,True,101713817,True,True,DONE,,,0,1f0c981f5fd46d69486a5e47e37a92ce78563023b77577be313da6aae602dd3c,no_explicit_terminal_engine_result,20,EpisodeState.COMPLETED,1,9,54726649,win,False,35,1,True,win,/private/tmp/kaggle_eps/55565424/replays/episode-101713817-replay.json,1,c36684b91842fbc10a5d3668655ddfbcdef6dd37d4b89855322c3afd6a27a5cb,121,28,55565424,reached,20,False,False,1,1,9,0,5,4,13,21,6,10,115,False,,ended_before,,,,,,,,,,,,,,,,30,reached,10,False,False,1,1,34,15,14,5,14,26,6,5,78,False,
0,ok,True,101702228,False,False,DONE,,,0,50c1e0b9604e24bb7c81cc0be5291dfbeac84652bdca13fe27db096719aed8c9,no_explicit_terminal_engine_result,10,EpisodeState.COMPLETED,-1,46,55109325,loss,True,17,0,True,loss,/private/tmp/kaggle_eps/55565424/replays/episode-101702228-replay.json,-1,dce0ad5af9a63d7b6ca946e49a507fa58ecb7b3c28f959127964ee674881535c,59,16,55565424,ended_before,,,,,,,,,,,,,,,,19,ended_before,,,,,,,,,,,,,,,,29,reached,9,True,False,1,1,46,29,13,4,2,33,6,5,54,True,
0,ok,True,101693480,True,True,DONE,,,0,44dc01262ea0bb5542697c804df196bc814b1ecfeb7d2278a5dbf2229011ffa7,no_explicit_terminal_engine_result,42,EpisodeState.COMPLETED,1,8,54600337,win,False,57,1,True,win,/private/tmp/kaggle_eps/55565424/replays/episode-101693480-replay.json,1,48c809dc335377115c6807aee43276ed1b98ee9a2a8a7f68b0756b487aa15bce,143,51,55565424,reached,20,True,False,1,1,40,30,4,6,7,27,6,10,68,True,,reached,30,True,False,1,1,21,12,5,4,10,16,6,15,113,True,,reached,10,True,False,1,1,47,38,3,6,7,33,6,5,44,True,
0,ok,True,101688434,False,False,DONE,,,0,6e36afe1cfbc350367cd50de1fc35c104bcd04725c338e7224eee35cf2060eee,no_explicit_terminal_engine_result,16,EpisodeState.COMPLETED,-1,26,55554018,loss,True,29,0,True,loss,/private/tmp/kaggle_eps/55565424/replays/episode-101688434-replay.json,-1,771b0beafa6b0c9964a5ff61d91481a2640baf4baf6d9c91cf86dfb6d22600a9,113,27,55565424,ended_before,,,,,,,,,,,,,,,,19,ended_before,,,,,,,,,,,,,,,,29,reached,9,True,False,1,1,36,25,6,5,4,40,6,5,54,True,
0,ok,True,101687484,False,False,DONE,,,0,f2e0127c03cac7222f77685ab19ad2b013876a473c71999a07b915fbae63d961,no_explicit_terminal_engine_result,26,EpisodeState.COMPLETED,1,20,55454597,win,False,36,1,True,win,/private/tmp/kaggle_eps/55565424/replays/episode-101687484-replay.json,1,e61712bb8269adcb3fd24bb702d3e869011000ff720e07ae014118bcd5dd7339,193,21,55565424,reached,20,False,False,1,1,28,15,7,6,17,23,3,10,141,False,,ended_before,,,,,,,,,,,,,,,,30,reached,10,True,False,1,1,44,34,4,6,10,30,5,5,60,True,
0,ok,True,101675872,False,False,DONE,,,0,47d912a5002d5d2f819c2816ec3855635476cbd47b773af006ab57f0daf711c5,no_explicit_terminal_engine_result,26,EpisodeState.COMPLETED,-1,24,55362399,loss,True,46,0,True,loss,/private/tmp/kaggle_eps/55565424/replays/episode-101675872-replay.json,-1,1af49e58d6d6af3ffc08943dbccac588558c90c4c095de05466a8d83cee6f691,121,44,55565424,reached,19,True,False,1,1,31,22,7,2,5,11,6,10,98,True,,ended_before,,,,,,,,,,,,,,,,29,reached,9,True,False,1,1,42,29,8,5,4,33,6,5,52,True,
0,ok,True,101664283,True,True,DONE,,,0,606043c7745b79150110ab5807590885367892e7c41573d1bbd6b164e76b9746,no_explicit_terminal_engine_result,21,EpisodeState.COMPLETED,1,8,55179243,win,True,45,0,True,win,/private/tmp/kaggle_eps/55565424/replays/episode-101664283-replay.json,1,479bce1bd296dec2b75643616998739a76d7cf378b91975e45732e0232dbe98d,163,43,55565424,reached,19,True,False,1,1,9,2,6,1,5,13,6,10,153,True,,ended_before,,,,,,,,,,,,,,,,29,reached,9,True,False,1,1,31,11,17,3,5,27,6,5,92,True,
0,ok,True,101659751,False,False,DONE,,,0,3e8f314e4695ae1da6a2281a3df3a4f144098a020c74e10c49d044e08258fab2,no_explicit_terminal_engine_result,10,EpisodeState.COMPLETED,-1,27,55507155,loss,True,16,0,True,loss,/private/tmp/kaggle_eps/55565424/replays/episode-101659751-replay.json,-1,d35b7065bc2c4d8636030ae52d8fbe82eae625c0a2d516470cccf220b947a66f,100,15,55565424,ended_before,,,,,,,,,,,,,,,,19,ended_before,,,,,,,,,,,,,,,,29,reached,9,True,False,1,1,27,18,4,5,5,34,6,5,79,True,
0,ok,True,101648166,False,False,DONE,,,0,b01487a6d378ef6995779630e9e7ec40bc7bf4fa7a660aefed175db12773c560,no_explicit_terminal_engine_result,16,EpisodeState.COMPLETED,-1,28,55545035,loss,True,28,0,True,loss,/private/tmp/kaggle_eps/55565424/replays/episode-101648166-replay.json,-1,f3d9425dc757ae9c6962729c4aece15c2fb914caf14fe0d4c3d2872ad89e5b0d,115,26,55565424,ended_before,,,,,,,,,,,,,,,,19,ended_before,,,,,,,,,,,,,,,,29,reached,9,True,False,1,1,37,12,21,4,6,30,6,5,70,True,
0,ok,True,101636119,True,True,DONE,,,1,a8f38febf849c22f0e1cdcfc7460a4dcc0cd6c6793cac7ff3839ce70701a6000,no_explicit_terminal_engine_result,27,EpisodeState.COMPLETED,1,13,53801515,win,True,41,1,True,win,/private/tmp/kaggle_eps/55565424/replays/episode-101636119-replay.json,1,ed5c4a6d2a807e7d370d10110a5b53c880d8f9e6859a28e0e222f1505c5c2a70,156,34,55565424,reached,19,True,False,1,1,16,6,6,4,12,27,4,10,128,True,,ended_before,,,,,,,,,,,,,,,,29,reached,9,False,False,1,1,38,27,5,6,16,33,4,5,68,False,
0,ok,True,101633993,False,False,DONE,,,0,2ea2f4de70ba6b5c9645f1f2fbb01ce806cbef72bda96bd13b7f124bfba4a63b,no_explicit_terminal_engine_result,3,EpisodeState.COMPLETED,1,59,54797987,win,False,6,1,True,win,/private/tmp/kaggle_eps/55565424/replays/episode-101633993-replay.json,1,0ec14ba6d8cb18948d9bfc8e9a77acf3b3846f0371ab83673dbdb81689462534,21,5,55565424,ended_before,,,,,,,,,,,,,,,,20,ended_before,,,,,,,,,,,,,,,,30,ended_before,,,,,,,,,,,,,,,,10
0,ok,True,101622431,True,True,DONE,,,1,697707fe58865c8a8d90c875730e4c487d29b0cc4bc3f11bdb9793bc3d8bdded,no_explicit_terminal_engine_result,31,EpisodeState.COMPLETED,1,7,55556070,win,True,40,1,True,win,/private/tmp/kaggle_eps/55565424/replays/episode-101622431-replay.json,1,85d9236d3fda78c9bc14bba0bd70590fcd1c848d456053dac0eedc2ff75574d9,115,40,55565424,reached,19,True,False,1,1,24,15,5,4,5,16,6,10,81,True,,reached,29,True,False,1,1,18,5,9,4,7,10,6,15,97,True,,reached,9,True,False,1,1,38,31,3,4,3,35,6,5,51,True,
0,ok,True,101610837,False,False,DONE,,,0,7726f8492940a78b091ab1e554214f9e1a3784eef4d126edab140700e2f0d36f,no_explicit_terminal_engine_result,21,EpisodeState.COMPLETED,1,15,55561420,win,True,45,0,True,win,/private/tmp/kaggle_eps/55565424/replays/episode-101610837-replay.json,1,f919430ce1ecf9c78ae73a3ba913831a5a1db4d8c5895c00982adf42c6db7568,222,43,55565424,reached,19,True,False,1,1,16,8,5,3,11,13,1,10,196,True,,ended_before,,,,,,,,,,,,,,,,29,reached,9,True,False,1,1,32,19,7,6,7,28,6,5,82,True,
0,ok,True,101599688,True,True,DONE,,,0,6c8737a538d77ec0db0fe3565d38a88f92b1f718d7bd7b8f6ffdcd4c248707eb,no_explicit_terminal_engine_result,34,EpisodeState.COMPLETED,-1,9,55562726,loss,True,47,0,True,loss,/private/tmp/kaggle_eps/55565424/replays/episode-101599688-replay.json,-1,7c34a617db62674976610c41b6fb9687f6cc1c3ac39f55b90e77a9e54bd20815,247,46,55565424,reached,19,True,False,1,1,18,8,6,4,7,17,6,10,141,True,,reached,29,True,False,1,1,9,3,5,1,6,11,6,15,208,True,,reached,9,True,False,1,1,40,31,3,6,10,30,6,5,54,True,
0,ok,True,101591639,False,False,DONE,,,0,996bc8932fe78d17b2a48a60e2e7f79d01ec7975c98a77677874923348a8eadc,no_explicit_terminal_engine_result,15,EpisodeState.COMPLETED,-1,22,55385309,loss,False,27,1,True,loss,/private/tmp/kaggle_eps/55565424/replays/episode-101591639-replay.json,-1,094f8fd5949b7ff6051214ee2abca5296d5ef0a55853ab2e0e590712ef493b4c,105,24,55565424,ended_before,,,,,,,,,,,,,,,,20,ended_before,,,,,,,,,,,,,,,,30,reached,10,True,False,1,1,22,10,9,3,5,31,6,5,85,True,
0,ok,True,101587145,True,True,DONE,,,1,48a2258cf84db885794ea25859df4dd73b2e80e72c7794f47c93a72f1bd20cf1,no_explicit_terminal_engine_result,24,EpisodeState.COMPLETED,-1,14,55275149,loss,True,40,1,True,loss,/private/tmp/kaggle_eps/55565424/replays/episode-101587145-replay.json,-1,8a03371d97f7ae0cc7c9912c9e9a8c5ff3e3c97570e1aa95ce7ba6d06f76168f,216,40,55565424,reached,19,True,False,1,1,15,7,6,2,7,23,6,10,167,True,,ended_before,,,,,,,,,,,,,,,,29,reached,9,True,False,1,1,35,24,5,6,8,30,6,5,82,True,
0,ok,True,101584727,False,False,DONE,,,1,b78cdd59a633c4798d9fd3dd0e86cedfc51df4b21056aab58dba597a3e369fcf,no_explicit_terminal_engine_result,29,EpisodeState.COMPLETED,1,16,54222272,win,True,35,1,True,win,/private/tmp/kaggle_eps/55565424/replays/episode-101584727-replay.json,1,c39d3cf6b2cd340324817c7cd993d1f2ae127f3f32326e38627e4f96b106f1d9,96,25,55565424,reached,19,True,False,1,1,17,5,6,6,9,30,6,10,78,True,,reached,29,False,False,1,1,16,0,10,6,17,24,6,15,92,False,,reached,9,True,False,1,1,40,29,5,6,10,35,6,5,44,True,
0,ok,True,101573173,True,True,DONE,,,0,3429971b94e8dcda69f3bd0ca6a28998f2a0b7b0252ada1a02a3a9094e64ddac,no_explicit_terminal_engine_result,20,EpisodeState.COMPLETED,-1,10,55514946,loss,True,44,0,True,loss,/private/tmp/kaggle_eps/55565424/replays/episode-101573173-replay.json,-1,836826dae6d6862cd62a7d600ff57d7411d966e0e45930f4958790c593f41c5b,138,41,55565424,reached,19,True,False,1,1,10,6,3,1,4,12,6,10,125,True,,ended_before,,,,,,,,,,,,,,,,29,reached,9,True,False,1,1,33,23,5,5,7,22,6,5,60,True,
0,ok,True,101572119,False,False,DONE,,,0,9f034d09260208a8f0f56340dce7b7838b536b55be03af89455c11e2db66955a,no_explicit_terminal_engine_result,18,EpisodeState.COMPLETED,-1,19,55501093,loss,True,41,0,True,loss,/private/tmp/kaggle_eps/55565424/replays/episode-101572119-replay.json,-1,6cf10210081f1818df0bf810af3d1bf90ea00c624a2c82e5967dd92cff1e4cad,222,35,55565424,ended_before,,,,,,,,,,,,,,,,19,ended_before,,,,,,,,,,,,,,,,29,reached,9,True,False,1,1,36,27,4,5,8,30,4,5,95,True,
0,ok,True,101563395,True,True,DONE,,,1,979a89289ef0d1942a15e475fc6be71739df03e9c78366d280d5a67499a1c538,no_explicit_terminal_engine_result,17,EpisodeState.COMPLETED,1,12,55559988,win,True,29,1,True,win,/private/tmp/kaggle_eps/55565424/replays/episode-101563395-replay.json,1,516e4d86b63dfd96871ecbed85ea77991d59fcab3d5c7311f38c66f3f4f09fe9,90,24,55565424,ended_before,,,,,,,,,,,,,,,,19,ended_before,,,,,,,,,,,,,,,,29,reached,9,False,False,1,1,21,9,6,6,18,29,6,5,66,False,
0,ok,True,101557220,False,False,DONE,,,0,e729087ae301a900a8caa52e3d03fd35ddcaa85802c9115727b824119969bd40,no_explicit_terminal_engine_result,23,EpisodeState.COMPLETED,-1,30,54437482,loss,False,31,1,True,loss,/private/tmp/kaggle_eps/55565424/replays/episode-101557220-replay.json,-1,73f4ac71c05b1fd260fb6342f818136c34ee0386336cefe6d353efdd0a078c78,73,15,55565424,reached,20,False,False,1,1,32,13,13,6,17,4,6,10,56,False,,ended_before,,,,,,,,,,,,,,,,30,reached,10,False,False,1,1,43,29,8,6,17,17,6,5,40,False,
0,ok,True,101545655,False,False,DONE,,,0,fe4aa47a8e6f414bafd15db30cb053513fb5d4181f9cbe0249707e394537c7b2,no_explicit_terminal_engine_result,50,EpisodeState.COMPLETED,1,18,55557803,win,False,77,1,True,win,/private/tmp/kaggle_eps/55565424/replays/episode-101545655-replay.json,1,3e2a686495cecc597d76978a589daab8ebf56cc2df76b26b1447fcf0b81f4e59,299,70,55565424,reached,20,True,False,1,1,31,20,6,5,5,36,5,10,140,True,,reached,30,True,False,1,1,22,11,8,3,9,18,5,15,234,True,,reached,10,True,False,1,1,39,30,3,6,8,40,6,5,67,True,
0,ok,True,101538670,False,False,DONE,,,0,fed975c2039c342adaeb2ebd15bf425521c479476ead2ef51720e8d80d4477d8,no_explicit_terminal_engine_result,14,EpisodeState.COMPLETED,-1,23,54533407,loss,True,20,0,True,loss,/private/tmp/kaggle_eps/55565424/replays/episode-101538670-replay.json,-1,ee6229f3e432f95ad87aa79b07d5d091e24e64ef74d2380db306c87a17c49895,96,16,55565424,ended_before,,,,,,,,,,,,,,,,19,ended_before,,,,,,,,,,,,,,,,29,reached,9,True,False,1,1,28,13,11,4,4,38,6,5,75,True,
0,ok,True,101526616,False,False,DONE,,,0,b1465df9fa06b89c265725ffbd81beac1079391da107cdbf18d1a6c2a9ccb9da,no_explicit_terminal_engine_result,14,EpisodeState.COMPLETED,-1,27,55392788,loss,True,35,0,True,loss,/private/tmp/kaggle_eps/55565424/replays/episode-101526616-replay.json,-1,5c0eebbd1a378593c6dc1a0f4432a0bdf5667672cbb2b5cf87fa75f2755d8af1,117,35,55565424,ended_before,,,,,,,,,,,,,,,,19,ended_before,,,,,,,,,,,,,,,,29,reached,9,True,False,1,1,30,13,14,3,8,21,6,5,85,True,
0,ok,True,101516821,True,True,DONE,,,0,de7de69d34ef1ea0a5651a94db9d07f9c09dd21c0147cb9a52f6d3cf8422ece8,no_explicit_terminal_engine_result,19,EpisodeState.COMPLETED,1,5,55468944,win,True,41,0,True,win,/private/tmp/kaggle_eps/55565424/replays/episode-101516821-replay.json,1,68f0afb769feb8599074f641d11081139943b397be0c5092cccb5eee9cfffc4d,142,36,55565424,reached,19,True,False,1,1,5,0,4,1,3,5,6,10,133,True,,ended_before,,,,,,,,,,,,,,,,29,reached,9,True,False,1,1,38,28,6,4,7,26,6,5,60,True,
0,ok,True,101507619,False,False,DONE,,,0,0e3e873281eed550150e13b300b7dc029b64fd5219c17bf5cfd4beb1b795ff0b,no_explicit_terminal_engine_result,21,EpisodeState.COMPLETED,1,20,55251990,win,False,40,1,True,win,/private/tmp/kaggle_eps/55565424/replays/episode-101507619-replay.json,1,de0f687019a673cc10c2f4262b11b689d874f603a4ee7f9dadcabe1dd17ce89d,211,38,55565424,reached,20,True,False,1,1,20,7,9,4,8,27,1,10,196,True,,ended_before,,,,,,,,,,,,,,,,30,reached,10,True,False,1,1,29,16,7,6,10,35,4,5,81,True,
0,ok,True,101497735,True,True,DONE,,,0,340a731659cf9ec4071c0f6ab1105189eee6d69787a2fc6fc7b616a21d2ce3ab,no_explicit_terminal_engine_result,24,EpisodeState.COMPLETED,1,10,54576553,win,False,38,1,True,win,/private/tmp/kaggle_eps/55565424/replays/episode-101497735-replay.json,1,47723c54b37b6faab8d12c83e2be795f8177fa1c59af40618e61583150f4947b,112,20,55565424,reached,20,False,False,1,1,19,7,6,6,15,9,6,10,85,False,,ended_before,,,,,,,,,,,,,,,,30,reached,10,False,False,1,1,36,25,5,6,26,14,6,5,58,False,
0,ok,True,101486118,True,True,DONE,,,1,a8d5ad4b4a42af17ccd4361267ae0482d6ea1262ff6cecad92cb0808c9d8b1ef,no_explicit_terminal_engine_result,31,EpisodeState.COMPLETED,1,9,55086291,win,True,51,1,True,win,/private/tmp/kaggle_eps/55565424/replays/episode-101486118-replay.json,1,1763acc6ab41cfd5f4716b490d744aeef741b42d80017962e69c5413020b4ed5,135,46,55565424,reached,19,True,False,1,1,20,12,4,4,7,15,6,10,110,True,,reached,29,True,False,1,1,11,2,5,4,12,10,6,15,126,True,,reached,9,False,False,1,1,35,28,3,4,21,20,6,5,71,False,
0,ok,True,101477713,True,True,DONE,,,0,e4ff4278b2bc6236f6cddd341edb66538cadf05ed8c3f274337b79c3f8fd5e46,no_explicit_terminal_engine_result,20,EpisodeState.COMPLETED,1,11,55240031,win,False,39,1,True,win,/private/tmp/kaggle_eps/55565424/replays/episode-101477713-replay.json,1,176a47e6ac055d07ef4432d3baf090235c4debb5091c6b5a63e1b42f1e3acfec,204,38,55565424,reached,20,True,False,1,1,11,4,5,2,7,19,1,10,199,True,,ended_before,,,,,,,,,,,,,,,,30,reached,10,True,False,1,1,34,24,5,5,9,28,5,5,102,True,
0,ok,True,101472648,False,False,DONE,,,1,f376f07ac415aa520bf59f9314d391965c2daf4746742a4faaa3e63e5a810371,no_explicit_terminal_engine_result,25,EpisodeState.COMPLETED,1,38,54301893,win,True,30,1,True,win,/private/tmp/kaggle_eps/55565424/replays/episode-101472648-replay.json,1,b84f9836800b529ae7e30d04ac02882605d39306eecccc9dad747db4e7f4196f,95,25,55565424,reached,19,True,False,1,1,41,30,5,6,8,32,4,10,76,True,,ended_before,,,,,,,,,,,,,,,,29,reached,9,True,False,1,1,50,38,6,6,7,28,6,5,48,True,
0,ok,True,101463147,True,False,DONE,,,1,1ec06457d838a596f7f96a7d67af3a65d1e7bb130aba1cd37c72db8a543c4ba6,no_explicit_terminal_engine_result,27,EpisodeState.COMPLETED,1,13,55553061,win,True,42,1,True,win,/private/tmp/kaggle_eps/55565424/replays/episode-101463147-replay.json,1,d404e687c3ccd6803bb84a3b75a86c3f673ab10980969e80d3bf3f1cf5efbcae,109,23,55565424,reached,19,False,False,1,1,17,8,3,6,14,18,6,10,85,False,,ended_before,,,,,,,,,,,,,,,,29,reached,9,False,False,1,1,35,24,5,6,16,34,6,5,47,False,
0,ok,True,101452765,False,False,DONE,,,0,22b4a604d759cf5aad9fd75f305b42d9332c3c8f63637a5a59d62adb0caac910,no_explicit_terminal_engine_result,12,EpisodeState.COMPLETED,-1,23,55432008,loss,True,27,0,True,loss,/private/tmp/kaggle_eps/55565424/replays/episode-101452765-replay.json,-1,1032aad71ba514023aa3a92072d0804d7649d1ef279bb5573ea8fd187b3585d6,145,22,55565424,ended_before,,,,,,,,,,,,,,,,19,ended_before,,,,,,,,,,,,,,,,29,reached,9,True,False,1,1,29,14,10,5,6,37,5,5,96,True,
0,ok,True,101441212,False,False,DONE,,,0,2bb712b78adb95f1e1bdd242c05e9437ebb7c5e33cd39ee7cef011b38dd548de,no_explicit_terminal_engine_result,16,EpisodeState.COMPLETED,-1,32,55560194,loss,True,24,0,True,loss,/private/tmp/kaggle_eps/55565424/replays/episode-101441212-replay.json,-1,b816f147025b705101661796f552539aebc3994d460088d26e414f7be39be70c,103,23,55565424,ended_before,,,,,,,,,,,,,,,,19,ended_before,,,,,,,,,,,,,,,,29,reached,9,True,False,1,1,35,11,20,4,4,39,6,5,74,True,
0,ok,True,101429665,True,True,DONE,,,1,7422d1c87f3a4996406ee278df815fbd53411f59c847b35233295f0aa0bc0bca,no_explicit_terminal_engine_result,20,EpisodeState.COMPLETED,-1,11,55420605,loss,True,38,1,True,loss,/private/tmp/kaggle_eps/55565424/replays/episode-101429665-replay.json,-1,1e245ca00fc2475b71e5b1dddba0a9c23d2f65efadac6120290021655b24e6a4,115,34,55565424,reached,19,True,False,1,1,15,7,7,1,3,14,6,10,109,True,,ended_before,,,,,,,,,,,,,,,,29,reached,9,True,False,1,1,34,24,7,3,7,20,6,5,72,True,
0,ok,True,101420649,False,False,DONE,,,0,d60590c0a03cfef04dac51fb51d0873fbef6a92c0fb05f1787250d5b6c17c91e,no_explicit_terminal_engine_result,16,EpisodeState.COMPLETED,1,26,54142808,win,False,19,1,True,win,/private/tmp/kaggle_eps/55565424/replays/episode-101420649-replay.json,1,ec5804f232408ccc248011f5e86448d68488179d3d6b4267216aef3652c657af,91,17,55565424,ended_before,,,,,,,,,,,,,,,,20,ended_before,,,,,,,,,,,,,,,,30,reached,10,True,False,1,1,31,17,8,6,6,40,6,5,65,True,
0,ok,True,101410588,True,True,DONE,,,0,e61ed317959b51cb0b975108d6c5854975ff36faa3ab5b384b2ff66f02b65a8e,no_explicit_terminal_engine_result,15,EpisodeState.COMPLETED,-1,13,55561756,loss,False,31,1,True,loss,/private/tmp/kaggle_eps/55565424/replays/episode-101410588-replay.json,-1,920216f07a080f1b97a0ccd91a4f66afe82d53295b1733667850c4cdbb169f27,173,28,55565424,ended_before,,,,,,,,,,,,,,,,20,ended_before,,,,,,,,,,,,,,,,30,reached,10,True,False,1,1,26,14,7,5,6,31,4,5,101,True,
0,ok,True,101398956,False,False,DONE,,,1,3d52a17de1dcccc5ac680605f903f61129f2d974609a106a0c808a638ac3db4d,no_explicit_terminal_engine_result,14,EpisodeState.COMPLETED,-1,26,55553144,loss,True,34,1,True,loss,/private/tmp/kaggle_eps/55565424/replays/episode-101398956-replay.json,-1,39e8c06d3b6412127d4df73a4caae32af7d7c83d9cab9febffa30ede997b70dc,110,32,55565424,ended_before,,,,,,,,,,,,,,,,19,ended_before,,,,,,,,,,,,,,,,29,reached,9,True,False,1,1,34,26,5,3,5,32,6,5,66,True,
0,ok,True,101396224,True,True,DONE,,,0,1b073ee6e99fc25963232633060de4a34f5daa93741e2bc139df4ec2ec03bca7,no_explicit_terminal_engine_result,16,EpisodeState.COMPLETED,1,11,55553932,win,False,29,1,True,win,/private/tmp/kaggle_eps/55565424/replays/episode-101396224-replay.json,1,e844416403e06d8a975acbc30f7d5a67b859b7cd972faa5063ecdd0362a56c2f,89,28,55565424,ended_before,,,,,,,,,,,,,,,,20,ended_before,,,,,,,,,,,,,,,,30,reached,10,True,False,1,1,20,7,7,6,10,19,6,5,76,True,
0,ok,True,101384404,True,True,DONE,,,0,257d13367fcd295a28ccd0fb21c4734a6e2257cc0e44def06862f884a4d8f385,no_explicit_terminal_engine_result,15,EpisodeState.COMPLETED,1,11,55241129,win,True,40,0,True,win,/private/tmp/kaggle_eps/55565424/replays/episode-101384404-replay.json,1,838eb5b35a945f39a1569997649eb00afa6896a6866d55deb1c615671d87fb5c,124,36,55565424,ended_before,,,,,,,,,,,,,,,,19,ended_before,,,,,,,,,,,,,,,,29,reached,9,True,False,1,1,29,23,2,4,3,36,6,5,74,True,
0,ok,True,101384630,True,True,DONE,,,0,594a736ba188d0da19cb831c8abaaa1cce5c0d0d27ced1b7b50277a9c0d70688,no_explicit_terminal_engine_result,21,EpisodeState.COMPLETED,1,11,55142584,win,True,37,0,True,win,/private/tmp/kaggle_eps/55565424/replays/episode-101384630-replay.json,1,1a01184839f44be2afb912c08f261c95e431adbe2ab2f570b48aa211d56bef06,135,31,55565424,reached,19,True,False,1,1,13,2,6,5,10,20,4,10,125,True,,ended_before,,,,,,,,,,,,,,,,29,reached,9,True,False,1,1,27,14,8,5,12,26,6,5,80,True,
0,ok,True,101372635,True,True,DONE,,,0,3bff6d8775906fa36eef2f089e4576be86bb196c24c178a2175558c910899fd5,no_explicit_terminal_engine_result,20,EpisodeState.COMPLETED,-1,11,54669020,loss,True,37,0,True,loss,/private/tmp/kaggle_eps/55565424/replays/episode-101372635-replay.json,-1,78f4dc961cca86b1dde8e0778ab4f4846bc7ebf50e96250f9c3d754b90f6f8f7,142,32,55565424,reached,19,True,False,1,1,11,3,7,1,4,13,6,10,134,True,,ended_before,,,,,,,,,,,,,,,,29,reached,9,True,False,1,1,41,29,6,6,11,31,6,5,57,True,
0,ok,True,101368017,False,False,DONE,,,0,e4259723030305619e19ab6e42802851c2e05619ae967b44d1bc48b49cb5f2ce,no_explicit_terminal_engine_result,22,EpisodeState.COMPLETED,1,17,55248845,win,False,40,1,True,win,/private/tmp/kaggle_eps/55565424/replays/episode-101368017-replay.json,1,e3f9457ed6667bcbc89c3dfa13737c36026ce3ee9d2a06bb160e66c368b8bc6b,129,39,55565424,reached,20,True,False,1,1,22,5,14,3,10,12,6,10,118,True,,ended_before,,,,,,,,,,,,,,,,30,reached,10,True,False,1,1,31,18,10,3,4,28,6,5,80,True,
0,ok,True,101356427,True,True,DONE,,,0,f6a747d9379472945193ceae9dc3e6bacbaea0a27ee1e484ca5eb9338f201fb4,no_explicit_terminal_engine_result,27,EpisodeState.COMPLETED,1,7,55384820,win,True,39,0,True,win,/private/tmp/kaggle_eps/55565424/replays/episode-101356427-replay.json,1,73eeb8210e3ca4f1e42b9ccd7fa9da8a82b7bf2b8c864bb6654002498aac1af1,162,38,55565424,reached,19,True,False,1,1,14,7,4,3,7,16,6,10,132,True,,ended_before,,,,,,,,,,,,,,,,29,reached,9,True,False,1,1,43,37,3,3,6,35,6,5,57,True,
0,ok,True,101344830,True,True,DONE,,,0,c6633d42c4adca43ba6f23c3872bc4268c6c8a273dcef25d93f1d103f730b8a2,no_explicit_terminal_engine_result,11,EpisodeState.COMPLETED,1,4,55441608,win,True,22,0,True,win,/private/tmp/kaggle_eps/55565424/replays/episode-101344830-replay.json,1,fb67e0bdcd2ffc30a52de80f5b98c592836f4740a719fb32a2e6a27d77b2be49,108,22,55565424,ended_before,,,,,,,,,,,,,,,,19,ended_before,,,,,,,,,,,,,,,,29,reached,9,True,False,1,1,14,4,6,4,3,26,6,5,94,True,
0,ok,True,101344767,False,False,DONE,,,0,b21c1d0c4c8d1909837d66968f3e1d51492260db10e2a14ced11375909674e8a,no_explicit_terminal_engine_result,28,EpisodeState.COMPLETED,-1,25,55437703,loss,True,50,0,True,loss,/private/tmp/kaggle_eps/55565424/replays/episode-101344767-replay.json,-1,41f2d5b06e93dfdb7c37a0b9bbb8eeac2ef2bffaf5fbb1f0d0060dd05c4335d8,131,42,55565424,reached,19,True,False,1,1,32,18,10,4,12,27,6,10,82,True,,ended_before,,,,,,,,,,,,,,,,29,reached,9,True,False,1,1,45,31,9,5,11,33,6,5,50,True,
0,ok,True,101331025,True,True,DONE,,,0,03141c08fc1ffe0562dd6ba167207bf4bcbc207d12c23e6c7a3d91eacc0b1ece,no_explicit_terminal_engine_result,45,EpisodeState.COMPLETED,1,6,55489010,win,True,53,0,True,win,/private/tmp/kaggle_eps/55565424/replays/episode-101331025-replay.json,1,33783539f270a785845afe49d332a46fa3ae37b48c0dafd561f47983541b2360,181,52,55565424,reached,19,True,False,1,1,33,22,6,5,5,17,6,10,83,True,,reached,29,True,False,1,1,25,15,5,5,8,8,5,15,119,True,,reached,9,True,False,1,1,36,27,4,5,12,22,6,5,62,True,
0,ok,True,101333255,True,True,DONE,,,1,f3d6c88ca15ea54581a1bb72822eb636fab48699d009b85f00d888d85caf6cc0,no_explicit_terminal_engine_result,19,EpisodeState.COMPLETED,1,12,55320012,win,True,38,1,True,win,/private/tmp/kaggle_eps/55565424/replays/episode-101333255-replay.json,1,76fd9d043c090bfdb5a4104712348dfd1f2a1b887f07757d4e28fae9fee3c3d6,109,31,55565424,reached,19,True,False,1,1,12,3,5,4,10,19,5,10,101,True,,ended_before,,,,,,,,,,,,,,,,29,reached,9,False,False,1,1,28,17,5,6,20,24,6,5,62,False,
0,ok,True,101328936,True,True,DONE,,,1,2b6ad634cd7ff55eb6e59e66b5fdf8762020108d0a4962ebf59b709e416b1e6e,no_explicit_terminal_engine_result,19,EpisodeState.COMPLETED,1,9,55525773,win,True,40,1,True,win,/private/tmp/kaggle_eps/55565424/replays/episode-101328936-replay.json,1,b2403ae0b5e8f29c584817d1eff6d7ebc7324f940103f978fe40a071c6b28f32,124,39,55565424,reached,19,True,False,1,1,9,0,4,5,5,6,6,10,118,True,,ended_before,,,,,,,,,,,,,,,,29,reached,9,True,False,1,1,28,8,15,5,8,27,6,5,80,True,
0,ok,True,101326759,True,True,DONE,,,0,c8430c998584930f8df41692f84c55021f31082c3969a6617ca3ab8ec8760025,no_explicit_terminal_engine_result,18,EpisodeState.COMPLETED,1,13,55277723,win,False,48,1,True,win,/private/tmp/kaggle_eps/55565424/replays/episode-101326759-replay.json,1,b28f09bbcdbee39194f9d9c6270b08771d63a210364a6bfda091b8135810b705,202,38,55565424,ended_before,,,,,,,,,,,,,,,,20,ended_before,,,,,,,,,,,,,,,,30,reached,10,False,False,1,1,26,18,4,4,13,29,4,5,126,False,
0,ok,True,101315405,False,False,DONE,,,0,ba1f43e754ca5653e12ba3c92fab7a95e31a867c750646d55e02f9d2528856a0,no_explicit_terminal_engine_result,13,EpisodeState.COMPLETED,-1,29,55561028,loss,False,28,1,True,loss,/private/tmp/kaggle_eps/55565424/replays/episode-101315405-replay.json,-1,723d8cef57c8b0372d473661da12897508417f73892db5f55e31161235c16bc8,128,28,55565424,ended_before,,,,,,,,,,,,,,,,20,ended_before,,,,,,,,,,,,,,,,30,reached,10,True,False,1,1,31,23,4,4,11,21,5,5,88,True,
0,ok,True,101309443,False,False,DONE,,,1,8ad81f2c01e192980e88ecc5412cec264169add5d5af82fa6b392084f0485e69,no_explicit_terminal_engine_result,6,EpisodeState.COMPLETED,-1,44,55565353,loss,True,11,1,True,loss,/private/tmp/kaggle_eps/55565424/replays/episode-101309443-replay.json,-1,bd004874b51c5c3d1b776e30f7ee26498c1ba8afc7773595c788c9b72b5f4d66,57,11,55565424,ended_before,,,,,,,,,,,,,,,,19,ended_before,,,,,,,,,,,,,,,,29,ended_before,,,,,,,,,,,,,,,,9
0,ok,True,101309020,False,False,DONE,,,0,05cdb5a07dcf80db7d413af3ff7ad70912bc1702a0ea297c18d29c0840530947,no_explicit_terminal_engine_result,15,EpisodeState.COMPLETED,-1,25,55562928,loss,False,38,1,True,loss,/private/tmp/kaggle_eps/55565424/replays/episode-101309020-replay.json,-1,6064f71d34c4717f65f88dd5b517b81655ca142bf93bba0d804b3c5cb952db70,124,35,55565424,ended_before,,,,,,,,,,,,,,,,20,ended_before,,,,,,,,,,,,,,,,30,reached,10,True,False,1,1,39,31,5,3,9,28,6,5,63,True,
0,ok,True,101298334,False,False,DONE,,,0,c4bd8074fc2fe495c507b6c287e2a7c4cfc1ab2c434e410afb3d02a933a222db,no_explicit_terminal_engine_result,33,EpisodeState.COMPLETED,1,20,55544980,win,True,27,0,True,win,/private/tmp/kaggle_eps/55565424/replays/episode-101298334-replay.json,1,5e024617c9731b3292ba31810498fa330482fdb95d223ced9187061b0eb0db11,81,23,55565424,reached,19,True,False,1,1,32,20,6,6,9,30,6,10,56,True,,reached,29,False,False,1,1,22,8,8,6,14,25,6,15,73,False,,reached,9,True,False,1,1,44,33,5,6,8,41,6,5,39,True,
0,ok,True,101286788,False,False,DONE,,,0,767ce250111e88579a052e916f383dc77caa8223d1ba2fdb339d6251891fedca,no_explicit_terminal_engine_result,34,EpisodeState.COMPLETED,1,16,55542709,win,False,45,1,True,win,/private/tmp/kaggle_eps/55565424/replays/episode-101286788-replay.json,1,c30019f74f006f7034a34b5e996f9e13906423a3881a686a0ce07d3a131285b3,176,45,55565424,reached,20,True,False,1,1,20,7,9,4,8,13,6,10,134,True,,reached,30,True,False,1,1,17,2,11,4,8,7,6,15,164,True,,reached,10,True,False,1,1,26,16,6,4,4,20,6,5,94,True,
0,ok,True,101284796,True,True,DONE,,,0,1e64a4b1c13651782625613edb1be35a0d2390bf9cf830f039bda9e06256c876,no_explicit_terminal_engine_result,17,EpisodeState.COMPLETED,1,12,54102639,win,True,42,0,True,win,/private/tmp/kaggle_eps/55565424/replays/episode-101284796-replay.json,1,2b30b3c585a9ca32a2909b210e4ccbf7998f7ab04becc19538fdc034390e5268,95,38,55565424,ended_before,,,,,,,,,,,,,,,,19,ended_before,,,,,,,,,,,,,,,,29,reached,9,True,False,1,1,35,25,6,4,8,29,6,5,48,True,
0,ok,True,101273261,True,False,DONE,,,0,7d5af0107ae9c424a924289ba6a983690f6ace53d315c9e4684badc97b7561d8,no_explicit_terminal_engine_result,22,EpisodeState.COMPLETED,1,5,55178722,win,False,32,1,True,win,/private/tmp/kaggle_eps/55565424/replays/episode-101273261-replay.json,1,5dc7aa1381c78f59580418cb98d67dbc1817181be61dea26664be9781b7c0936,125,31,55565424,reached,20,True,False,1,1,27,2,22,3,6,33,4,10,112,True,,ended_before,,,,,,,,,,,,,,,,30,reached,10,True,False,1,1,43,35,2,6,9,39,6,5,42,True,
0,ok,True,101267717,False,False,DONE,,,0,9f737006948f972e979ccf59ec6a6189ac0d30b642659516d8eabe0b528b427f,no_explicit_terminal_engine_result,23,EpisodeState.COMPLETED,-1,23,55398017,loss,False,41,1,True,loss,/private/tmp/kaggle_eps/55565424/replays/episode-101267717-replay.json,-1,5d5c940839a2b5ffe03f6f4575c4c184ed32aba05c5cd40081c1ace162365515,203,35,55565424,reached,20,True,False,1,1,26,15,8,3,7,20,2,10,170,True,,ended_before,,,,,,,,,,,,,,,,30,reached,10,False,False,1,1,48,39,3,6,13,25,6,5,60,False,
0,ok,True,101266205,False,False,DONE,,,0,505d725542efc32d8b9c6196e313e10e1a5e1c5482220fdc01e07d6a517af647,no_explicit_terminal_engine_result,17,EpisodeState.COMPLETED,-1,22,55557803,loss,False,38,1,True,loss,/private/tmp/kaggle_eps/55565424/replays/episode-101266205-replay.json,-1,337ecaee69c7b40cc30cc7fd478940324efd2f75d8cea6538024dc49b5d06dfd,196,36,55565424,ended_before,,,,,,,,,,,,,,,,20,ended_before,,,,,,,,,,,,,,,,30,reached,10,True,False,1,1,38,27,6,5,7,32,4,5,93,True,
0,ok,True,101260430,True,True,DONE,,,0,c7f708c1fbf8318cfcb4a369871a442d0c7429eebfea9ac4e2b48470f460aece,no_explicit_terminal_engine_result,17,EpisodeState.COMPLETED,-1,9,54994204,loss,False,30,1,True,loss,/private/tmp/kaggle_eps/55565424/replays/episode-101260430-replay.json,-1,e73ff20ff08d9f9b5d34ef1e33fcc5bb7636a487241f5fb34240b4361bf7d259,130,30,55565424,ended_before,,,,,,,,,,,,,,,,20,ended_before,,,,,,,,,,,,,,,,30,reached,10,True,False,1,1,21,7,10,4,5,35,6,5,89,True,
0,ok,True,101248632,False,False,DONE,,,0,a6d55841ba2e6a07822ae0a1db505756825d1960c882d087b0b225f459935817,no_explicit_terminal_engine_result,20,EpisodeState.COMPLETED,1,20,55559796,win,False,42,1,True,win,/private/tmp/kaggle_eps/55565424/replays/episode-101248632-replay.json,1,c8839d54dc74e8e706566237dec8f80f856cbb256f57149674bb5a846de90083,175,37,55565424,reached,20,True,False,1,1,20,14,3,3,8,25,1,10,168,True,,ended_before,,,,,,,,,,,,,,,,30,reached,10,True,False,1,1,32,21,5,6,11,32,4,5,90,True,
0,ok,True,101246271,True,True,DONE,,,0,acbea1d2407f07352978a2ec53369cc866b18d5a21ecc358c2ff8184cc6959c1,no_explicit_terminal_engine_result,34,EpisodeState.COMPLETED,1,7,55564673,win,False,55,1,True,win,/private/tmp/kaggle_eps/55565424/replays/episode-101246271-replay.json,1,423f0795f0a45dab778aa9b72ad379c4a6924bb73dfcf69a0d5c91b4b1cb1132,242,49,55565424,reached,20,True,False,1,1,22,11,8,3,12,11,6,10,174,True,,reached,30,True,False,1,1,11,5,4,2,10,6,1,15,230,True,,reached,10,False,False,1,1,34,22,6,6,20,24,6,5,88,False,
0,ok,True,101234464,False,False,DONE,,,0,6fceaf8022cefff7255c6292929b59ad212314b2636a1c52e104f2b372ebe54a,no_explicit_terminal_engine_result,23,EpisodeState.COMPLETED,-1,26,54965426,loss,False,36,1,True,loss,/private/tmp/kaggle_eps/55565424/replays/episode-101234464-replay.json,-1,6f5d2f018c6f53623fed8f94a13ba1d96faf701dc7582188060844fc0527a683,126,36,55565424,reached,20,True,False,1,1,26,17,8,1,3,22,6,10,109,True,,ended_before,,,,,,,,,,,,,,,,30,reached,10,True,False,1,1,33,25,5,3,5,33,6,5,77,True,
0,ok,True,101222192,False,False,DONE,,,1,5c892f2a12ae865e9fbf3cf9c33ae715080dfbdd51b869f106174ad356252ed5,no_explicit_terminal_engine_result,16,EpisodeState.COMPLETED,-1,21,55548845,loss,True,36,1,True,loss,/private/tmp/kaggle_eps/55565424/replays/episode-101222192-replay.json,-1,ff732b1a8c0b0b29023c4a88632941e9f6a85aa7e88dc1538890bc87e5f04dec,128,32,55565424,ended_before,,,,,,,,,,,,,,,,19,ended_before,,,,,,,,,,,,,,,,29,reached,9,True,False,1,1,35,20,11,4,9,34,6,5,71,True,
0,ok,True,101214822,True,True,DONE,,,0,2e4a2e495637878fb21e1808bd656be102735a2b89a227476a39823f9a5a0bcc,no_explicit_terminal_engine_result,15,EpisodeState.COMPLETED,1,12,55554567,win,True,32,0,True,win,/private/tmp/kaggle_eps/55565424/replays/episode-101214822-replay.json,1,8cd32d045e9892abd4093ae23bce50e6e4daa6378574101752a3509bb5beb869,126,30,55565424,ended_before,,,,,,,,,,,,,,,,19,ended_before,,,,,,,,,,,,,,,,29,reached,9,True,False,1,1,28,14,10,4,6,33,6,5,75,True,
0,ok,True,101210415,False,False,DONE,,,0,3fc994677c54d5c8191035cef4dd8d598deafb467620ff9db53f97d04b25fcf3,no_explicit_terminal_engine_result,43,EpisodeState.COMPLETED,1,28,54798215,win,True,51,0,True,win,/private/tmp/kaggle_eps/55565424/replays/episode-101210415-replay.json,1,21b6af8256adee172648c1febf2ba311aba9cc50b519c962ddbac4ace388f9dc,125,46,55565424,reached,19,True,False,1,1,38,29,5,4,4,27,3,10,86,True,,reached,29,True,False,1,1,28,18,6,4,7,16,3,15,106,True,,reached,9,False,False,1,1,45,30,9,6,16,36,6,5,33,False,
0,ok,True,101198606,False,False,DONE,,,0,b266e7064bcb994314e7cdd55586f320444eebb5f8958d7570c9f0c5bb49c1cf,no_explicit_terminal_engine_result,21,EpisodeState.COMPLETED,-1,22,55482568,loss,False,47,1,True,loss,/private/tmp/kaggle_eps/55565424/replays/episode-101198606-replay.json,-1,93a665463cdce8f10912cca3961de20828ded72cab1005db4004f8244f2d98c3,186,36,55565424,reached,20,True,False,1,1,22,15,6,1,4,17,5,10,174,True,,ended_before,,,,,,,,,,,,,,,,30,reached,10,False,False,1,1,41,31,5,5,19,22,5,5,87,False,
0,ok,True,101195472,False,False,DONE,,,0,e226996484b79a70a683af97aec41e11d892a3e26ee5bf033e6391ba43cfe6a0,no_explicit_terminal_engine_result,17,EpisodeState.COMPLETED,1,15,55531164,win,True,37,0,True,win,/private/tmp/kaggle_eps/55565424/replays/episode-101195472-replay.json,1,32ea8ac8a33c67f526897d6e5ad91d2392026b0ecefdabf50563e4f90e320883,105,32,55565424,ended_before,,,,,,,,,,,,,,,,19,ended_before,,,,,,,,,,,,,,,,29,reached,9,True,False,1,1,41,26,10,5,12,29,6,5,56,True,
0,ok,True,101183142,False,False,DONE,,,0,11ad21bd9dabacc1d2293c9f4266e28bc061657b1a52d4094ae0fce4a0439307,no_explicit_terminal_engine_result,15,EpisodeState.COMPLETED,-1,25,55253265,loss,False,25,1,True,loss,/private/tmp/kaggle_eps/55565424/replays/episode-101183142-replay.json,-1,060af2ea1966a77d12241e7ef46f1dafda02a4c46c1c3d3ab3ab7bd68fb22252,140,25,55565424,ended_before,,,,,,,,,,,,,,,,20,ended_before,,,,,,,,,,,,,,,,30,reached,10,True,False,1,1,30,18,6,6,9,31,4,5,85,True,
0,ok,True,101179660,False,False,DONE,,,0,a950fd173849cf0d15ccf14e326d4d07891f74795f95ff12c122ff67004a4729,no_explicit_terminal_engine_result,17,EpisodeState.COMPLETED,1,20,55561436,win,True,35,0,True,win,/private/tmp/kaggle_eps/55565424/replays/episode-101179660-replay.json,1,e9f042288137ea4fe16a3dbf87da1fbcce7c24af9a929a318f3afab20e1f1691,170,33,55565424,ended_before,,,,,,,,,,,,,,,,19,ended_before,,,,,,,,,,,,,,,,29,reached,9,True,False,1,1,27,18,3,6,7,30,5,5,103,True,
0,ok,True,101167411,False,False,DONE,,,0,9342b4d98a7ae12e0a1c12879134cd2a67a7f644bd2645d9dc66f2853ce8b150,no_explicit_terminal_engine_result,26,EpisodeState.COMPLETED,-1,31,55465214,loss,True,43,0,True,loss,/private/tmp/kaggle_eps/55565424/replays/episode-101167411-replay.json,-1,d8df8c28fd5d4f67f347c02845f0ea99a969f9da04c51410ea37b46fe737ef56,130,31,55565424,reached,19,False,False,1,1,34,23,7,4,15,14,3,10,96,False,,ended_before,,,,,,,,,,,,,,,,29,reached,9,False,False,1,1,43,31,6,6,15,19,6,5,60,False,
0,ok,True,101155589,True,True,DONE,,,0,a80861087cb6c94059bd84e05064cf6a305a35b341e7062b3af07bda3d242b57,no_explicit_terminal_engine_result,33,EpisodeState.COMPLETED,-1,14,55432566,loss,False,51,1,True,loss,/private/tmp/kaggle_eps/55565424/replays/episode-101155589-replay.json,-1,9f9f1116c0943dbd04e8ff657288835975162af2741738d4daa9f4200d9c2d1e,170,48,55565424,reached,20,True,False,1,1,23,12,6,5,9,28,2,10,114,True,,reached,30,True,False,1,1,14,5,8,1,6,16,2,15,162,True,,reached,10,True,False,1,1,32,17,10,5,11,28,6,5,78,True,
0,ok,True,101148497,False,False,DONE,,,0,d4e96c72dd6083cb093639a6b2a67a7fbf5d61148c8346ed7c50b524e2da109f,no_explicit_terminal_engine_result,27,EpisodeState.COMPLETED,-1,31,55191917,loss,False,39,1,True,loss,/private/tmp/kaggle_eps/55565424/replays/episode-101148497-replay.json,-1,02b5fabb9cd1798c95c379e223853bc1b3a81beeecd36d5f122998031cde752a,129,36,55565424,reached,20,True,False,1,1,41,30,9,2,5,8,6,10,90,True,,ended_before,,,,,,,,,,,,,,,,30,reached,10,True,False,1,1,48,37,6,5,8,20,6,5,54,True,
0,ok,True,101145861,False,False,DONE,,,0,154f7c7316d8ab487f73d1c33cd019e0a304425e277d73c548453b9da7f135d6,no_explicit_terminal_engine_result,23,EpisodeState.COMPLETED,-1,16,55284720,loss,False,47,1,True,loss,/private/tmp/kaggle_eps/55565424/replays/episode-101145861-replay.json,-1,4c35e137b855a27aefdc3bc52306a19edc78d6207fb8ddc4341bb7f27297f522,202,41,55565424,reached,20,True,False,1,1,20,14,5,1,11,14,2,10,170,True,,ended_before,,,,,,,,,,,,,,,,30,reached,10,False,False,1,1,28,23,1,4,14,23,6,5,86,False,
0,ok,True,101134042,True,True,DONE,,,0,75c3de3478ba46a19137934e365f3cdd0863829f1c2808b6c6361a0e7b5c6643,no_explicit_terminal_engine_result,37,EpisodeState.COMPLETED,1,6,54663444,win,True,50,0,True,win,/private/tmp/kaggle_eps/55565424/replays/episode-101134042-replay.json,1,e0f6afe0d77ce7269b24a3f51cc5f4d9f462bdc879672ec427f0c42febca3543,199,42,55565424,reached,19,True,False,1,1,28,20,3,5,8,23,6,10,78,True,,reached,29,True,False,1,1,14,4,7,3,3,19,5,15,158,True,,reached,9,False,False,1,1,39,30,3,6,16,28,6,5,49,False,
0,ok,True,101121729,True,True,DONE,,,0,95f586fff682b9b2a125516a74fe7a5c4438dfc8060268337e7fceb9434392c8,no_explicit_terminal_engine_result,17,EpisodeState.COMPLETED,1,13,55535602,win,True,34,0,True,win,/private/tmp/kaggle_eps/55565424/replays/episode-101121729-replay.json,1,2e0e1ec0e6ba467d674a3c50dd9921ebe9fb45c4c6be9f30ffa30c2be67f60d2,114,30,55565424,ended_before,,,,,,,,,,,,,,,,19,ended_before,,,,,,,,,,,,,,,,29,reached,9,True,False,1,1,32,21,5,6,11,30,6,5,68,True,
0,ok,True,101120917,True,True,DONE,,,0,113f4986da61491371fb4621ff67a99f8de26601c1b8a6d94964bc50321a094d,no_explicit_terminal_engine_result,32,EpisodeState.COMPLETED,1,7,54013172,win,False,51,1,True,win,/private/tmp/kaggle_eps/55565424/replays/episode-101120917-replay.json,1,c6364d6611a17fcc907333ac3e448952bd04132679cd25a738e127104421d80c,153,50,55565424,reached,20,True,False,1,1,11,6,4,1,5,9,5,10,126,True,,reached,30,True,False,1,1,7,1,5,1,9,4,5,15,148,True,,reached,10,True,False,1,1,27,18,4,5,6,30,6,5,66,True,
0,ok,True,101109907,True,True,DONE,,,0,a171e4e4cf56fd0ff17a4e5fcb8b2abdcfc48644d31a6fc60ee5369716e481ea,no_explicit_terminal_engine_result,23,EpisodeState.COMPLETED,1,5,55549927,win,True,41,0,True,win,/private/tmp/kaggle_eps/55565424/replays/episode-101109907-replay.json,1,58fd4758c93dec0a13f763f9290119c87ee893ffcc98ad56a003cbcaeabdcc30,136,36,55565424,reached,19,True,False,1,1,24,2,20,2,2,26,6,10,118,True,,ended_before,,,,,,,,,,,,,,,,29,reached,9,True,False,1,1,32,13,15,4,8,33,6,5,72,True,
0,ok,True,101098094,False,False,DONE,,,0,b3a3ddb003095a662cea89e0c8f51a3cddaf6b64b4a0d1a9635ffb64fb47caa0,no_explicit_terminal_engine_result,14,EpisodeState.COMPLETED,-1,28,55554628,loss,True,27,0,True,loss,/private/tmp/kaggle_eps/55565424/replays/episode-101098094-replay.json,-1,f1d96d401b974be335eab869b0fc6ee10c724c08e7d66ca525243cfb8e220e5b,108,26,55565424,ended_before,,,,,,,,,,,,,,,,19,ended_before,,,,,,,,,,,,,,,,29,reached,9,True,False,1,1,31,11,17,3,5,32,6,5,74,True,
0,ok,True,101086291,True,True,DONE,,,0,ce6b3df1fbbd497e32ed4b962bb322f7f26fc6b2ba33d2850e14bbc5c2177615,no_explicit_terminal_engine_result,36,EpisodeState.COMPLETED,1,11,55429902,win,False,54,1,True,win,/private/tmp/kaggle_eps/55565424/replays/episode-101086291-replay.json,1,d17233df7733d2aad9db46e0061a6f7dba74b3c45de6f31db83e343190f1ffc2,212,54,55565424,reached,20,True,False,1,1,29,21,4,4,3,13,6,10,137,True,,reached,30,True,False,1,1,15,6,6,3,6,7,6,15,192,True,,reached,10,True,False,1,1,42,29,8,5,7,27,6,5,72,True,
0,ok,True,101073957,False,False,DONE,,,1,19a8a232bc348142e0c029969d71b5ef102e5f249c2da2fd13312247b277b467,no_explicit_terminal_engine_result,24,EpisodeState.COMPLETED,-1,25,54523235,loss,True,46,1,True,loss,/private/tmp/kaggle_eps/55565424/replays/episode-101073957-replay.json,-1,de78e6b5147fe043fe4bd558204faa4e526fa3ceecfddca8ce195f65627c349c,112,39,55565424,reached,19,True,False,1,1,32,21,8,3,8,13,6,10,88,True,,ended_before,,,,,,,,,,,,,,,,29,reached,9,False,False,1,1,40,30,4,6,33,19,6,5,60,False,
0,ok,True,101065971,True,True,DONE,,,0,aae2d75ab0c1100da3676e950db882b97bfb4096380dbdd66c21414d9219fd76,no_explicit_terminal_engine_result,15,EpisodeState.COMPLETED,1,11,55221487,win,True,31,0,True,win,/private/tmp/kaggle_eps/55565424/replays/episode-101065971-replay.json,1,529bb035f8120f2ae81e6b089abb3fa7245a487a7082fe1aed74b9c200ee0b8f,116,26,55565424,ended_before,,,,,,,,,,,,,,,,19,ended_before,,,,,,,,,,,,,,,,29,reached,9,True,False,1,1,29,16,8,5,12,35,6,5,75,True,
0,ok,True,101054172,False,False,DONE,,,0,6141bbd8be23fe0e2eb5774bf05b8ca0a1e1f74a5adbf08ab3795bc8c602e45d,no_explicit_terminal_engine_result,25,EpisodeState.COMPLETED,-1,17,55562874,loss,False,48,1,True,loss,/private/tmp/kaggle_eps/55565424/replays/episode-101054172-replay.json,-1,e217f6a70bc06a15a7ae276f2655e18f824b606e3fd9bd9e2502924960f85b10,146,45,55565424,reached,20,False,False,1,1,21,13,5,3,13,13,6,10,110,False,,ended_before,,,,,,,,,,,,,,,,30,reached,10,False,False,1,1,28,21,4,3,13,18,6,5,85,False,
0,ok,True,101041879,False,False,DONE,,,0,f6fa6af98c854b36d52fcf09cde76ec5fcc5a60c4606d37a4ccc5c2cad252e2a,no_explicit_terminal_engine_result,23,EpisodeState.COMPLETED,-1,21,55558117,loss,False,38,1,True,loss,/private/tmp/kaggle_eps/55565424/replays/episode-101041879-replay.json,-1,dc876b0a5a3314858e8a30f0145b4591c48dc76c818dcbdcbf0ec83c867a0810,140,37,55565424,reached,20,True,False,1,1,24,10,12,2,5,16,6,10,124,True,,ended_before,,,,,,,,,,,,,,,,30,reached,10,True,False,1,1,47,33,8,6,11,33,6,5,52,True,
0,ok,True,101030057,False,False,DONE,,,1,fcf34d0026fa0e85e9abe69a3600fc7a9045f9651f014713058e1c6047f0011d,no_explicit_terminal_engine_result,37,EpisodeState.COMPLETED,1,18,55015569,win,True,49,1,True,win,/private/tmp/kaggle_eps/55565424/replays/episode-101030057-replay.json,1,341db1495db51ca8fb637cc141baa1db3e3bc4e583db5199aff987bcc3e969b5,130,46,55565424,reached,19,True,False,1,1,28,20,4,4,9,24,6,10,73,True,,reached,29,True,False,1,1,25,12,10,3,5,18,6,15,103,True,,reached,9,True,False,1,1,35,29,1,5,5,29,6,5,53,True,
0,ok,True,101025336,False,False,DONE,,,1,ae0d8d6fc6675318ce21d936ad7d69053ba490ef5dc6f728f3671f46046a2e46,no_explicit_terminal_engine_result,24,EpisodeState.COMPLETED,-1,15,55141837,loss,True,43,1,True,loss,/private/tmp/kaggle_eps/55565424/replays/episode-101025336-replay.json,-1,562433a06c1488fc347886178bf15d6728fb3cb46353b58913ca31d7866e7b86,139,40,55565424,reached,19,True,False,1,1,16,10,4,2,10,17,5,10,124,True,,ended_before,,,,,,,,,,,,,,,,29,reached,9,False,False,1,1,36,27,5,4,14,28,6,5,66,False,
0,ok,True,101025097,False,False,DONE,,,0,52cf165ae2217f916595e7e4a5a117d904d36ad802c3692ff37434763b56519e,no_explicit_terminal_engine_result,16,EpisodeState.COMPLETED,-1,26,55348447,loss,True,25,0,True,loss,/private/tmp/kaggle_eps/55565424/replays/episode-101025097-replay.json,-1,847fb3612aeb2f9d38e22251a2d9fc81e1a67ca7b0b7bf50a7d560d2dc793d08,115,23,55565424,ended_before,,,,,,,,,,,,,,,,19,ended_before,,,,,,,,,,,,,,,,29,reached,9,True,False,1,1,29,8,17,4,3,35,6,5,85,True,
0,ok,True,101015523,True,True,DONE,,,0,7b74c4833ee5039e6d5682782bfcd5f313f40b2046aaa3ce3735cd5d78e7d743,no_explicit_terminal_engine_result,39,EpisodeState.COMPLETED,1,6,55427844,win,True,53,0,True,win,/private/tmp/kaggle_eps/55565424/replays/episode-101015523-replay.json,1,33ae1ab30090627d5cda71243f8facf9ef9c23ef9171f5a8158f7e13970dde75,158,51,55565424,reached,19,True,False,1,1,37,27,7,3,11,19,6,10,76,True,,reached,29,True,False,1,1,19,12,4,3,6,13,6,15,116,True,,reached,9,True,False,1,1,45,36,3,6,9,31,6,5,44,True,
0,ok,True,101003242,False,False,DONE,,,0,2e2117ae55cd06340b73494a253b6b799aa34571ca7674fa584e23cb59660aea,no_explicit_terminal_engine_result,26,EpisodeState.COMPLETED,-1,29,55548182,loss,True,39,0,True,loss,/private/tmp/kaggle_eps/55565424/replays/episode-101003242-replay.json,-1,364287119a5e8fcb64393600b4bdc2cb98f585db4d0334e353eb220480131c3e,111,38,55565424,reached,19,True,False,1,1,38,31,6,1,6,17,6,10,85,True,,ended_before,,,,,,,,,,,,,,,,29,reached,9,True,False,1,1,54,40,11,3,4,39,6,5,37,True,
0,ok,True,101001965,True,True,DONE,,,0,9aa33d6e63a4f9a33d7f29392d049cbf90709adf91474bc28689827c5cb783a6,no_explicit_terminal_engine_result,21,EpisodeState.COMPLETED,1,7,55372125,win,True,39,0,True,win,/private/tmp/kaggle_eps/55565424/replays/episode-101001965-replay.json,1,7b8cbcea921843dffec54ffce3f4af4a20b32153eeb1c8a4b032caca7c27fba5,151,39,55565424,reached,19,True,False,1,1,8,2,5,1,6,23,5,10,138,True,,ended_before,,,,,,,,,,,,,,,,29,reached,9,True,False,1,1,19,10,5,4,6,33,6,5,75,True,
0,ok,True,100989634,False,False,DONE,,,0,65101997e1f04109bfa8b66a623945592fdfdadc728fa4ceb2dbef8b9913acb5,no_explicit_terminal_engine_result,9,EpisodeState.COMPLETED,-1,37,55551102,loss,False,12,1,True,loss,/private/tmp/kaggle_eps/55565424/replays/episode-100989634-replay.json,-1,ab7edb031f4cc290cc0fdd3e8ffcbcee370589046279c6672e49e78a98da64b7,77,12,55565424,ended_before,,,,,,,,,,,,,,,,20,ended_before,,,,,,,,,,,,,,,,30,ended_before,,,,,,,,,,,,,,,,10
0,ok,True,100989297,False,False,DONE,,,0,d3db4927c08c5a5092340c82006f00a2cfff081a5a432cd37fd155600dba8c97,no_explicit_terminal_engine_result,34,EpisodeState.COMPLETED,-1,26,54911206,loss,True,48,0,True,loss,/private/tmp/kaggle_eps/55565424/replays/episode-100989297-replay.json,-1,b28a8df47b2304474ea017c32dc23f38c1c722866c6c5a1c71f1d0a0cfb6c85f,121,44,55565424,reached,19,True,False,1,1,34,24,5,5,9,13,4,10,85,True,,reached,29,True,False,1,1,27,14,10,3,5,8,4,15,105,True,,reached,9,False,False,1,1,43,31,6,6,21,21,6,5,50,False,
0,ok,True,100984996,False,False,DONE,,,0,ba63c9d637af4beba94ed5ad3a4adb430f097156959198ab4e089ec9923792c5,no_explicit_terminal_engine_result,43,EpisodeState.COMPLETED,1,17,54222966,win,True,51,0,True,win,/private/tmp/kaggle_eps/55565424/replays/episode-100984996-replay.json,1,0dd10034a41904e3606a4d796ad1ee69a0b148a9f311351f7490bae834a45169,129,46,55565424,reached,19,True,False,1,1,31,18,8,5,2,30,6,10,79,True,,reached,29,True,False,1,1,24,7,12,5,9,25,6,15,98,True,,reached,9,True,False,1,1,32,23,4,5,3,36,6,5,62,True,
0,ok,True,100973135,False,False,DONE,,,0,6884f1aa12e4f1878347775e1f6b40e2a4148179952ea02fca60effb3e977a92,no_explicit_terminal_engine_result,16,EpisodeState.COMPLETED,-1,22,55558237,loss,True,40,0,True,loss,/private/tmp/kaggle_eps/55565424/replays/episode-100973135-replay.json,-1,ebae1f094e5ed6df58cdea408ad5d8350959278c42785c2b7384b5b22e813075,137,35,55565424,ended_before,,,,,,,,,,,,,,,,19,ended_before,,,,,,,,,,,,,,,,29,reached,9,True,False,1,1,26,13,9,4,7,21,6,5,95,True,
0,ok,True,100965146,True,True,DONE,,,0,04928dea507627afee23df621fbea956f06a41723e17af376888d5a97c912f12,no_explicit_terminal_engine_result,29,EpisodeState.COMPLETED,1,10,55546803,win,True,53,0,True,win,/private/tmp/kaggle_eps/55565424/replays/episode-100965146-replay.json,1,d0db9db9254f86e0aeaaaf043f4e53cfab2e21c2061b489a2e5e925352484ec8,140,51,55565424,reached,19,True,False,1,1,27,11,13,3,9,13,6,10,98,True,,reached,29,True,False,1,1,10,3,4,3,8,6,4,15,135,True,,reached,9,True,False,1,1,40,27,9,4,10,31,6,5,64,True,
0,ok,True,100961784,False,False,DONE,,,0,d99b0fc58ad4db515813ebb3a0fd7533d69a31900cfd7d167bb5cde301da14a9,no_explicit_terminal_engine_result,14,EpisodeState.COMPLETED,-1,27,55531425,loss,True,32,0,True,loss,/private/tmp/kaggle_eps/55565424/replays/episode-100961784-replay.json,-1,830fa2348e92e485e811e1541967e3564a0b93c754521bbfc8ec3981246ea8f7,91,27,55565424,ended_before,,,,,,,,,,,,,,,,19,ended_before,,,,,,,,,,,,,,,,29,reached,9,False,False,1,1,38,29,6,3,14,23,6,5,67,False,
0,ok,True,100949967,False,False,DONE,,,0,7ca38a09bdd93476248e02cd7f9f540e688c11975e3778b748652c8a59b4b868,no_explicit_terminal_engine_result,13,EpisodeState.COMPLETED,-1,35,55497295,loss,False,28,1,True,loss,/private/tmp/kaggle_eps/55565424/replays/episode-100949967-replay.json,-1,147ee34afdcd940f41f39b15dd3e04141642d5f835b63736fc7f9a77e4f62ec8,115,28,55565424,ended_before,,,,,,,,,,,,,,,,20,ended_before,,,,,,,,,,,,,,,,30,reached,10,True,False,1,1,45,31,8,6,10,32,6,5,73,True,
0,ok,True,100938141,True,True,DONE,,,0,968bc26dd19c90b42f62d499a50228ee2d58e677688aae21c1493756ae56a382,no_explicit_terminal_engine_result,33,EpisodeState.COMPLETED,1,13,55507835,win,True,28,0,True,win,/private/tmp/kaggle_eps/55565424/replays/episode-100938141-replay.json,1,85cfebb0512c8715bd2966087dd26eb89a5c94454fa3cef8372988703801d389,78,21,55565424,reached,19,True,False,1,1,25,14,5,6,12,19,6,10,44,True,,reached,29,False,False,1,1,18,4,8,6,14,9,6,15,62,False,,reached,9,True,False,1,1,47,33,8,6,10,38,6,5,23,True,
0,ok,True,100926307,False,False,DONE,,,0,428aed06b905c29386557de3435e1a2ca90211e6f7a9e8328246dca546896c37,no_explicit_terminal_engine_result,38,EpisodeState.COMPLETED,-1,20,55459070,loss,True,68,0,True,loss,/private/tmp/kaggle_eps/55565424/replays/episode-100926307-replay.json,-1,c650aab54f9873770d0e84237f9d8c1d98eaa23a0083e2b36335ec5457c0f299,225,54,55565424,reached,19,True,False,1,1,26,17,5,4,8,17,3,10,168,True,,reached,29,True,False,1,1,22,11,9,2,10,12,3,15,196,True,,reached,9,False,False,1,1,47,39,2,6,16,32,6,5,65,False,
0,ok,True,100914011,False,False,DONE,,,0,75bc4e8cdebf2369b36270d2c6cb04d7cefbdab0e3c62692f01e7050eb386be6,no_explicit_terminal_engine_result,19,EpisodeState.COMPLETED,-1,20,55541231,loss,False,37,1,True,loss,/private/tmp/kaggle_eps/55565424/replays/episode-100914011-replay.json,-1,5bf2217970cfc66954558922c4dd51c0774b1942ff379226393de483463c254a,204,28,55565424,ended_before,,,,,,,,,,,,,,,,20,ended_before,,,,,,,,,,,,,,,,30,reached,10,False,False,1,1,38,25,8,5,22,27,6,5,84,False,
0,ok,True,100902118,True,True,DONE,,,0,84effa605f41b73c297b87fc67dc4db35173fa907be17258c4c9c112d05cc0cf,no_explicit_terminal_engine_result,24,EpisodeState.COMPLETED,1,14,55355041,win,False,33,1,True,win,/private/tmp/kaggle_eps/55565424/replays/episode-100902118-replay.json,1,71564a13a8d39400744553c6a8bd449f410d681a217d52012e8483c2e94dc919,147,29,55565424,reached,20,True,False,1,1,16,10,4,2,9,30,2,10,133,True,,ended_before,,,,,,,,,,,,,,,,30,reached,10,False,False,1,1,34,24,6,4,17,25,6,5,84,False,
0,ok,True,100890282,False,False,DONE,,,0,3b6c852d96ac75f15963caa3a86a40e617a6f5c74a283781f0a7eb885daa5d0a,no_explicit_terminal_engine_result,25,EpisodeState.COMPLETED,1,18,55475124,win,True,36,0,True,win,/private/tmp/kaggle_eps/55565424/replays/episode-100890282-replay.json,1,0e4519ecd6a2334e4ce66bed5965918896305d9c02d8c88344c631a772246ee9,119,31,55565424,reached,19,True,False,1,1,19,3,10,6,9,18,6,10,104,True,,ended_before,,,,,,,,,,,,,,,,29,reached,9,True,False,1,1,26,12,8,6,11,31,6,5,75,True,
0,ok,True,100886487,False,False,DONE,,,0,356bcdd7d0bafacaf8f28eabf38405ccbf0f646c4888f6d188b6b0f2be572edb,no_explicit_terminal_engine_result,28,EpisodeState.COMPLETED,1,16,55558733,win,False,51,1,True,win,/private/tmp/kaggle_eps/55565424/replays/episode-100886487-replay.json,1,3d563878d3ef6fff4e586434393fab7f287caaaf262486ad9ffa977c881473e9,204,47,55565424,reached,20,True,False,1,1,16,4,9,3,10,10,3,10,187,True,,ended_before,,,,,,,,,,,,,,,,30,reached,10,True,False,1,1,27,18,3,6,6,34,4,5,84,True,
0,ok,True,100874661,False,False,DONE,,,0,3206bb80f95bcf9833e811cf116ba4d8cafb3e2054d71f1b207286115df31f0e,no_explicit_terminal_engine_result,20,EpisodeState.COMPLETED,1,19,55564390,win,False,33,1,True,win,/private/tmp/kaggle_eps/55565424/replays/episode-100874661-replay.json,1,cd78817f3dd44022a036f088400607b1ad886b623c62ac67c634944a4facc505,126,30,55565424,reached,20,True,False,1,1,19,2,11,6,5,22,6,10,122,True,,ended_before,,,,,,,,,,,,,,,,30,reached,10,True,False,1,1,37,21,10,6,4,28,6,5,70,True,
0,ok,True,100862907,False,False,DONE,,,0,c82f24bb739d1f132f52b55272b3a72d8cbacf067dbffcc3abe45ff4647f8ff8,no_explicit_terminal_engine_result,20,EpisodeState.COMPLETED,-1,31,54889002,loss,True,30,0,True,loss,/private/tmp/kaggle_eps/55565424/replays/episode-100862907-replay.json,-1,68c79d11131da4c2f7ae9e2d70ce6d09bdd40880bd0a0093ca5bd6ffd942b293,102,29,55565424,reached,19,True,False,1,1,31,21,9,1,4,30,6,10,96,True,,ended_before,,,,,,,,,,,,,,,,29,reached,9,True,False,1,1,38,28,7,3,8,35,6,5,71,True,
0,ok,True,100852586,False,False,DONE,,,0,712a775a6db541c214bff963954ec2f3f87f4a0cf9cccc916ef397348d77221b,no_explicit_terminal_engine_result,13,EpisodeState.COMPLETED,-1,19,55545421,loss,False,20,1,True,loss,/private/tmp/kaggle_eps/55565424/replays/episode-100852586-replay.json,-1,57269ed415b6b1deb3d550ae17b9e034053fa01472fb92a263969265ca58b131,117,16,55565424,ended_before,,,,,,,,,,,,,,,,20,ended_before,,,,,,,,,,,,,,,,30,reached,10,True,False,1,1,20,6,10,4,2,34,6,5,103,True,
0,ok,True,100843431,True,True,DONE,,,0,981c607bd6f9350a6b686aada192b5436fd2eecebfd7a3feb4882b0db3bb6711,no_explicit_terminal_engine_result,14,EpisodeState.COMPLETED,1,10,55529971,win,False,38,1,True,win,/private/tmp/kaggle_eps/55565424/replays/episode-100843431-replay.json,1,9356fc27236d32058779aa841e1e4c1b546b760a4a509a55626d87911e88e756,123,34,55565424,ended_before,,,,,,,,,,,,,,,,20,ended_before,,,,,,,,,,,,,,,,30,reached,10,True,False,1,1,16,8,4,4,5,23,6,5,93,True,
0,ok,True,100840393,False,False,DONE,,,1,abe3cc30f5ba6c80f537e425a592064b26c1ee076f13b6d107e6ddcf0b87d15c,no_explicit_terminal_engine_result,14,EpisodeState.COMPLETED,-1,30,55515666,loss,True,34,1,True,loss,/private/tmp/kaggle_eps/55565424/replays/episode-100840393-replay.json,-1,6616778417879b7698b09a2531905fb8a13df1d82ed3a9fda1117617d2ac9a3c,118,32,55565424,ended_before,,,,,,,,,,,,,,,,19,ended_before,,,,,,,,,,,,,,,,29,reached,9,True,False,1,1,34,14,17,3,11,32,6,5,85,True,
0,ok,True,100828571,False,False,DONE,,,0,c5354cd4cc45a76b85102f955291292a0ba20dbf3188799d09ee3763ba4a7722,no_explicit_terminal_engine_result,18,EpisodeState.COMPLETED,-1,26,55381344,loss,True,34,0,True,loss,/private/tmp/kaggle_eps/55565424/replays/episode-100828571-replay.json,-1,39c7c66d2b319694b13754f2edfa81f07498902c2a856f10449d11246fb1e7d2,183,28,55565424,ended_before,,,,,,,,,,,,,,,,19,ended_before,,,,,,,,,,,,,,,,29,reached,9,False,False,1,1,46,39,1,6,13,26,4,5,62,False,
0,ok,True,100818309,True,True,DONE,,,0,de1440b03915089b67900aa7fd9e5c6a02b53542933b3cd693bd44259496eff5,no_explicit_terminal_engine_result,44,EpisodeState.COMPLETED,-1,10,55558687,loss,True,57,0,True,loss,/private/tmp/kaggle_eps/55565424/replays/episode-100818309-replay.json,-1,1738563b809e35c6349906d18cc8bdbd553fb644e0a421c7ad179b9854bb3b11,220,53,55565424,reached,19,True,False,1,1,19,13,3,3,5,14,6,10,145,True,,reached,29,True,False,1,1,16,8,5,3,7,8,6,15,162,True,,reached,9,True,False,1,1,32,22,5,5,5,33,6,5,79,True,
0,ok,True,100806462,False,False,DONE,,,0,d6b902e2aa941615a566666374abe19710971c4a161b5da67af1865e15b822d2,no_explicit_terminal_engine_result,15,EpisodeState.COMPLETED,1,30,55397981,win,True,30,0,True,win,/private/tmp/kaggle_eps/55565424/replays/episode-100806462-replay.json,1,0957a1e9f1105eaafcab8aabd68c82f4c0c93e30070d0da73c7c4d3eca2e3096,139,25,55565424,ended_before,,,,,,,,,,,,,,,,19,ended_before,,,,,,,,,,,,,,,,29,reached,9,True,False,1,1,35,23,6,6,11,26,5,5,91,True,
0,ok,True,100794639,True,True,DONE,,,0,7a541b962695b45e7dae3641c0c0f22f3c40f9f94b1c02e3b924ac9ad82540f7,no_explicit_terminal_engine_result,17,EpisodeState.COMPLETED,1,11,55501539,win,True,31,0,True,win,/private/tmp/kaggle_eps/55565424/replays/episode-100794639-replay.json,1,f5249fb56658b20affb9a953453b623e125a9c80b937742fbc1b20ac98c4b46c,115,28,55565424,ended_before,,,,,,,,,,,,,,,,19,ended_before,,,,,,,,,,,,,,,,29,reached,9,True,False,1,1,27,10,13,4,11,27,6,5,90,True,
0,ok,True,100782646,True,True,DONE,,,0,43557577e71aaa166ad2ee36a6f640272fe8bfb28407574758fe985295770f63,no_explicit_terminal_engine_result,20,EpisodeState.COMPLETED,1,6,55527116,win,False,39,1,True,win,/private/tmp/kaggle_eps/55565424/replays/episode-100782646-replay.json,1,f13075c0a265da04d2d6956dfdd7950bde93a998f1ab732c33f42dda0beda164,127,33,55565424,reached,20,True,False,1,1,6,0,2,4,8,9,6,10,124,True,,ended_before,,,,,,,,,,,,,,,,30,reached,10,True,False,1,1,26,19,3,4,9,30,6,5,85,True,
0,ok,True,100770317,True,True,DONE,,,0,efdbca519815e1ccb2cc8b8ff389772f1aeb717f8e61def10a4858bd8efe07c2,no_explicit_terminal_engine_result,42,EpisodeState.COMPLETED,-1,12,55152857,loss,True,46,0,True,loss,/private/tmp/kaggle_eps/55565424/replays/episode-100770317-replay.json,-1,ca38590d39b0fd3e40577ef73eeea83acbb54eb691fd45493a2b5e49f0499fb2,125,30,55565424,reached,19,False,False,1,1,27,17,4,6,14,18,6,10,61,False,,reached,29,True,False,1,1,15,7,2,6,6,9,6,15,103,True,,reached,9,True,False,1,1,37,27,4,6,12,27,6,5,43,True,
0,ok,True,100758527,True,True,DONE,,,1,9fdc4cf5f64f99b53e3d30d29ace1c53e561ae6a3d0c85cda15999e56f54e6a8,no_explicit_terminal_engine_result,27,EpisodeState.COMPLETED,1,13,54876073,win,True,45,1,True,win,/private/tmp/kaggle_eps/55565424/replays/episode-100758527-replay.json,1,8aefc93ac0ca98ba154a251ff505378be7d2a4bec1fa2de266c4d47d7b9acd97,124,43,55565424,reached,19,True,False,1,1,20,8,6,6,4,28,6,10,90,True,,ended_before,,,,,,,,,,,,,,,,29,reached,9,True,False,1,1,33,23,4,6,7,34,6,5,47,True,
0,ok,True,100753631,False,False,DONE,,,1,2a42ff9dc39b9b3def3bf2dcaf4ad0893efec5b01d60eadf83e1ab427d053582,no_explicit_terminal_engine_result,16,EpisodeState.COMPLETED,-1,26,55564978,loss,True,32,1,True,loss,/private/tmp/kaggle_eps/55565424/replays/episode-100753631-replay.json,-1,4b5223a88eee4bb92b105072177053fbc457bd93a2de68ceb5f927e5fb891af2,133,32,55565424,ended_before,,,,,,,,,,,,,,,,19,ended_before,,,,,,,,,,,,,,,,29,reached,9,True,False,1,1,35,21,10,4,11,19,6,5,75,True,
0,ok,True,100741782,False,False,DONE,,,0,23827675b1a30cc57a000b714e41b14dc374bdaf25c45c4b143bbb97f695e1f6,no_explicit_terminal_engine_result,32,EpisodeState.COMPLETED,-1,24,54796125,loss,True,54,0,True,loss,/private/tmp/kaggle_eps/55565424/replays/episode-100741782-replay.json,-1,00e6c4a9d6cb142abe33480d987599dc55e43425c8b6fbfa188679ee10363005,247,52,55565424,reached,19,True,False,1,1,34,24,4,6,9,24,5,10,122,True,,reached,29,True,False,1,1,24,14,7,3,8,12,5,15,215,True,,reached,9,True,False,1,1,43,33,4,6,5,40,6,5,54,True,
0,ok,True,100729412,False,False,DONE,,,0,6f14c87ffe4be28cce5e491e701e783113ea883b1744e434ffc7cf5e7acad68f,no_explicit_terminal_engine_result,17,EpisodeState.COMPLETED,1,25,55558885,win,True,26,0,True,win,/private/tmp/kaggle_eps/55565424/replays/episode-100729412-replay.json,1,0d7be0ea7dd5d06471d366000b93652cb441cb8b37aa1e9f66f000f87a463745,90,25,55565424,ended_before,,,,,,,,,,,,,,,,19,ended_before,,,,,,,,,,,,,,,,29,reached,9,True,False,1,1,37,17,16,4,2,42,6,5,61,True,
0,ok,True,100717623,False,False,DONE,,,0,58632ac940ffc46d49afbbdbe3cf2118f77224aba575215900ac2ad26c0ed8c4,no_explicit_terminal_engine_result,15,EpisodeState.COMPLETED,-1,30,55541651,loss,False,24,1,True,loss,/private/tmp/kaggle_eps/55565424/replays/episode-100717623-replay.json,-1,a1a6b0f47e3675e83600f1634fa62842cefaf4d8e70e8b9c16439482a39ac041,141,23,55565424,ended_before,,,,,,,,,,,,,,,,20,ended_before,,,,,,,,,,,,,,,,30,reached,10,True,False,1,1,34,24,5,5,5,25,6,5,96,True,
0,ok,True,100705807,False,False,DONE,,,0,b1a503b178170291de06284499b8618784c5962f704b1c3240bf46c920aca443,no_explicit_terminal_engine_result,19,EpisodeState.COMPLETED,-1,23,55547021,loss,False,46,1,True,loss,/private/tmp/kaggle_eps/55565424/replays/episode-100705807-replay.json,-1,7eecd98c4b0cebcb6eceeb330f2f9e122ddd48c8abd30fc4819a2962003691fb,209,43,55565424,ended_before,,,,,,,,,,,,,,,,20,ended_before,,,,,,,,,,,,,,,,30,reached,10,True,False,1,1,32,23,5,4,6,19,6,5,120,True,
0,ok,True,100693979,True,True,DONE,,,0,4be148c2dd9a3c50fb86a407f5f3281253253551b2b47a2f5007ea91211e741c,no_explicit_terminal_engine_result,23,EpisodeState.COMPLETED,1,6,55369543,win,True,41,0,True,win,/private/tmp/kaggle_eps/55565424/replays/episode-100693979-replay.json,1,0d2f3feb9c5ff8b2abaf7727ed5aed526520ea4bd435bcb484c6c6c9a830f7ef,170,38,55565424,reached,19,True,False,1,1,8,3,1,4,5,13,6,10,161,True,,ended_before,,,,,,,,,,,,,,,,29,reached,9,True,False,1,1,29,19,4,6,11,27,6,5,87,True,
0,ok,True,100682133,False,False,DONE,,,1,e7b03611073b5255425432a239489b380471170253e798d67d1506be0672dbf9,no_explicit_terminal_engine_result,36,EpisodeState.COMPLETED,-1,16,55549367,loss,True,47,1,True,loss,/private/tmp/kaggle_eps/55565424/replays/episode-100682133-replay.json,-1,1e106b5c103fefa23d7fa661f04269207c8767528bd26c0074c03864a5439b7f,120,45,55565424,reached,19,True,False,1,1,27,18,4,5,11,20,6,10,70,True,,reached,29,True,False,1,1,20,10,8,2,7,11,6,15,103,True,,reached,9,True,False,1,1,40,31,3,6,7,25,6,5,41,True,
0,ok,True,100680257,False,False,DONE,,,0,84c2fe032a7c1111903b9156c3b78c5993d75b1f1f4575275a0caa8f4aca2e98,no_explicit_terminal_engine_result,15,EpisodeState.COMPLETED,-1,28,55558733,loss,False,32,1,True,loss,/private/tmp/kaggle_eps/55565424/replays/episode-100680257-replay.json,-1,5a3838027c90f0d83f8a915fe0e508d2cc02d13a3436a203ea20c01a9858831d,175,31,55565424,ended_before,,,,,,,,,,,,,,,,20,ended_before,,,,,,,,,,,,,,,,30,reached,10,True,False,1,1,32,19,9,4,9,29,6,5,103,True,
0,ok,True,100671808,False,False,DONE,,,0,794c5ee3003f8f0430c38dd6b160852cb93ae821865e4270c33c724968387b12,no_explicit_terminal_engine_result,42,EpisodeState.COMPLETED,1,16,55531694,win,False,60,1,True,win,/private/tmp/kaggle_eps/55565424/replays/episode-100671808-replay.json,1,a22154b2b5b5640459af586452a4c3ed007df6b14fe75e7480fd1489e922626c,253,42,55565424,reached,20,True,False,1,1,22,13,3,6,10,16,4,10,178,True,,reached,30,True,False,1,1,18,6,7,5,11,11,4,15,206,True,,reached,10,False,False,1,1,30,21,3,6,13,26,4,5,102,False,
0,ok,True,100675556,True,True,DONE,,,1,f3d2bbea9d72feae1de0a9ce8961353ddf1dba0b8a0c58f05bf3c597725bdc67,no_explicit_terminal_engine_result,21,EpisodeState.COMPLETED,1,8,55554896,win,True,39,1,True,win,/private/tmp/kaggle_eps/55565424/replays/episode-100675556-replay.json,1,394564adee527f7e70628cf0be7358053bc5f81e0feecee3024af42e219d601b,134,39,55565424,reached,19,True,False,1,1,8,1,4,3,5,24,6,10,126,True,,ended_before,,,,,,,,,,,,,,,,29,reached,9,True,False,1,1,32,22,5,5,8,37,6,5,53,True,
0,ok,True,100673283,True,True,DONE,,,0,2cdb3ce829ec31edcb60916d8bae1a67c1b6864eab3b1b38f97a00acb35ec68a,no_explicit_terminal_engine_result,25,EpisodeState.COMPLETED,-1,14,55496486,loss,False,45,1,True,loss,/private/tmp/kaggle_eps/55565424/replays/episode-100673283-replay.json,-1,01a6147047a0fbc38c079c58c1ccef42238b8936ef7883c06ad3feebfc0b72a4,161,41,55565424,reached,20,True,False,1,1,18,10,6,2,6,11,6,10,127,True,,ended_before,,,,,,,,,,,,,,,,30,reached,10,True,False,1,1,52,42,4,6,11,23,6,5,45,True,
0,ok,True,100659998,False,False,DONE,,,0,0cc3b6060d3e25d17ebce0c97a5bee1608aa77b0e221948e830ae6a4d526e9a7,no_explicit_terminal_engine_result,3,EpisodeState.COMPLETED,-1,57,54369500,loss,False,6,1,True,loss,/private/tmp/kaggle_eps/55565424/replays/episode-100659998-replay.json,-1,5542fadcc999fc99b93a680708b0db8c001d69ca961e77edeeccecae8fc598be,34,6,55565424,ended_before,,,,,,,,,,,,,,,,20,ended_before,,,,,,,,,,,,,,,,30,ended_before,,,,,,,,,,,,,,,,10
0,ok,True,100648184,True,True,DONE,,,1,8100a75e49dfe786d14b98f178497761f55ab6e7e366a7c33e07f8d24b0a89e7,no_explicit_terminal_engine_result,21,EpisodeState.COMPLETED,1,11,54649443,win,True,36,1,True,win,/private/tmp/kaggle_eps/55565424/replays/episode-100648184-replay.json,1,8a4c23c8f4734f6d600ff51d57f4e4d8b251a9b861479665aa1704f0abc3b344,103,34,55565424,reached,19,True,False,1,1,12,3,4,5,5,15,6,10,98,True,,ended_before,,,,,,,,,,,,,,,,29,reached,9,True,False,1,1,24,14,5,5,11,28,6,5,64,True,
0,ok,True,100634608,False,False,DONE,,,0,ab1fc71081dfeadb8798eeb3bd4b4aa5a22a825579cb78524478678cddbdb939,no_explicit_terminal_engine_result,7,EpisodeState.COMPLETED,-1,39,55553488,loss,False,10,1,True,loss,/private/tmp/kaggle_eps/55565424/replays/episode-100634608-replay.json,-1,e76892bdaf96b32f17181fb7abdefbcd0805a3a1c1e0c3cb8a4764104d1b72e7,48,10,55565424,ended_before,,,,,,,,,,,,,,,,20,ended_before,,,,,,,,,,,,,,,,30,ended_before,,,,,,,,,,,,,,,,10
0,ok,True,100635884,True,True,DONE,,,0,f826692aa048873eb3ca4b60ea04eb9cad4283fd1a982e4de9efaf7d00dadbd6,no_explicit_terminal_engine_result,22,EpisodeState.COMPLETED,1,8,55553731,win,False,39,1,True,win,/private/tmp/kaggle_eps/55565424/replays/episode-100635884-replay.json,1,e0c8e28d4d4ec1c639d56e0cd60f51224d1c3f6a7ed86dc73e7ccaf3b303f171,133,38,55565424,reached,20,True,False,1,1,8,1,6,1,3,11,6,10,129,True,,ended_before,,,,,,,,,,,,,,,,30,reached,10,True,False,1,1,20,12,5,3,11,17,6,5,92,True,
0,ok,True,100622248,False,False,DONE,,,0,da2664f01f05612267626492755932eb055b5a19a7cfa8a3e3f61c167cfd2f50,no_explicit_terminal_engine_result,33,EpisodeState.COMPLETED,-1,15,53898838,loss,False,47,1,True,loss,/private/tmp/kaggle_eps/55565424/replays/episode-100622248-replay.json,-1,b34e9abff981ef47eb9aef39125c26fa90b47440fe1555144264f08f9f77192f,126,44,55565424,reached,20,True,False,1,1,30,23,3,4,11,14,6,10,86,True,,reached,30,True,False,1,1,19,12,6,1,6,9,6,15,114,True,,reached,10,True,False,1,1,46,37,4,5,8,29,6,5,47,True,
0,ok,True,100610377,False,False,DONE,,,0,e5cb14644ac6e427ae63eccd56d6ba4da93d5bbdd87eae5e8c145c4093e0efd5,no_explicit_terminal_engine_result,15,EpisodeState.COMPLETED,1,41,55504234,win,True,19,0,True,win,/private/tmp/kaggle_eps/55565424/replays/episode-100610377-replay.json,1,0a70ce2bb8c3250cf3ee3a10bae7f22ad25c936f77e127d019c06655ce696fac,79,14,55565424,ended_before,,,,,,,,,,,,,,,,19,ended_before,,,,,,,,,,,,,,,,29,reached,9,True,False,1,1,47,38,4,5,11,28,5,5,51,True,
0,ok,True,100598549,False,False,DONE,,,1,8d42a237da7ce0f92308d31452f3bdcd477195ac76432864db85aaeb6dfb19cf,no_explicit_terminal_engine_result,19,EpisodeState.COMPLETED,1,15,55131357,win,True,29,1,True,win,/private/tmp/kaggle_eps/55565424/replays/episode-100598549-replay.json,1,ebf1d1a1e36ec23682b4c15e21e56c997fa6e6decac9d2bbc35dc13bad2dc84b,78,20,55565424,reached,19,False,False,1,1,15,1,8,6,15,23,5,10,76,False,,ended_before,,,,,,,,,,,,,,,,29,reached,9,False,False,1,1,30,16,8,6,19,30,6,5,48,False,
0,ok,True,100586744,True,True,DONE,,,0,bafe3978b2a66df1ff7cafe679ac28ce7ec997175a3019f1b3443a5272f70647,no_explicit_terminal_engine_result,23,EpisodeState.COMPLETED,1,6,54281675,win,True,43,0,True,win,/private/tmp/kaggle_eps/55565424/replays/episode-100586744-replay.json,1,52fc66f5f9186c59bae9b8e2d590df0611b144c67b92b64fe48d140ab07d05ab,125,39,55565424,reached,19,True,False,1,1,11,3,5,3,6,11,6,10,105,True,,ended_before,,,,,,,,,,,,,,,,29,reached,9,True,False,1,1,29,14,9,6,4,22,6,5,56,True,
0,ok,True,100574923,True,True,DONE,,,0,5b09fe680dab442d4896673a18d7043f95ae7854e7f8218d12495c534fac538f,no_explicit_terminal_engine_result,36,EpisodeState.COMPLETED,-1,13,54253865,loss,True,61,0,True,loss,/private/tmp/kaggle_eps/55565424/replays/episode-100574923-replay.json,-1,6905cb6b23e8ea02eb51c23aa5da3dfc8598345f1ba91fdf93b4f0bec878c43c,156,53,55565424,reached,19,True,False,1,1,31,21,4,6,5,23,6,10,72,True,,reached,29,True,False,1,1,19,6,9,4,12,13,3,15,121,True,,reached,9,True,False,1,1,39,26,7,6,6,29,6,5,51,True,
0,ok,True,100562586,False,False,DONE,,,0,b03b999dec0108bc32e663fe1228dd0b8e5c602ce09ec7b99007973442d9d6bb,no_explicit_terminal_engine_result,18,EpisodeState.COMPLETED,-1,18,55310484,loss,True,32,0,True,loss,/private/tmp/kaggle_eps/55565424/replays/episode-100562586-replay.json,-1,0d8b4622538df051e455a7ce3f895439ee0378f4811d076c7cad713969a9280d,132,30,55565424,ended_before,,,,,,,,,,,,,,,,19,ended_before,,,,,,,,,,,,,,,,29,reached,9,True,False,1,1,32,16,11,5,10,22,6,5,70,True,
0,ok,True,100554897,False,False,DONE,,,0,124b7c65233fdd95d780e56dc6cca8ddb5bc3e6f5053c7042af6a64aa298144a,no_explicit_terminal_engine_result,17,EpisodeState.COMPLETED,-1,24,55361762,loss,False,29,1,True,loss,/private/tmp/kaggle_eps/55565424/replays/episode-100554897-replay.json,-1,f5bbc0ae84e8ee2ec724a92e19de1fecac9f443839f55233e6f6b350414056c2,170,28,55565424,ended_before,,,,,,,,,,,,,,,,20,ended_before,,,,,,,,,,,,,,,,30,reached,10,True,False,1,1,30,23,2,5,5,44,4,5,84,True,
0,ok,True,100555612,True,True,DONE,,,0,cc5f46c2a11cbf2a7d439b4058520b36491e5056f6872f27dc8d56dedf9a27c4,no_explicit_terminal_engine_result,30,EpisodeState.COMPLETED,1,12,53779342,win,False,40,1,True,win,/private/tmp/kaggle_eps/55565424/replays/episode-100555612-replay.json,1,9d1a5e56491adb5ace857848a3bb23d474d6894bf34feca057bb8205467d2120,119,39,55565424,reached,20,True,False,1,1,24,20,0,4,6,13,5,10,84,True,,reached,30,True,False,1,1,12,8,0,4,12,8,2,15,116,True,,reached,10,True,False,1,1,46,36,6,4,5,29,5,5,47,True,
0,ok,True,100543794,True,True,DONE,,,0,72ac567e648319f001825a43a44f51a1d4cbb60a441eed4caf4dd2444bb01201,no_explicit_terminal_engine_result,29,EpisodeState.COMPLETED,1,14,54798998,win,True,41,0,True,win,/private/tmp/kaggle_eps/55565424/replays/episode-100543794-replay.json,1,1548bbf3d63ec604b7e6041c22e18c5a001292d19a019ea0533d858c52b247da,117,38,55565424,reached,19,True,False,1,1,34,22,10,2,3,25,6,10,78,True,,reached,29,False,False,1,1,14,4,9,1,13,16,6,15,112,False,,reached,9,True,False,1,1,36,27,4,5,2,33,6,5,53,True,
0,ok,True,100537318,False,False,DONE,,,0,3ffde807d153fcc6470173efa7c908fc71a55306ceab2d44be5079db38627396,no_explicit_terminal_engine_result,18,EpisodeState.COMPLETED,-1,28,55310484,loss,True,37,0,True,loss,/private/tmp/kaggle_eps/55565424/replays/episode-100537318-replay.json,-1,a876687a0be96df4e03b3f7093ff9aec767cf9301447eb1b91a77d1104815e82,140,35,55565424,ended_before,,,,,,,,,,,,,,,,19,ended_before,,,,,,,,,,,,,,,,29,reached,9,False,False,1,1,36,19,12,5,14,19,6,5,87,False,
0,ok,True,100538923,True,True,DONE,,,0,140742811e2174001e1cd4b8fdc0f4dc77143d9f2a9746da610f6d212a0ed376,no_explicit_terminal_engine_result,18,EpisodeState.COMPLETED,-1,10,55562442,loss,True,26,0,True,loss,/private/tmp/kaggle_eps/55565424/replays/episode-100538923-replay.json,-1,2567764d59ffa0e0f741ff614c2b70e5da6c8ddca85f4cf66124cea0dc06d4d4,137,22,55565424,ended_before,,,,,,,,,,,,,,,,19,ended_before,,,,,,,,,,,,,,,,29,reached,9,True,False,1,1,19,10,5,4,3,41,6,5,85,True,
0,ok,True,100534625,True,True,DONE,,,0,43770d5ef7340625351bd32397a0a46cb92b7c302db47fbd90a1b298a04be258,no_explicit_terminal_engine_result,23,EpisodeState.COMPLETED,1,8,55324166,win,True,45,0,True,win,/private/tmp/kaggle_eps/55565424/replays/episode-100534625-replay.json,1,6278bf5035bda642ef1caa5698a7a72fe6fe2d46292ce02bb623240a59fe86a7,132,44,55565424,reached,19,True,False,1,1,19,10,4,5,12,13,6,10,106,True,,ended_before,,,,,,,,,,,,,,,,29,reached,9,True,False,1,1,32,23,4,5,3,29,6,5,60,True,
0,ok,True,100522825,True,True,DONE,,,0,224c0a0bf38d3e02c680c6b2d8c425f74ddd93067e6b56891cddfa0b37043180,no_explicit_terminal_engine_result,33,EpisodeState.COMPLETED,1,13,55553563,win,True,62,0,True,win,/private/tmp/kaggle_eps/55565424/replays/episode-100522825-replay.json,1,5e01335a4e907dc693d074e7b6ffe5c4a727372288de200b0208103766bdcd8c,250,51,55565424,reached,19,False,False,1,1,21,11,5,5,13,18,3,10,161,False,,reached,29,True,False,1,1,14,3,8,3,6,11,3,15,235,True,,reached,9,True,False,1,1,33,18,9,6,12,24,6,5,81,True,
0,ok,True,100519316,True,True,DONE,,,0,5e7f411a324da36cb642e5a3247f7ca47a44eb45d93d45dfeb89bcb1d6989a76,no_explicit_terminal_engine_result,19,EpisodeState.COMPLETED,1,11,55466204,win,True,33,0,True,win,/private/tmp/kaggle_eps/55565424/replays/episode-100519316-replay.json,1,2e17e0f0ee799c33c2d15be85adac944acadcd59b4bd86ac9e218850e196e16e,106,31,55565424,reached,19,True,False,1,1,11,0,6,5,8,17,6,10,102,True,,ended_before,,,,,,,,,,,,,,,,29,reached,9,True,False,1,1,24,10,9,5,7,23,6,5,77,True,
0,ok,True,100516643,False,False,DONE,,,0,80aa5084f1377c7eb920e5235c84c4779f1d9f5f9e5619ea8f65307253518c4b,no_explicit_terminal_engine_result,11,EpisodeState.COMPLETED,-1,30,55458753,loss,False,17,1,True,loss,/private/tmp/kaggle_eps/55565424/replays/episode-100516643-replay.json,-1,fd23634cd522b551bb4e5d878838b165e18789de807d5d3d84d7792accb6a71b,140,16,55565424,ended_before,,,,,,,,,,,,,,,,20,ended_before,,,,,,,,,,,,,,,,30,reached,10,True,False,1,1,30,22,4,4,7,38,6,5,104,True,
0,ok,True,100509022,False,False,DONE,,,0,a6ac4c4b6933fc7d0844a2a4a2da530aefd7a17c9b453e452e33641fe19acc0a,no_explicit_terminal_engine_result,9,EpisodeState.COMPLETED,-1,28,55553654,loss,False,21,1,True,loss,/private/tmp/kaggle_eps/55565424/replays/episode-100509022-replay.json,-1,b85703f43c44ed8b9c9127af3a3a4b1f400957282c8be47f21cfdd3b239fa914,116,17,55565424,ended_before,,,,,,,,,,,,,,,,20,ended_before,,,,,,,,,,,,,,,,30,ended_before,,,,,,,,,,,,,,,,10
0,ok,True,100509204,False,False,DONE,,,0,e0018be656cf09aec999cf9851c5f53828af66cd62bfe48d02733e9bcb97971f,no_explicit_terminal_engine_result,30,EpisodeState.COMPLETED,-1,18,55559164,loss,True,51,0,True,loss,/private/tmp/kaggle_eps/55565424/replays/episode-100509204-replay.json,-1,cf265029ee8e68b05f661f1257ade6a9ffb299346abdc104c6129fbccd49ca6e,225,50,55565424,reached,19,True,False,1,1,29,16,8,5,5,26,6,10,112,True,,reached,29,True,False,1,1,18,8,7,3,6,10,4,15,207,True,,reached,9,True,False,1,1,40,30,4,6,8,33,6,5,56,True,
0,ok,True,100510122,False,False,DONE,,,0,8a4892e30e0a2886388bc90e63d53796046ea588de6672753208d90f0744dded,no_explicit_terminal_engine_result,21,EpisodeState.COMPLETED,1,19,54984422,win,True,25,0,True,win,/private/tmp/kaggle_eps/55565424/replays/episode-100510122-replay.json,1,981a47ea5a25793c5c987b6aa3c08aec6d7dcb41f81ddabdd36f77be740173f7,84,21,55565424,reached,19,False,False,1,1,21,3,12,6,13,24,6,10,77,False,,ended_before,,,,,,,,,,,,,,,,29,reached,9,True,False,1,1,37,24,7,6,11,35,6,5,51,True,
0,ok,True,100497404,False,False,DONE,,,1,0f128feb276644f66a8dd726590a680b4e1f07a0ab7d636f875413d04b2a6ab2,no_explicit_terminal_engine_result,25,EpisodeState.COMPLETED,1,17,54335407,win,True,42,1,True,win,/private/tmp/kaggle_eps/55565424/replays/episode-100497404-replay.json,1,43d897d28f7cc590966a933885bbcc1af41b26d44ee9bccd4fdbda04b3ae1386,150,41,55565424,reached,19,True,False,1,1,17,5,7,5,5,23,6,10,127,True,,ended_before,,,,,,,,,,,,,,,,29,reached,9,True,False,1,1,31,21,4,6,6,37,6,5,59,True,
0,ok,True,100485052,True,True,DONE,,,0,fbd1706a3440668b9e0e5da4b511240d4a5a4cd898be515e5d31350195d7e2ac,no_explicit_terminal_engine_result,15,EpisodeState.COMPLETED,1,13,55201043,win,True,31,0,True,win,/private/tmp/kaggle_eps/55565424/replays/episode-100485052-replay.json,1,41a1bb4e21ecc40e6c53565b4a8a0527cbe6a7c71f34c7bbc5bbaf5c8c781167,114,31,55565424,ended_before,,,,,,,,,,,,,,,,19,ended_before,,,,,,,,,,,,,,,,29,reached,9,True,False,1,1,21,11,5,5,4,33,6,5,82,True,
0,ok,True,100473189,False,False,DONE,,,0,d0ff792fb616632c66cb0c2475f0721a36f7f0087a459cfaf767a46b6174f68e,no_explicit_terminal_engine_result,33,EpisodeState.COMPLETED,1,17,54638983,win,True,55,0,True,win,/private/tmp/kaggle_eps/55565424/replays/episode-100473189-replay.json,1,2e1710012c1a79d7aa2695caf73446311236f5f0b82890b77f23bfd3d55f150a,124,50,55565424,reached,19,True,False,1,1,31,24,3,4,7,15,5,10,93,True,,reached,29,True,False,1,1,20,8,9,3,6,10,5,15,112,True,,reached,9,False,False,1,1,53,43,4,6,20,31,6,5,38,False,
0,ok,True,100461522,True,True,DONE,,,0,4fe2da99527e576187e635312987a1ddfcbd740a4f91176ca00974d5eaf42b3b,no_explicit_terminal_engine_result,27,EpisodeState.COMPLETED,-1,14,55526134,loss,False,51,1,True,loss,/private/tmp/kaggle_eps/55565424/replays/episode-100461522-replay.json,-1,d6baed2439868049fd6ccc3b2eb1673dc27c6356ea461ca5210652ca3a1e27ec,201,46,55565424,reached,20,True,False,1,1,21,14,3,4,5,19,6,10,147,True,,ended_before,,,,,,,,,,,,,,,,30,reached,10,True,False,1,1,36,26,5,5,3,34,6,5,67,True,
0,ok,True,100449700,True,True,DONE,,,0,b8ed9d9518efbc4fd1ef23361efad818e9c65bf6b8ea014c6d8003082912c7e6,no_explicit_terminal_engine_result,46,EpisodeState.COMPLETED,1,9,55553488,win,False,51,1,True,win,/private/tmp/kaggle_eps/55565424/replays/episode-100449700-replay.json,1,c077b70eeff741e5499e2a1b227648ce82f1e56addc51d88ec3d4b4bda4e3587,201,46,55565424,reached,20,True,False,1,1,30,21,4,5,9,20,5,10,104,True,,reached,30,True,False,1,1,27,16,7,4,8,15,5,15,127,True,,reached,10,False,False,1,1,39,27,6,6,14,26,5,5,66,False,
0,ok,True,100447373,True,True,DONE,,,0,155c03534e076c215c34af67102acd07f16b66b6ee6e9fc14e1311ea6c40ab98,no_explicit_terminal_engine_result,18,EpisodeState.COMPLETED,1,13,55347870,win,False,39,1,True,win,/private/tmp/kaggle_eps/55565424/replays/episode-100447373-replay.json,1,e176897f6e7e5f1a3bd16f20111af4919223e323e728b6d707f9f91b1ac9db1a,126,33,55565424,ended_before,,,,,,,,,,,,,,,,20,ended_before,,,,,,,,,,,,,,,,30,reached,10,True,False,1,1,25,14,5,6,12,22,6,5,88,True,
0,ok,True,100435086,True,True,DONE,,,0,3267b2bb27c0dcff1c0fb4b378087b48ef60b974588f2fe09875ee6c61bee06c,no_explicit_terminal_engine_result,17,EpisodeState.COMPLETED,1,14,55539051,win,True,35,0,True,win,/private/tmp/kaggle_eps/55565424/replays/episode-100435086-replay.json,1,c1840b41be54915f2e68809a0899252c367ad98188833442754520e1ed1b432d,178,30,55565424,ended_before,,,,,,,,,,,,,,,,19,ended_before,,,,,,,,,,,,,,,,29,reached,9,True,False,1,1,32,21,5,6,6,36,6,5,77,True,
0,ok,True,100430622,False,False,DONE,,,0,5ef57475ee0179c72967bd270a0d0e81e4907df512bad6f1408f8a6abc10de30,no_explicit_terminal_engine_result,21,EpisodeState.COMPLETED,1,21,55552115,win,True,41,0,True,win,/private/tmp/kaggle_eps/55565424/replays/episode-100430622-replay.json,1,52be21d0d65eec629304059b99550274b7b720c2da6563a085dc335bda20fdd1,110,34,55565424,reached,19,False,False,1,1,22,6,13,3,15,18,6,10,101,False,,ended_before,,,,,,,,,,,,,,,,29,reached,9,True,False,1,1,38,21,12,5,9,30,6,5,64,True,
0,ok,True,100418836,False,False,DONE,,,0,83e205d292d7c59251820264ed61808aa1239aeb50a7ffee7d9dbcc22093dbf2,no_explicit_terminal_engine_result,11,EpisodeState.COMPLETED,-1,16,54160372,loss,False,14,1,True,loss,/private/tmp/kaggle_eps/55565424/replays/episode-100418836-replay.json,-1,52e5c2534d406e519db03e60843e7efba53619b09dea251ade9b887d1cb84657,102,10,55565424,ended_before,,,,,,,,,,,,,,,,20,ended_before,,,,,,,,,,,,,,,,30,reached,10,False,False,1,1,16,7,6,3,1,41,6,5,98,False,
0,ok,True,100406974,False,False,DONE,,,0,94c0df6bbbf18e9b8af81ff7979a01669d2ec08772288e501b3eb3d459695ee0,no_explicit_terminal_engine_result,26,EpisodeState.COMPLETED,-1,19,55548848,loss,True,44,0,True,loss,/private/tmp/kaggle_eps/55565424/replays/episode-100406974-replay.json,-1,65f2d2b02e79400d755e5a34153511b8d1ed26e44769ebe04d81eff0bdf900ed,267,41,55565424,reached,19,True,False,1,1,30,13,14,3,9,15,6,10,183,True,,ended_before,,,,,,,,,,,,,,,,29,reached,9,True,False,1,1,36,23,7,6,4,33,6,5,83,True,
0,ok,True,100395176,True,True,DONE,,,1,ba8e0dc240327002e095ffd8add615f7b171e9db2bf622cc901950e73437bc29,no_explicit_terminal_engine_result,33,EpisodeState.COMPLETED,1,10,55380932,win,True,53,1,True,win,/private/tmp/kaggle_eps/55565424/replays/episode-100395176-replay.json,1,037e21a07f329633579d774731e969e26b1b5e33fad5bfc9db929a506181b97e,156,53,55565424,reached,19,True,False,1,1,33,12,17,4,9,18,6,10,100,True,,reached,29,True,False,1,1,12,3,7,2,7,7,6,15,144,True,,reached,9,True,False,1,1,56,41,9,6,11,36,6,5,27,True,
0,ok,True,100383308,False,False,DONE,,,0,75776ea4717a44a433adfe394bb9c2c0d6ca5b17493378ca31ec542c62fef157,no_explicit_terminal_engine_result,15,EpisodeState.COMPLETED,1,27,55549442,win,True,32,0,True,win,/private/tmp/kaggle_eps/55565424/replays/episode-100383308-replay.json,1,903d690f479725ab75468a765ecb38dd659b9d32f3dad7860a0f3b98b0ed5fee,111,30,55565424,ended_before,,,,,,,,,,,,,,,,19,ended_before,,,,,,,,,,,,,,,,29,reached,9,True,False,1,1,32,10,17,5,7,26,6,5,87,True,
0,ok,True,100381006,True,True,DONE,,,0,c70e21fdac8ef9d786f3f6b1166391f8a9bc818869aafcea301fdb3f664e4e75,no_explicit_terminal_engine_result,18,EpisodeState.COMPLETED,1,9,55175503,win,False,23,1,True,win,/private/tmp/kaggle_eps/55565424/replays/episode-100381006-replay.json,1,b3bd4ba728294183822f23b4bab2d594c8b877ecc77ebeeda61363a2779835a7,104,23,55565424,ended_before,,,,,,,,,,,,,,,,20,ended_before,,,,,,,,,,,,,,,,30,reached,10,True,False,1,1,16,6,6,4,7,41,6,5,80,True,
0,ok,True,100381890,True,True,DONE,,,1,772b1b591727aae89fc7644f84c21d0fd28e7c126f0f646ceb15091d737bcf9d,no_explicit_terminal_engine_result,24,EpisodeState.COMPLETED,-1,9,54789536,loss,True,41,1,True,loss,/private/tmp/kaggle_eps/55565424/replays/episode-100381890-replay.json,-1,b7c852b6852e84b1f8e368456a53a57bc73a0c6e4d7a58757676855aa5c11028,118,34,55565424,reached,19,True,False,1,1,23,9,11,3,6,17,5,10,93,True,,ended_before,,,,,,,,,,,,,,,,29,reached,9,False,False,1,1,29,16,7,6,13,24,6,5,56,False,
0,ok,True,100370075,False,False,DONE,,,0,3fa832b816c69f5b2ca9b608cd0a7a430c0f475e59485e278831d40cff2d4ad8,no_explicit_terminal_engine_result,12,EpisodeState.COMPLETED,-1,23,54970980,loss,True,23,0,True,loss,/private/tmp/kaggle_eps/55565424/replays/episode-100370075-replay.json,-1,c067e283549bb7a313ac71c0409dda8384ebb94dde3e18ff17f306b095d31dcb,117,19,55565424,ended_before,,,,,,,,,,,,,,,,19,ended_before,,,,,,,,,,,,,,,,29,reached,9,True,False,1,1,26,18,5,3,3,33,6,5,88,True,
0,ok,True,100358308,True,True,DONE,,,0,65f184fd1a596d6c83127a5732a1225e0bf3ec3805d5bfad74ef28ad3b4d6530,no_explicit_terminal_engine_result,17,EpisodeState.COMPLETED,1,7,54225600,win,True,33,0,True,win,/private/tmp/kaggle_eps/55565424/replays/episode-100358308-replay.json,1,5e68b1023d5808d7c6331ccc8d4d92e6923923e994091f0ec3e66302059f8fe6,107,32,55565424,ended_before,,,,,,,,,,,,,,,,19,ended_before,,,,,,,,,,,,,,,,29,reached,9,True,False,1,1,21,9,7,5,8,31,6,5,65,True,
0,ok,True,100346017,False,False,DONE,,,0,b79a16164dfcc6cdf0d27eb4d2e7b98abb161317a4d19cd68500ca0bc2a80cb7,no_explicit_terminal_engine_result,16,EpisodeState.COMPLETED,-1,20,54264216,loss,True,34,0,True,loss,/private/tmp/kaggle_eps/55565424/replays/episode-100346017-replay.json,-1,d3a3c9182f78cc5574bf8e991fc67b00da5491a159cacf7ef1f066dfa46ef5bf,109,34,55565424,ended_before,,,,,,,,,,,,,,,,19,ended_before,,,,,,,,,,,,,,,,29,reached,9,True,False,1,1,44,25,15,4,8,25,6,5,66,True,
0,ok,True,100343619,True,True,DONE,,,1,8916fec1c46522cb98483ac81f63d1abdfc1646ecbbc28687c855d63af87be4a,no_explicit_terminal_engine_result,19,EpisodeState.COMPLETED,1,10,54780686,win,True,40,1,True,win,/private/tmp/kaggle_eps/55565424/replays/episode-100343619-replay.json,1,63c04e1920fa10e0d197fcfabd79befd6ffadacd4ead7a3feea3c5b0dd0eb152,119,33,55565424,reached,19,True,False,1,1,10,0,5,5,8,5,6,10,114,True,,ended_before,,,,,,,,,,,,,,,,29,reached,9,True,False,1,1,35,25,5,5,6,26,6,5,65,True,
0,ok,True,100343880,False,False,DONE,,,0,39771881ee3018fa7486f5c3894796915d2350c62464d65f0f6fdd6ab11371f6,no_explicit_terminal_engine_result,15,EpisodeState.COMPLETED,1,35,55565648,win,True,32,0,True,win,/private/tmp/kaggle_eps/55565424/replays/episode-100343880-replay.json,1,48a48d28d2bc282a7ed2fb4492a22387ca5c7ab7c20623b227c9136864536ff0,117,28,55565424,ended_before,,,,,,,,,,,,,,,,19,ended_before,,,,,,,,,,,,,,,,29,reached,9,True,False,1,1,40,31,3,6,12,34,4,5,66,True,
0,ok,True,100331811,True,True,DONE,,,0,3909a47378e1033bb54c4f0c9f25379ce8388e5dbc000e06638b7ad2abfb1212,no_explicit_terminal_engine_result,51,EpisodeState.COMPLETED,1,7,55555256,win,True,62,0,True,win,/private/tmp/kaggle_eps/55565424/replays/episode-100331811-replay.json,1,6d8fafc8ff73d1e70b6f790897022fefb4b56b5c9bedf8fef59d5b28cb638913,166,55,55565424,reached,19,True,False,1,1,24,15,5,4,8,16,6,10,82,True,,reached,29,True,False,1,1,17,9,5,3,5,8,4,15,121,True,,reached,9,False,False,1,1,38,27,6,5,17,27,6,5,50,False,
0,ok,True,100320011,False,False,DONE,,,0,634b0e027a02309b0c514c7d17c463fe533fec229a717daf92c72c1bcb798d04,no_explicit_terminal_engine_result,2,EpisodeState.COMPLETED,-1,59,54113378,loss,True,1,0,True,loss,/private/tmp/kaggle_eps/55565424/replays/episode-100320011-replay.json,-1,407313c58ed2811478c8981faa78db1c916ba645b6b7ec1c04118f5929f424ed,14,1,55565424,ended_before,,,,,,,,,,,,,,,,19,ended_before,,,,,,,,,,,,,,,,29,ended_before,,,,,,,,,,,,,,,,9
0,ok,True,100308231,False,False,DONE,,,0,e391715b019f15dd15f032d9e584bc4f6b08ffb7929e4568435603d56ae62854,no_explicit_terminal_engine_result,38,EpisodeState.COMPLETED,1,17,55552299,win,False,49,1,True,win,/private/tmp/kaggle_eps/55565424/replays/episode-100308231-replay.json,1,3c1e9a5888e9a150c5e0aaee9f5ed76193673f718a2362a7927c46c1da7f2f73,161,44,55565424,reached,20,True,False,1,1,23,9,9,5,5,19,6,10,109,True,,reached,30,True,False,1,1,20,4,11,5,9,14,5,15,126,True,,reached,10,False,False,1,1,42,32,4,6,15,23,6,5,58,False,
0,ok,True,100306933,False,False,DONE,,,0,ff2bffc4ac2ed7e62152b2d3452e065e4eef4807d6391b6adc5e0319f88e682d,no_explicit_terminal_engine_result,25,EpisodeState.COMPLETED,1,16,55427629,win,True,29,0,True,win,/private/tmp/kaggle_eps/55565424/replays/episode-100306933-replay.json,1,a21633a59183d269a75ce64609da8c8e63ba16ec2befc889536318438f5a72b3,91,29,55565424,reached,19,True,False,1,1,21,8,7,6,7,36,6,10,75,True,,ended_before,,,,,,,,,,,,,,,,29,reached,9,True,False,1,1,52,40,6,6,10,42,6,5,26,True,
0,ok,True,100305965,False,False,DONE,,,0,1761d7834e6e4ba988d740cb835e53a2f1ca62ed65c0ded5de90e5a4e1e9d82b,no_explicit_terminal_engine_result,13,EpisodeState.COMPLETED,-1,17,53867356,loss,False,31,1,True,loss,/private/tmp/kaggle_eps/55565424/replays/episode-100305965-replay.json,-1,8b78bbc728767157cad485e50f2437506c856b683d4951416280a3c07b962b72,114,29,55565424,ended_before,,,,,,,,,,,,,,,,20,ended_before,,,,,,,,,,,,,,,,30,reached,10,True,False,1,1,21,15,4,2,12,23,6,5,95,True,
0,ok,True,100299089,True,True,DONE,,,0,653103043f3584aaccc4243ce3577de51d7c1a622ee4b55a35150d4785de2dee,no_explicit_terminal_engine_result,20,EpisodeState.COMPLETED,-1,11,53830233,loss,True,37,0,True,loss,/private/tmp/kaggle_eps/55565424/replays/episode-100299089-replay.json,-1,2ae9b9f02fb8de296c2fb89aa5cfbca0fae45ab297f7cb4aecbed99ef3769d10,132,34,55565424,reached,19,True,False,1,1,11,5,5,1,4,13,6,10,127,True,,ended_before,,,,,,,,,,,,,,,,29,reached,9,True,False,1,1,37,23,10,4,10,24,6,5,75,True,
0,ok,True,100286773,True,True,DONE,,,1,1f2d6c1104b05f478c749e46ef0d11e064f24bbcd73fc99846e6766d47dc6f39,no_explicit_terminal_engine_result,19,EpisodeState.COMPLETED,1,7,54597958,win,True,36,1,True,win,/private/tmp/kaggle_eps/55565424/replays/episode-100286773-replay.json,1,3297286ced74905af43d369798270bbce9ca162a3f47b4d448d6363b5bb86ab4,118,35,55565424,reached,19,True,False,1,1,7,0,4,3,5,9,6,10,116,True,,ended_before,,,,,,,,,,,,,,,,29,reached,9,True,False,1,1,40,32,2,6,7,21,6,5,47,True,
0,ok,True,100285357,True,True,DONE,,,1,3b023c9f7f94230957c660d26aeb159961c6b38f2d0b496a17e0d152c0a06da4,no_explicit_terminal_engine_result,35,EpisodeState.COMPLETED,1,13,55435640,win,True,50,1,True,win,/private/tmp/kaggle_eps/55565424/replays/episode-100285357-replay.json,1,e64f747c20bf9e7671fa7e01bcd0099bf31d900cfa2b428ca5916edaab63be61,134,44,55565424,reached,19,True,False,1,1,30,22,3,5,9,19,6,10,86,True,,reached,29,True,False,1,1,20,9,6,5,10,13,6,15,111,True,,reached,9,True,False,1,1,37,29,3,5,9,27,6,5,59,True,
0,ok,True,100273019,False,False,DONE,,,0,0745782228c926f85ae2660b2122c36a262761372f382143a4650e879ae48401,no_explicit_terminal_engine_result,16,EpisodeState.COMPLETED,-1,37,55563097,loss,True,38,0,True,loss,/private/tmp/kaggle_eps/55565424/replays/episode-100273019-replay.json,-1,d1a1b9f8cc8ce48386526c5404a1b0f9b0734cc5a0bd7e805a4d38ce099362d8,206,35,55565424,ended_before,,,,,,,,,,,,,,,,19,ended_before,,,,,,,,,,,,,,,,29,reached,9,True,False,1,1,40,30,6,4,5,27,6,5,89,True,
0,ok,True,100268444,False,False,DONE,,,0,b033df4c751c9204d7a13586000ec9167dd9c5c477c25b61d4ca4be3c6ca1e2b,no_explicit_terminal_engine_result,34,EpisodeState.COMPLETED,-1,16,53811650,loss,True,53,0,True,loss,/private/tmp/kaggle_eps/55565424/replays/episode-100268444-replay.json,-1,a2b781a9dd8631d6f80582ab9ffd66855763a55530508df03272cf368ade9370,243,52,55565424,reached,19,True,False,1,1,19,8,8,3,7,16,6,10,147,True,,reached,29,True,False,1,1,16,8,7,1,5,8,6,15,209,True,,reached,9,True,False,1,1,42,29,7,6,12,29,6,5,56,True,
0,ok,True,100266484,False,False,DONE,,,0,cc2765a14c658e68bee18ea41f90bc9cac3c63fc0a5af33d9b59afe9dd1ba8c1,no_explicit_terminal_engine_result,19,EpisodeState.COMPLETED,-1,17,55549365,loss,False,44,1,True,loss,/private/tmp/kaggle_eps/55565424/replays/episode-100266484-replay.json,-1,a0b63ad7ffbbc0a4eb8cba0bfffa412b1fba4d82ba7cc7377072285d47d86870,211,40,55565424,ended_before,,,,,,,,,,,,,,,,20,ended_before,,,,,,,,,,,,,,,,30,reached,10,False,False,1,1,29,20,4,5,20,16,6,5,113,False,
0,ok,True,100258004,True,True,DONE,,,1,f7cbd1b842890cf3d4cc3a0b72a51eacf15670b59af592be7b9315a79aaaac38,no_explicit_terminal_engine_result,21,EpisodeState.COMPLETED,1,14,55429730,win,True,44,1,True,win,/private/tmp/kaggle_eps/55565424/replays/episode-100258004-replay.json,1,06fdcea5029e2bb4f75b9f26fb8dae70aac6e65d7aecb5e791ac289e2ac85d2a,144,44,55565424,reached,19,True,False,1,1,17,3,11,3,3,12,6,10,131,True,,ended_before,,,,,,,,,,,,,,,,29,reached,9,True,False,1,1,29,13,11,5,8,25,6,5,83,True,
0,ok,True,100245727,True,True,DONE,,,0,5c704d8de66047c4bb0f1f43bd50dba614616f5084d376eb53b7ed0d3063a216,no_explicit_terminal_engine_result,14,EpisodeState.COMPLETED,-1,13,55521183,loss,True,24,0,True,loss,/private/tmp/kaggle_eps/55565424/replays/episode-100245727-replay.json,-1,28d2490be219deca9a2a50f44af3bc999f4cecbc1ea3243093ac064b763c089c,121,22,55565424,ended_before,,,,,,,,,,,,,,,,19,ended_before,,,,,,,,,,,,,,,,29,reached,9,True,False,1,1,21,14,4,3,7,39,6,5,87,True,
0,ok,True,100233892,False,False,DONE,,,0,274c4ff741719cc9bf35db8c53ac4288676f63f717f1adac90c13c9c427b0b36,no_explicit_terminal_engine_result,17,EpisodeState.COMPLETED,-1,32,55523806,loss,False,34,1,True,loss,/private/tmp/kaggle_eps/55565424/replays/episode-100233892-replay.json,-1,3e1448cba3d2d7db3ab99e75ed437b0ecfb561aef00a68704e9d22627163d2fc,111,30,55565424,ended_before,,,,,,,,,,,,,,,,20,ended_before,,,,,,,,,,,,,,,,30,reached,10,True,False,1,1,35,26,5,4,10,22,6,5,76,True,
0,ok,True,100224939,False,False,DONE,,,0,72b6bf6512026b938f208bae8338ab9e07999d923f29e26563fb340eb3f048b8,no_explicit_terminal_engine_result,20,EpisodeState.COMPLETED,1,16,55559010,win,False,42,1,True,win,/private/tmp/kaggle_eps/55565424/replays/episode-100224939-replay.json,1,61d5423c846b95ef04756f54e3c990528352e0b45d3a0d914825b5d6e37e948c,110,39,55565424,reached,20,True,False,1,1,16,0,12,4,12,5,6,10,105,True,,ended_before,,,,,,,,,,,,,,,,30,reached,10,True,False,1,1,26,13,9,4,6,28,6,5,76,True,
0,ok,True,100224534,False,False,DONE,,,1,264dffb071fd6891f3cf3317f6bceb3cd607dcb4c72ad86f9e70c41fbeabb8d3,no_explicit_terminal_engine_result,10,EpisodeState.COMPLETED,-1,36,55540468,loss,True,12,1,True,loss,/private/tmp/kaggle_eps/55565424/replays/episode-100224534-replay.json,-1,d6312ad961ba7b8d8499918b9c30cdfa57da79c7ce54885deca1fb638b378286,87,12,55565424,ended_before,,,,,,,,,,,,,,,,19,ended_before,,,,,,,,,,,,,,,,29,reached,9,True,False,1,1,36,30,2,4,2,41,6,5,75,True,
0,ok,True,100213160,True,True,DONE,,,0,2f87d0f42a6585c33abf7cafa3184f9c2d3ab35bad7957212a43c8e5b3f2ed97,no_explicit_terminal_engine_result,17,EpisodeState.COMPLETED,1,10,55422443,win,True,34,0,True,win,/private/tmp/kaggle_eps/55565424/replays/episode-100213160-replay.json,1,d5b1a8fefd54044913b8f892d62c6439a23dfea01787e5aa38999280b7833b90,136,32,55565424,ended_before,,,,,,,,,,,,,,,,19,ended_before,,,,,,,,,,,,,,,,29,reached,9,True,False,1,1,37,18,15,4,5,38,6,5,74,True,
0,ok,True,100211288,False,False,DONE,,,0,fc0ff3b47ef8e214e14c30dca30af66da5bedb0c570b1aa52765150ca5e1d312,no_explicit_terminal_engine_result,36,EpisodeState.COMPLETED,-1,15,54678772,loss,True,53,0,True,loss,/private/tmp/kaggle_eps/55565424/replays/episode-100211288-replay.json,-1,43e123a173a7271028d5eb392a1f25df49871266a086532c739a9c5d1c8fb191,134,51,55565424,reached,19,True,False,1,1,33,21,9,3,7,12,6,10,81,True,,reached,29,True,False,1,1,15,11,3,1,5,4,6,15,122,True,,reached,9,True,False,1,1,36,27,4,5,8,31,6,5,47,True,
0,ok,True,100199471,False,False,DONE,,,0,e0e3cc5665fb60707bdc4687c3611e6120f09112cecfd16bc78d30179375cb93,no_explicit_terminal_engine_result,22,EpisodeState.COMPLETED,1,15,53942619,win,False,33,1,True,win,/private/tmp/kaggle_eps/55565424/replays/episode-100199471-replay.json,1,7de3028c8a5592483de76645179905d2cd6222f4b8992c3851ec0f38cefb6025,104,32,55565424,reached,20,True,False,1,1,16,6,4,6,6,27,6,10,94,True,,ended_before,,,,,,,,,,,,,,,,30,reached,10,True,False,1,1,36,25,5,6,6,32,6,5,58,True,
0,ok,True,100198250,False,False,DONE,,,0,96b3ec45b42cf8204555be3420855a1eef5f09e91a3296651f7418498ff53ba8,no_explicit_terminal_engine_result,15,EpisodeState.COMPLETED,-1,33,55552087,loss,False,31,1,True,loss,/private/tmp/kaggle_eps/55565424/replays/episode-100198250-replay.json,-1,b980815ade014cb04289d8b8bf7df3f50ae8aadcfdd21b541d69d9f95305d646,159,25,55565424,ended_before,,,,,,,,,,,,,,,,20,ended_before,,,,,,,,,,,,,,,,30,reached,10,True,False,1,1,33,23,6,4,6,31,6,5,108,True,
0,ok,True,100191576,False,False,DONE,,,1,431f00c0ce3b5583a9215af462b311e3177410cfa14a1d14393a82d6d2dcdb2d,no_explicit_terminal_engine_result,31,EpisodeState.COMPLETED,1,15,54798432,win,True,42,1,True,win,/private/tmp/kaggle_eps/55565424/replays/episode-100191576-replay.json,1,07f47d331acdfffd123a8bd1dfd4a4c6110a59ebb4e4ee7de4f9f3f6168fce5c,105,37,55565424,reached,19,False,False,1,1,23,14,3,6,16,15,6,10,79,False,,reached,29,True,False,1,1,17,4,7,6,10,8,6,15,99,True,,reached,9,True,False,1,1,36,26,4,6,9,30,6,5,50,True,
0,ok,True,100179710,False,False,DONE,,,0,582875fb9079dce9f14551b0a62c5f9af1886cc20cf28b38238848b96481272e,no_explicit_terminal_engine_result,19,EpisodeState.COMPLETED,1,17,55565616,win,True,38,0,True,win,/private/tmp/kaggle_eps/55565424/replays/episode-100179710-replay.json,1,57dac2f852f9d5edf86ee0af3b29b8ee14bb446ea9375bd180ec64cb5f3c70b3,161,35,55565424,reached,19,True,False,1,1,17,7,5,5,12,23,1,10,155,True,,ended_before,,,,,,,,,,,,,,,,29,reached,9,False,False,1,1,33,24,4,5,21,31,6,5,69,False,
0,ok,True,100167910,False,False,DONE,,,1,0fe914f6e1df5b5ad439a2f336f23540991b790d4728c77bd498d355b61ed21c,no_explicit_terminal_engine_result,8,EpisodeState.COMPLETED,-1,36,55523620,loss,True,14,1,True,loss,/private/tmp/kaggle_eps/55565424/replays/episode-100167910-replay.json,-1,e42932d8f6c1960a1c9b2de8764c6b8a691142fa86ef4a15694a208fed7d176c,76,14,55565424,ended_before,,,,,,,,,,,,,,,,19,ended_before,,,,,,,,,,,,,,,,29,ended_before,,,,,,,,,,,,,,,,9
0,ok,True,100156107,True,False,DONE,,,1,ad05614ddb99a5d7be4b24adb235d9abf6be347eaefad9be550e21137f747601,no_explicit_terminal_engine_result,17,EpisodeState.COMPLETED,1,11,54873494,win,True,26,1,True,win,/private/tmp/kaggle_eps/55565424/replays/episode-100156107-replay.json,1,c89ddf3b668d097e5929ae6eee57133c3ec3060e19fbbaf7a37a68efe446c944,76,12,55565424,ended_before,,,,,,,,,,,,,,,,19,ended_before,,,,,,,,,,,,,,,,29,reached,9,False,False,1,1,21,10,5,6,14,28,6,5,58,False,
0,ok,True,100144257,True,True,DONE,,,0,b6a0b081123b9844aeccad2f132efe1e631f8575bca17c236020010d7023fc2f,no_explicit_terminal_engine_result,13,EpisodeState.COMPLETED,1,10,53798627,win,True,21,0,True,win,/private/tmp/kaggle_eps/55565424/replays/episode-100144257-replay.json,1,5aa0364e4684c56de40ce3f819f596bc98dcb977657d377fbd2f16b97a3d5f5e,88,21,55565424,ended_before,,,,,,,,,,,,,,,,19,ended_before,,,,,,,,,,,,,,,,29,reached,9,True,False,1,1,31,6,19,6,7,34,6,5,76,True,
0,ok,True,100135606,True,True,DONE,,,0,c99b5121f5d6194d088f19a758e4486320e2c801ee2e7d058cb8cdc7d9db139b,no_explicit_terminal_engine_result,24,EpisodeState.COMPLETED,1,11,55486906,win,False,34,1,True,win,/private/tmp/kaggle_eps/55565424/replays/episode-100135606-replay.json,1,fe2fcc5cf6bc64055e5953e8fee86d437665c60c417cfd5492a289fbb3e84eb1,122,31,55565424,reached,20,True,False,1,1,16,4,7,5,7,12,4,10,108,True,,ended_before,,,,,,,,,,,,,,,,30,reached,10,False,False,1,1,38,17,16,5,13,17,6,5,60,False,
0,ok,True,100128374,False,False,DONE,,,0,e68f330330bfbfbe92529749f8134b08f406adae72ac9fbf48c8b991d546bce1,no_explicit_terminal_engine_result,23,EpisodeState.COMPLETED,-1,24,55565203,loss,False,34,1,True,loss,/private/tmp/kaggle_eps/55565424/replays/episode-100128374-replay.json,-1,ba3d65f4761631b27daa92940d43f5cd462631ba86522d2616c6d5dd2c986f6c,127,34,55565424,reached,20,True,False,1,1,24,3,19,2,5,10,6,10,113,True,,ended_before,,,,,,,,,,,,,,,,30,reached,10,True,False,1,1,37,25,6,6,6,18,6,5,64,True,
0,ok,True,100116064,False,False,DONE,,,0,c94a337e2c07322184ae55d27100d12071c2ddc9dc3f0d4c4cfd2a2f09de2e32,no_explicit_terminal_engine_result,10,EpisodeState.COMPLETED,-1,28,55224311,loss,True,11,0,True,loss,/private/tmp/kaggle_eps/55565424/replays/episode-100116064-replay.json,-1,892fb6fa8f6034508e6e1dae63de525801ba97825a913083aac7491873f99476,51,9,55565424,ended_before,,,,,,,,,,,,,,,,19,ended_before,,,,,,,,,,,,,,,,29,reached,9,True,False,1,1,28,18,4,6,8,42,5,5,43,True,
0,ok,True,100110716,False,False,DONE,,,1,b4f26ddcc3ebdf3c58762eb2a8e604956fdb686c017e56b0640fd247313737bb,no_explicit_terminal_engine_result,10,EpisodeState.COMPLETED,-1,32,55565695,loss,True,13,1,True,loss,/private/tmp/kaggle_eps/55565424/replays/episode-100110716-replay.json,-1,3044537fea1d8f03b3892cc36a9c21e5bf0fbeaf84318110b8319572baac4c96,95,13,55565424,ended_before,,,,,,,,,,,,,,,,19,ended_before,,,,,,,,,,,,,,,,29,reached,9,True,False,1,1,32,7,22,3,4,35,6,5,83,True,
0,ok,True,100103752,False,False,DONE,,,0,b43f0cc056b39dbad518df6827a128e259f176916a29bb3af2d2c0331c3eb93a,no_explicit_terminal_engine_result,17,EpisodeState.COMPLETED,-1,27,55537714,loss,False,28,1,True,loss,/private/tmp/kaggle_eps/55565424/replays/episode-100103752-replay.json,-1,83a343cdb7f4d49db4253fe71fdb227d9a916e6c69b36b3402a36a32d47c2d1e,110,25,55565424,ended_before,,,,,,,,,,,,,,,,20,ended_before,,,,,,,,,,,,,,,,30,reached,10,True,False,1,1,30,12,14,4,4,26,6,5,81,True,
0,ok,True,100091913,False,False,DONE,,,0,92346a3195fb524436a3327aa394d8a305efad5ccc048423eb5972517ce7ba75,no_explicit_terminal_engine_result,13,EpisodeState.COMPLETED,-1,41,55414256,loss,False,20,1,True,loss,/private/tmp/kaggle_eps/55565424/replays/episode-100091913-replay.json,-1,287fa0b76186e44f415368df6c063f24a899c5f575370376e179167a42161d93,80,18,55565424,ended_before,,,,,,,,,,,,,,,,20,ended_before,,,,,,,,,,,,,,,,30,reached,10,True,False,1,1,42,21,18,3,2,40,6,5,64,True,
0,ok,True,100088049,True,True,DONE,,,0,d161a573208ae3b3ae607f79d03f8cb773309b35593d0086fc2283c7ce2376bd,no_explicit_terminal_engine_result,21,EpisodeState.COMPLETED,1,13,55558052,win,True,35,0,True,win,/private/tmp/kaggle_eps/55565424/replays/episode-100088049-replay.json,1,493182e57b66e4c79df59777b0bf5610bb37847e32bce13ac17a8ccc143ccda1,95,31,55565424,reached,19,True,False,1,1,14,2,6,6,10,21,6,10,87,True,,ended_before,,,,,,,,,,,,,,,,29,reached,9,False,False,1,1,23,12,5,6,18,26,6,5,64,False,
0,ok,True,100076296,False,False,DONE,,,0,ae18c9e169d77e7de6cd94ce56254c1b94f3813f9526f41976501b250e440683,no_explicit_terminal_engine_result,16,EpisodeState.COMPLETED,-1,21,55238625,loss,True,34,0,True,loss,/private/tmp/kaggle_eps/55565424/replays/episode-100076296-replay.json,-1,764c792679d0661928e70934d8a0e2504aa0b7e167fda09d8cd99e2ddf1852e6,179,29,55565424,ended_before,,,,,,,,,,,,,,,,19,ended_before,,,,,,,,,,,,,,,,29,reached,9,False,False,1,1,30,19,5,6,13,39,4,5,77,False,
0,ok,True,100069709,True,True,DONE,,,0,b1eb8cdbdc1a96a9a6e624f620629e83b80b3021c7875f15ccb91e2c6d401421,no_explicit_terminal_engine_result,28,EpisodeState.COMPLETED,1,8,55550700,win,False,42,1,True,win,/private/tmp/kaggle_eps/55565424/replays/episode-100069709-replay.json,1,95302c2d6fb680335888f7616e0010984d8a633e61e1a50354a4c77722a4f01d,164,34,55565424,reached,20,True,False,1,1,14,4,8,2,7,20,6,10,127,True,,ended_before,,,,,,,,,,,,,,,,30,reached,10,False,False,1,1,32,19,9,4,15,25,6,5,75,False,
0,ok,True,100065366,False,False,DONE,,,0,a2e92ed114d17241cc5131b65f9a41396abfc7ca28f1916d7f207540e25d3211,no_explicit_terminal_engine_result,23,EpisodeState.COMPLETED,-1,20,55561242,loss,False,35,1,True,loss,/private/tmp/kaggle_eps/55565424/replays/episode-100065366-replay.json,-1,786d77b45c39a18235ff014d6b596acc05ccd39bd652a3555ebd5422104d7a22,92,35,55565424,reached,20,True,False,1,1,21,14,6,1,5,17,6,10,85,True,,ended_before,,,,,,,,,,,,,,,,30,reached,10,True,False,1,1,40,25,11,4,4,37,6,5,49,True,
0,ok,True,100062609,False,False,DONE,,,0,02e9e691570ed6dd8c4538db76c1a2a74e4970d287707492060c23618313d77c,no_explicit_terminal_engine_result,15,EpisodeState.COMPLETED,1,38,55492084,win,True,35,0,True,win,/private/tmp/kaggle_eps/55565424/replays/episode-100062609-replay.json,1,92d9657913a720b95fa056062a057f04fb892bfb306bcbc272f2fc2a4dea79ac,100,31,55565424,ended_before,,,,,,,,,,,,,,,,19,ended_before,,,,,,,,,,,,,,,,29,reached,9,False,False,1,1,41,33,2,6,14,28,4,5,66,False,
0,ok,True,100055745,True,True,DONE,,,0,d7375bfc02fbe9def304afbb26b90345e8010b73df8e462810a60bd243357445,no_explicit_terminal_engine_result,34,EpisodeState.COMPLETED,1,6,55560331,win,False,50,1,True,win,/private/tmp/kaggle_eps/55565424/replays/episode-100055745-replay.json,1,0f2661293130802d8236134c91b3081b275f768427c69ca48de3f94664ea9b75,174,42,55565424,reached,20,True,False,1,1,19,14,3,2,7,12,6,10,114,True,,reached,30,True,False,1,1,6,2,3,1,12,6,3,15,160,True,,reached,10,False,False,1,1,36,30,1,5,15,25,6,5,56,False,
0,ok,True,100049086,False,False,DONE,,,0,ef74b99fe9aa1244887e3f702d6c2a1f1b8723acc8dc41750bcaeed0963c7111,no_explicit_terminal_engine_result,18,EpisodeState.COMPLETED,-1,16,55565743,loss,True,45,0,True,loss,/private/tmp/kaggle_eps/55565424/replays/episode-100049086-replay.json,-1,b44a3c33d5012e964bfe321fe1f123ed40b6812991829fbf13927ac13c573720,214,39,55565424,ended_before,,,,,,,,,,,,,,,,19,ended_before,,,,,,,,,,,,,,,,29,reached,9,True,False,1,1,32,21,6,5,6,23,6,5,98,True,
0,ok,True,100043075,False,False,DONE,,,0,b3b80b1bf6fd7853e2d5c07b51997bb86c94e3e884e38ccd464d85cfe213e1ad,no_explicit_terminal_engine_result,19,EpisodeState.COMPLETED,1,15,55465172,win,True,40,0,True,win,/private/tmp/kaggle_eps/55565424/replays/episode-100043075-replay.json,1,36d6b62f60bb1441e6e383faf00689e6b1a1653490e794801be7a59d5f6ec37a,127,40,55565424,reached,19,True,False,1,1,15,4,9,2,3,13,6,10,121,True,,ended_before,,,,,,,,,,,,,,,,29,reached,9,True,False,1,1,36,20,12,4,6,32,6,5,68,True,
0,ok,True,100034997,True,True,DONE,,,1,35ee230c86aadf699bb7b88f4e32a55a6a3fbf0290402b911d33c48f60eeb9df,no_explicit_terminal_engine_result,21,EpisodeState.COMPLETED,1,13,55558052,win,True,38,1,True,win,/private/tmp/kaggle_eps/55565424/replays/episode-100034997-replay.json,1,0c61ca4b2754ced4a81c453c6147d6c2bdf7c1dd675ce8a49457158d966ca01f,100,31,55565424,reached,19,False,False,1,1,13,5,2,6,13,15,6,10,87,False,,ended_before,,,,,,,,,,,,,,,,29,reached,9,True,False,1,1,31,18,7,6,4,26,6,5,61,True,
0,ok,True,100022686,False,False,DONE,,,0,b7d72155b5fcc7168890dbbd35eb1e59687818bc20fe5d080ab466896260a60b,no_explicit_terminal_engine_result,13,EpisodeState.COMPLETED,1,22,55388609,win,True,34,0,True,win,/private/tmp/kaggle_eps/55565424/replays/episode-100022686-replay.json,1,6145d8c47d4ef497da5355ed4d1fca6c00d3726f56e0b07b39a9e73ed755d877,116,30,55565424,ended_before,,,,,,,,,,,,,,,,19,ended_before,,,,,,,,,,,,,,,,29,reached,9,True,False,1,1,35,17,13,5,9,31,6,5,73,True,
0,ok,True,100015660,False,False,DONE,,,1,76b8b16e8c88955437e2f33bcbef8ddb3c9798a178614a14a844e7f5a29bb398,no_explicit_terminal_engine_result,16,EpisodeState.COMPLETED,-1,20,55549927,loss,True,39,1,True,loss,/private/tmp/kaggle_eps/55565424/replays/episode-100015660-replay.json,-1,e4414191ea6e491750c54241b89481f6b34b56e04680dd939479d59373aa9fb0,132,29,55565424,ended_before,,,,,,,,,,,,,,,,19,ended_before,,,,,,,,,,,,,,,,29,reached,9,False,False,1,1,27,11,12,4,15,25,6,5,89,False,
0,ok,True,100003809,False,False,DONE,,,0,b7c2d627eed430b9abbd8214bacf011b3a9befc180e6310192726722244db4ba,no_explicit_terminal_engine_result,24,EpisodeState.COMPLETED,1,29,54749927,win,False,36,1,True,win,/private/tmp/kaggle_eps/55565424/replays/episode-100003809-replay.json,1,e3e5ab726b73d0bed2b5d4f0bca656d2a8037c5f27c72af71044cf748dd3a445,114,34,55565424,reached,20,True,False,1,1,31,11,15,5,7,10,6,10,95,True,,ended_before,,,,,,,,,,,,,,,,30,reached,10,True,False,1,1,40,31,3,6,8,17,6,5,58,True,
0,ok,True,99992010,False,False,DONE,,,0,90be2eb59d66f87e9d83f01a5e28aec60d41c2acdb3df237a7727f0e9d9b0694,no_explicit_terminal_engine_result,19,EpisodeState.COMPLETED,1,27,55561075,win,True,39,0,True,win,/private/tmp/kaggle_eps/55565424/replays/episode-99992010-replay.json,1,986edd4c0a031b129132d17acd68d67d07cedf237aee5d1a960d3580958f8660,154,36,55565424,reached,19,True,False,1,1,27,16,7,4,11,18,1,10,148,True,,ended_before,,,,,,,,,,,,,,,,29,reached,9,True,False,1,1,36,26,4,6,10,26,6,5,70,True,
0,ok,True,99991857,False,False,DONE,,,0,c44c3123dfd8db5fcb498fa60781b0bc37fac9748f0d56ce8a9624659433f43d,no_explicit_terminal_engine_result,10,EpisodeState.COMPLETED,-1,36,55363055,loss,True,18,0,True,loss,/private/tmp/kaggle_eps/55565424/replays/episode-99991857-replay.json,-1,7e6f216027c16f3a6647871049e3a91db364154dfbb0108b37a7f67d61fd281e,101,17,55565424,ended_before,,,,,,,,,,,,,,,,19,ended_before,,,,,,,,,,,,,,,,29,reached,9,True,False,1,1,36,26,5,5,4,34,6,5,85,True,
0,ok,True,99987274,True,True,DONE,,,0,5996df71ab699724541e4f04cdfae577899cf952aab5a72b7bf8de7d13d7de06,no_explicit_terminal_engine_result,23,EpisodeState.COMPLETED,1,9,54709555,win,True,41,0,True,win,/private/tmp/kaggle_eps/55565424/replays/episode-99987274-replay.json,1,95571fa57a13563b22580b919151c7be207e7b733b16ad44f2b83770e0547ebe,106,36,55565424,reached,19,True,False,1,1,14,7,3,4,6,20,6,10,88,True,,ended_before,,,,,,,,,,,,,,,,29,reached,9,True,False,1,1,36,27,4,5,6,37,6,5,51,True,
0,ok,True,99975397,False,False,DONE,,,0,3fa68c95e30f17bba1885fe2e18735994e6f2ac7113070f338252566f7fd5060,no_explicit_terminal_engine_result,23,EpisodeState.COMPLETED,-1,16,55553544,loss,False,46,1,True,loss,/private/tmp/kaggle_eps/55565424/replays/episode-99975397-replay.json,-1,a1bf7da208f94742c8d1079d70eef8523a2350ea12db967e53611c9273e6c470,239,43,55565424,reached,20,True,False,1,1,18,13,4,1,7,14,2,10,209,True,,ended_before,,,,,,,,,,,,,,,,30,reached,10,True,False,1,1,40,30,4,6,11,37,4,5,79,True,
0,ok,True,99963102,False,False,DONE,,,0,329c4ea67a1f8c932f43a8c5ded33fa96d4f404198ca4656b95d2edb8a7312e5,no_explicit_terminal_engine_result,27,EpisodeState.COMPLETED,-1,21,55408280,loss,False,43,1,True,loss,/private/tmp/kaggle_eps/55565424/replays/episode-99963102-replay.json,-1,78e5cd6db5fa694f8d7eaa35e79936bd7ab870e35219f4cb758f1019c4af8a1e,113,42,55565424,reached,20,True,False,1,1,24,14,8,2,6,5,6,10,94,True,,ended_before,,,,,,,,,,,,,,,,30,reached,10,True,False,1,1,36,21,10,5,8,23,6,5,60,True,
0,ok,True,99951185,True,True,DONE,,,0,98bb0421f70e2db28a9c8d3bb6e7e7c752aa629214d36dfeecf82cead7bce023,no_explicit_terminal_engine_result,19,EpisodeState.COMPLETED,-1,12,55473417,loss,False,43,1,True,loss,/private/tmp/kaggle_eps/55565424/replays/episode-99951185-replay.json,-1,5a28aee152add17e1c149da50c6370c476c645cd473be45c448ece417b4c5713,218,37,55565424,ended_before,,,,,,,,,,,,,,,,20,ended_before,,,,,,,,,,,,,,,,30,reached,10,False,False,1,1,26,14,6,6,14,18,6,5,98,False,
0,ok,True,99951269,False,False,DONE,,,0,a65ded27825c64156c52e5c80a7c5ff368113108895a78e258c17522b88e2ba8,no_explicit_terminal_engine_result,16,EpisodeState.COMPLETED,-1,22,55516212,loss,True,32,0,True,loss,/private/tmp/kaggle_eps/55565424/replays/episode-99951269-replay.json,-1,55161caba72facce098ab73ddcaaa8f0d3a403877813bd029c8a15acb3d1761d,118,29,55565424,ended_before,,,,,,,,,,,,,,,,19,ended_before,,,,,,,,,,,,,,,,29,reached,9,True,False,1,1,34,20,10,4,4,28,6,5,70,True,
0,ok,True,99949626,False,False,DONE,,,0,1e1ca3c7eb573ffa4f76d8665a6732283f493a48ebba11c330395e3edf1adb23,no_explicit_terminal_engine_result,27,EpisodeState.COMPLETED,-1,23,55421467,loss,False,48,1,True,loss,/private/tmp/kaggle_eps/55565424/replays/episode-99949626-replay.json,-1,40dec595e6a9363b970b1d87e794b0218a6e89c6d779b29b8097e8001fea9a93,236,40,55565424,reached,20,True,False,1,1,25,14,9,2,6,22,5,10,186,True,,ended_before,,,,,,,,,,,,,,,,30,reached,10,True,False,1,1,31,20,5,6,12,36,5,5,77,True,
0,ok,True,99947948,False,False,DONE,,,0,32d48b3150a3188b495f3136ab305aadbb96140a612d7397978d67271d7539be,no_explicit_terminal_engine_result,58,EpisodeState.COMPLETED,-1,27,55558845,loss,True,60,0,True,loss,/private/tmp/kaggle_eps/55565424/replays/episode-99947948-replay.json,-1,b8e1c0b7102fb804a3339567a3d335a777f433f79ec0a15abb36dd104109d099,138,53,55565424,reached,19,True,False,1,1,43,29,8,6,10,27,6,10,66,True,,reached,29,True,False,1,1,32,13,13,6,8,15,6,15,90,True,,reached,9,True,False,1,1,48,36,6,6,8,32,6,5,43,True,
0,ok,True,99935254,False,False,DONE,,,0,038ba4605605e8b1170aab63d3e2d1bea60cc6254bdd9fd39c9166302251d7ff,no_explicit_terminal_engine_result,9,EpisodeState.COMPLETED,-1,39,55414489,loss,False,9,1,True,loss,/private/tmp/kaggle_eps/55565424/replays/episode-99935254-replay.json,-1,e29233abea491c5d7c0f08ffd6fc68232a3298053ef220ae590216c70871d860,52,9,55565424,ended_before,,,,,,,,,,,,,,,,20,ended_before,,,,,,,,,,,,,,,,30,ended_before,,,,,,,,,,,,,,,,10
0,ok,True,99935629,True,True,DONE,,,0,22e5660b246707cac23bff7f74fb8aaa43621025fe6208dde65545616d802a4f,no_explicit_terminal_engine_result,36,EpisodeState.COMPLETED,1,13,55554590,win,False,55,1,True,win,/private/tmp/kaggle_eps/55565424/replays/episode-99935629-replay.json,1,a24adfff2bc7d121a39b4de76143034504addfeff2ad6150f42985bcde78a420,193,42,55565424,reached,20,True,False,1,1,32,15,13,4,6,29,6,10,107,True,,reached,30,False,False,1,1,15,5,6,4,15,24,4,15,164,False,,reached,10,True,False,1,1,36,25,7,4,9,35,6,5,70,True,
0,ok,True,99932025,False,False,DONE,,,0,268e311fc5128ec7a0ec0bf2c3440188c216dc78c00b05b93aab3d5a9bc40e97,no_explicit_terminal_engine_result,17,EpisodeState.COMPLETED,1,46,53748996,win,True,35,0,True,win,/private/tmp/kaggle_eps/55565424/replays/episode-99932025-replay.json,1,177ae45d1c743bc853a336f5b7514245ce12e267725311f8581b82ef99f89b4c,84,31,55565424,ended_before,,,,,,,,,,,,,,,,19,ended_before,,,,,,,,,,,,,,,,29,reached,9,True,False,1,1,48,38,4,6,4,24,5,5,57,True,
0,ok,True,99919712,False,False,DONE,,,0,eb47f01099c3615fbe83e00b3e596b6bcebdaddca182a8c6a1699e228635b0f4,no_explicit_terminal_engine_result,18,EpisodeState.COMPLETED,-1,31,55552691,loss,True,46,0,True,loss,/private/tmp/kaggle_eps/55565424/replays/episode-99919712-replay.json,-1,2fbb95fb1092d338b39757c441d3123cb4ecd5d6399810e7a1b88104d2a1b14b,206,40,55565424,ended_before,,,,,,,,,,,,,,,,19,ended_before,,,,,,,,,,,,,,,,29,reached,9,False,False,1,1,34,17,11,6,13,37,6,5,84,False,
0,ok,True,99907887,False,False,DONE,,,1,4ac1135012560970c22b080b02916a1548620bb05c4cd2b7465b1ebde28e2fe7,no_explicit_terminal_engine_result,21,EpisodeState.COMPLETED,1,24,55554066,win,True,38,1,True,win,/private/tmp/kaggle_eps/55565424/replays/episode-99907887-replay.json,1,e4a90d25a6c4d91eb117bc47f3e1712bc3470fb5675165c9caeea31c0c004320,129,37,55565424,reached,19,True,False,1,1,24,2,17,5,3,20,6,10,121,True,,ended_before,,,,,,,,,,,,,,,,29,reached,9,True,False,1,1,31,9,17,5,9,25,6,5,93,True,
0,ok,True,99896072,False,False,DONE,,,0,83779bec2a320e861fb6a706e7ddcbeacaa23f0da1c4d932142eb25f79a1e9bf,no_explicit_terminal_engine_result,21,EpisodeState.COMPLETED,-1,36,55412861,loss,False,25,1,True,loss,/private/tmp/kaggle_eps/55565424/replays/episode-99896072-replay.json,-1,66ed1722d8c604652d608baa3ace629c3a412212cb5cf71119b8356a41369a49,77,25,55565424,reached,20,True,False,1,1,36,28,6,2,3,23,6,10,72,True,,ended_before,,,,,,,,,,,,,,,,30,reached,10,True,False,1,1,44,35,5,4,3,36,6,5,40,True,
0,ok,True,99893932,False,False,DONE,,,0,40d96247996489ee9e0c2afc1535e27b49684dadb621c860d481a8038cdba2d8,no_explicit_terminal_engine_result,23,EpisodeState.COMPLETED,1,24,55437074,win,True,51,0,True,win,/private/tmp/kaggle_eps/55565424/replays/episode-99893932-replay.json,1,e34f91925f0211b01eb83bf165d81c574d312da352af0a90c79b7de9ec5c3f57,148,44,55565424,reached,19,True,False,1,1,27,5,21,1,4,10,6,10,136,True,,ended_before,,,,,,,,,,,,,,,,29,reached,9,True,False,1,1,34,17,13,4,9,25,6,5,77,True,
0,ok,True,99882061,True,False,DONE,,,0,9a039d4c62cc749ddd3d71bed64b5fab5b52649e6265e93fecf692b2ff4ad654,no_explicit_terminal_engine_result,19,EpisodeState.COMPLETED,1,12,55542532,win,True,30,0,True,win,/private/tmp/kaggle_eps/55565424/replays/episode-99882061-replay.json,1,3e527de91e49c04e309e24891f3e82f68937cbd291c0496e2880078a331cba49,146,17,55565424,reached,19,False,False,1,1,12,2,5,5,15,26,2,10,143,False,,ended_before,,,,,,,,,,,,,,,,29,reached,9,True,False,1,1,41,33,2,6,12,36,6,5,53,True,
0,ok,True,99880773,False,False,DONE,,,0,ea05d849876c05cd1005a2812b4be9b62c645ec2970d0b7bcd5d7991c81ed549,no_explicit_terminal_engine_result,16,EpisodeState.COMPLETED,1,23,55433173,win,False,32,1,True,win,/private/tmp/kaggle_eps/55565424/replays/episode-99880773-replay.json,1,ca4131e169cb11a33c60b668e0b3c7b151fcc9530ff222671aaad05f0fb7a386,140,29,55565424,ended_before,,,,,,,,,,,,,,,,20,ended_before,,,,,,,,,,,,,,,,30,reached,10,True,False,1,1,33,20,7,6,8,31,4,5,89,True,
0,ok,True,99869016,True,True,DONE,,,0,863e14ea3365d833a71ea9540c3a95b965c5902d3d9ba1008f74898f28a8cd6e,no_explicit_terminal_engine_result,34,EpisodeState.COMPLETED,1,10,55538986,win,False,66,1,True,win,/private/tmp/kaggle_eps/55565424/replays/episode-99869016-replay.json,1,1d67bb6736cd42594b175594fd37fd283ff06be40333715af6f40406cefbea16,259,52,55565424,reached,20,True,False,1,1,18,9,4,5,11,17,4,10,157,True,,reached,30,True,False,1,1,10,2,5,3,11,7,3,15,233,True,,reached,10,False,False,1,1,33,20,7,6,21,20,6,5,89,False,
0,ok,True,99857162,True,True,DONE,,,0,69b6215909b2c549e485bb4edc06234308b4d779fb7bcc4bb1a0e9b1e7981bad,no_explicit_terminal_engine_result,28,EpisodeState.COMPLETED,1,8,55564637,win,False,51,1,True,win,/private/tmp/kaggle_eps/55565424/replays/episode-99857162-replay.json,1,46ee87b3ff0de98372d29dd3995c7e75ee9bc8e1061e127b11ec081de894835e,164,46,55565424,reached,20,True,False,1,1,11,3,5,3,9,8,6,10,135,True,,ended_before,,,,,,,,,,,,,,,,30,reached,10,True,False,1,1,20,13,3,4,8,24,6,5,96,True,
0,ok,True,99853196,True,True,DONE,,,0,e5fab55b3a9dcbcc1d04a278e589e657dc06b78b968d1bcce17adddaa84c2c7e,no_explicit_terminal_engine_result,19,EpisodeState.COMPLETED,1,7,53966765,win,True,27,0,True,win,/private/tmp/kaggle_eps/55565424/replays/episode-99853196-replay.json,1,770966e6b5d52cf0e871f967966f2e3d8ee701025f51e41b3d7e51e256907813,130,26,55565424,reached,19,True,False,1,1,7,1,5,1,6,28,6,10,127,True,,ended_before,,,,,,,,,,,,,,,,29,reached,9,True,False,1,1,23,11,8,4,3,33,6,5,89,True,
0,ok,True,99841376,True,True,DONE,,,0,5c7050ea3b4ffc45e7a063d2fa8a214809653acb044eacbdb7b142c76c40badd,no_explicit_terminal_engine_result,29,EpisodeState.COMPLETED,1,11,55450759,win,True,52,0,True,win,/private/tmp/kaggle_eps/55565424/replays/episode-99841376-replay.json,1,e70f5f38b943be8dbc026e75b7308b2dd24034a7284ddf6b375dd4efd17fc764,126,48,55565424,reached,19,True,False,1,1,23,13,6,4,11,18,5,10,85,True,,reached,29,True,False,1,1,11,1,7,3,9,3,5,15,124,True,,reached,9,True,False,1,1,28,19,3,6,5,35,6,5,56,True,
0,ok,True,99839314,False,False,DONE,,,1,04e9457a609e217e1cee6898b1ee964bc7e2da7df2a6e119cfc0d13846d4536c,no_explicit_terminal_engine_result,14,EpisodeState.COMPLETED,-1,19,55370409,loss,True,32,1,True,loss,/private/tmp/kaggle_eps/55565424/replays/episode-99839314-replay.json,-1,184ec13a09c6aaa3293709bf33ce59f68d6d9e2ffe63fc08ac20182e295a13b5,130,31,55565424,ended_before,,,,,,,,,,,,,,,,19,ended_before,,,,,,,,,,,,,,,,29,reached,9,True,False,1,1,24,12,9,3,5,25,6,5,92,True,
0,ok,True,99829230,False,False,DONE,,,1,a0461ec9bfa96c1d0b4843fe26abed0e8f4fa82b5f0e6498116391040994bee7,no_explicit_terminal_engine_result,27,EpisodeState.COMPLETED,1,15,55118802,win,True,37,1,True,win,/private/tmp/kaggle_eps/55565424/replays/episode-99829230-replay.json,1,78ba1f240d1d5275c3e649e1ece36400530eee804f9e9a3f79d30a6a21607433,104,35,55565424,reached,19,True,False,1,1,19,7,6,6,9,19,6,10,86,True,,ended_before,,,,,,,,,,,,,,,,29,reached,9,True,False,1,1,34,22,6,6,6,30,6,5,52,True,
0,ok,True,99816890,False,False,DONE,,,0,c6198807079d1d014ddfbd5bc92abd785611176f752d7fb678ee4e57b45f2e97,no_explicit_terminal_engine_result,22,EpisodeState.COMPLETED,-1,16,55563866,loss,True,43,0,True,loss,/private/tmp/kaggle_eps/55565424/replays/episode-99816890-replay.json,-1,8a7c642e8b5685fde1be5448eddd4a6dee7301fc7861e4cbfd9fd734fc8fb8d6,224,26,55565424,reached,19,True,False,1,1,18,9,6,3,9,18,3,10,183,True,,ended_before,,,,,,,,,,,,,,,,29,reached,9,False,False,1,1,32,21,6,5,14,32,4,5,80,False,
0,ok,True,99810406,False,False,DONE,,,0,a7d1d8c99a5ab3b96b7f31e42804cf74091255b0e0ef599e6ff5ec722808fc6a,no_explicit_terminal_engine_result,28,EpisodeState.COMPLETED,1,18,55560369,win,False,51,1,True,win,/private/tmp/kaggle_eps/55565424/replays/episode-99810406-replay.json,1,2f643def7deb4b9c432ee6721784b6d9eb56855cd47610f909d4bd8b123f178f,251,47,55565424,reached,20,True,False,1,1,23,18,2,3,8,13,1,10,201,True,,ended_before,,,,,,,,,,,,,,,,30,reached,10,True,False,1,1,35,27,2,6,11,34,4,5,93,True,
0,ok,True,99798553,False,False,DONE,,,0,fea85e24049a53f1d48d43a6e7fc0ac1921c4583f37517aa1c6a974c3e2eb511,no_explicit_terminal_engine_result,16,EpisodeState.COMPLETED,1,23,55320537,win,False,24,1,True,win,/private/tmp/kaggle_eps/55565424/replays/episode-99798553-replay.json,1,a8a0b70ca8e3468818942a88afebfc9e5667062fe4ba892827bc2156acae1e46,144,23,55565424,ended_before,,,,,,,,,,,,,,,,20,ended_before,,,,,,,,,,,,,,,,30,reached,10,True,False,1,1,31,24,2,5,9,40,4,5,74,True,
0,ok,True,99786700,True,True,DONE,,,0,c6a411055167c96504953f3c67cb85e2af150a1d4073461540f5f5376f932492,no_explicit_terminal_engine_result,21,EpisodeState.COMPLETED,1,8,53845573,win,True,44,0,True,win,/private/tmp/kaggle_eps/55565424/replays/episode-99786700-replay.json,1,47d86cd13c9929ba09860a258f7d7e3f04eae11b0bf187f70febf8e81038fd12,142,31,55565424,reached,19,True,False,1,1,10,2,5,3,4,14,6,10,129,True,,ended_before,,,,,,,,,,,,,,,,29,reached,9,True,False,1,1,21,12,3,6,5,21,6,5,78,True,
0,ok,True,99774961,False,False,DONE,,,0,e7a81e868f5787dfef55001122de3003fe0ff14b58987f233d214c094c370b40,no_explicit_terminal_engine_result,18,EpisodeState.COMPLETED,-1,24,55545605,loss,True,40,0,True,loss,/private/tmp/kaggle_eps/55565424/replays/episode-99774961-replay.json,-1,708cd681ec1e0d33d5327d565028d4adaeebda239b6b115aa2ccddcbdaeb38fd,200,38,55565424,ended_before,,,,,,,,,,,,,,,,19,ended_before,,,,,,,,,,,,,,,,29,reached,9,True,False,1,1,30,21,4,5,5,30,5,5,95,True,
0,ok,True,99763197,False,False,DONE,,,0,d5d8f79336755df47e6efb4e0979f17a11bc613fb90f07cb315228e98c83246e,no_explicit_terminal_engine_result,14,EpisodeState.COMPLETED,-1,29,55050593,loss,True,35,0,True,loss,/private/tmp/kaggle_eps/55565424/replays/episode-99763197-replay.json,-1,df7d3bfdb3091f883e1562ae972796b6d858685203545e6d9d2016f4b9d23a07,130,34,55565424,ended_before,,,,,,,,,,,,,,,,19,ended_before,,,,,,,,,,,,,,,,29,reached,9,True,False,1,1,46,26,17,3,8,25,6,5,76,True,
0,ok,True,99750901,False,False,DONE,,,0,11260279640f528bb8628e3251f4a769938fcbee66a6abb39c339b4a96b52791,no_explicit_terminal_engine_result,3,EpisodeState.COMPLETED,-1,49,55295395,loss,False,4,1,True,loss,/private/tmp/kaggle_eps/55565424/replays/episode-99750901-replay.json,-1,20ef4a68016b27f1e6f1e0b8bfbe4a4403a429d912763ca7541ff35f8402b08d,36,4,55565424,ended_before,,,,,,,,,,,,,,,,20,ended_before,,,,,,,,,,,,,,,,30,ended_before,,,,,,,,,,,,,,,,10
0,ok,True,99739060,False,False,DONE,,,0,a05b68f927cbe39ac76a3bce8eeedfe47924bb7540d08a10f68aab8a266cbd91,no_explicit_terminal_engine_result,14,EpisodeState.COMPLETED,-1,24,54724023,loss,True,36,0,True,loss,/private/tmp/kaggle_eps/55565424/replays/episode-99739060-replay.json,-1,1d6baf0ad271f57e469a6bcafb691ee0589efb480affbcfeb31c8231a587cb54,131,35,55565424,ended_before,,,,,,,,,,,,,,,,19,ended_before,,,,,,,,,,,,,,,,29,reached,9,True,False,1,1,31,19,9,3,8,26,6,5,71,True,
0,ok,True,99733571,True,True,DONE,,,0,17861c6058cb6de85dc50422855759f9a0d37bd135977695a1f51c090bd955e5,no_explicit_terminal_engine_result,27,EpisodeState.COMPLETED,1,8,54614362,win,True,47,0,True,win,/private/tmp/kaggle_eps/55565424/replays/episode-99733571-replay.json,1,d03cb344fa4a48caadcbbc81f1e7f56c7fd31d7cf5c264038833ef26708ec8b8,180,44,55565424,reached,19,True,False,1,1,29,19,7,3,8,15,6,10,125,True,,ended_before,,,,,,,,,,,,,,,,29,reached,9,True,False,1,1,49,37,6,6,10,20,6,5,62,True,
0,ok,True,99733403,False,False,DONE,,,0,cb7c698247f9c1a8cd57a9fca9c971972bbb9fcb08c2b12cd20564a72a883c1d,no_explicit_terminal_engine_result,25,EpisodeState.COMPLETED,1,24,55558545,win,True,39,0,True,win,/private/tmp/kaggle_eps/55565424/replays/episode-99733403-replay.json,1,a27662accb8e7392da77b69ce0e21f9ebf33be03465bd51cf0099c5556fb5692,114,37,55565424,reached,19,True,False,1,1,33,24,5,4,11,23,1,10,85,True,,ended_before,,,,,,,,,,,,,,,,29,reached,9,True,False,1,1,47,38,3,6,7,35,5,5,40,True,
0,ok,True,99721112,False,False,DONE,,,1,f54c0e8b010cfef19f08af9e29b1f879a3f6fac21d5094552d08c8f01202b6e0,no_explicit_terminal_engine_result,23,EpisodeState.COMPLETED,1,16,54213045,win,True,36,1,True,win,/private/tmp/kaggle_eps/55565424/replays/episode-99721112-replay.json,1,b388ff0189736825e3ec729160fb92218809e1d5b6a1f16625da0642b76a74bd,94,31,55565424,reached,19,True,False,1,1,19,8,5,6,9,18,6,10,84,True,,ended_before,,,,,,,,,,,,,,,,29,reached,9,True,False,1,1,27,18,3,6,9,23,6,5,64,True,
0,ok,True,99709264,False,False,DONE,,,0,a642be5559af429ffa605ec2f88a97e310277d87e2eded8d5eef8e3981913c0a,no_explicit_terminal_engine_result,18,EpisodeState.COMPLETED,1,28,55554041,win,False,23,1,True,win,/private/tmp/kaggle_eps/55565424/replays/episode-99709264-replay.json,1,86dea5d630e3eab9f0b4244c4e1acf0ca6c449d028806c4737c77785b34bb20e,89,17,55565424,ended_before,,,,,,,,,,,,,,,,20,ended_before,,,,,,,,,,,,,,,,30,reached,10,False,False,1,1,41,30,5,6,14,25,5,5,49,False,
0,ok,True,99697489,False,False,DONE,,,0,5e50c45bf0f7284e16d646f7e3ed8bee0c4214a7358878a3d1e279b7c675210f,no_explicit_terminal_engine_result,18,EpisodeState.COMPLETED,1,15,55518105,win,False,25,1,True,win,/private/tmp/kaggle_eps/55565424/replays/episode-99697489-replay.json,1,a531ef393b45e9186d6ba8a5691bdc0fb36637ff227f843088a97af2775c59bc,101,23,55565424,ended_before,,,,,,,,,,,,,,,,20,ended_before,,,,,,,,,,,,,,,,30,reached,10,True,False,1,1,29,19,4,6,7,34,6,5,71,True,
0,ok,True,99685653,False,False,DONE,,,0,cd932f4adc1ff4c4630be61e6804a0246b185d11c63136576b2c66018e747d66,no_explicit_terminal_engine_result,14,EpisodeState.COMPLETED,-1,29,55408440,loss,True,18,0,True,loss,/private/tmp/kaggle_eps/55565424/replays/episode-99685653-replay.json,-1,a8396e9fc8cda7c068545444184567a94fb6d7991da18450c93d3c3ed9defaed,131,17,55565424,ended_before,,,,,,,,,,,,,,,,19,ended_before,,,,,,,,,,,,,,,,29,reached,9,True,False,1,1,35,25,4,6,8,35,6,5,72,True,
0,ok,True,99681699,True,True,DONE,,,1,09d72cbcc28710aff04d0ae64ee176077c8d0ee36bb85c364d72fc475010f4ab,no_explicit_terminal_engine_result,24,EpisodeState.COMPLETED,-1,14,55434322,loss,True,48,1,True,loss,/private/tmp/kaggle_eps/55565424/replays/episode-99681699-replay.json,-1,ccad7c3e7c2f2c6c02937cc8e03c2ea707b697cdb4b70e5432033b245c000c56,169,45,55565424,reached,19,True,False,1,1,19,11,7,1,7,14,3,10,143,True,,ended_before,,,,,,,,,,,,,,,,29,reached,9,True,False,1,1,38,28,4,6,12,34,4,5,64,True,
0,ok,True,99671781,True,True,DONE,,,0,cc6e86be0268811aa0290d522ce425efe0d8b15cc2eff7c4bb6b9e43fb838556,no_explicit_terminal_engine_result,26,EpisodeState.COMPLETED,1,8,55553806,win,False,37,1,True,win,/private/tmp/kaggle_eps/55565424/replays/episode-99671781-replay.json,1,7b2d64f5be15511ecc813c30c56995b5599a31ffb546fd842e84fb5d623721f9,162,35,55565424,reached,20,True,False,1,1,16,5,6,5,12,16,5,10,125,True,,ended_before,,,,,,,,,,,,,,,,30,reached,10,True,False,1,1,39,30,3,6,11,36,6,5,57,True,
0,ok,True,99671785,False,False,DONE,,,0,351802cca3d25d51d9f856dff7a51f4aca2d6dbb3beb4810fe3790459c85e14c,no_explicit_terminal_engine_result,15,EpisodeState.COMPLETED,-1,35,55552833,loss,False,35,1,True,loss,/private/tmp/kaggle_eps/55565424/replays/episode-99671785-replay.json,-1,db3b75e3ddb9e6089ec4dad69bf8919f28d832042748e0c16e12aad136a00041,195,29,55565424,ended_before,,,,,,,,,,,,,,,,20,ended_before,,,,,,,,,,,,,,,,30,reached,10,False,False,1,1,35,22,8,5,15,26,5,5,110,False,
0,ok,True,99673151,True,True,DONE,,,0,da3cf56f5cb211394224654b8fcc2b6789126ca739b2900c2a5525f3e10cafed,no_explicit_terminal_engine_result,17,EpisodeState.COMPLETED,1,5,55309979,win,True,32,0,True,win,/private/tmp/kaggle_eps/55565424/replays/episode-99673151-replay.json,1,3209de401210d0a13551670b8c1d3d9f476d839430c338c7ad5349021e3027a4,101,30,55565424,ended_before,,,,,,,,,,,,,,,,19,ended_before,,,,,,,,,,,,,,,,29,reached,9,True,False,1,1,23,17,0,6,11,38,6,5,55,True,
0,ok,True,99671904,True,True,DONE,,,1,9fe7f7a129f369741675c03e89e7eaac4c522a5662a70e9e8e51d3072c4d9f55,no_explicit_terminal_engine_result,21,EpisodeState.COMPLETED,1,7,55052005,win,True,39,1,True,win,/private/tmp/kaggle_eps/55565424/replays/episode-99671904-replay.json,1,d029a6cb633b047d3b773920ab82a160fe3799b6d8b6ae0877a653d497ad38b4,117,39,55565424,reached,19,True,False,1,1,9,2,4,3,8,7,6,10,107,True,,ended_before,,,,,,,,,,,,,,,,29,reached,9,True,False,1,1,27,20,3,4,8,21,6,5,67,True,
0,ok,True,99666446,False,False,DONE,,,0,f71b414e01e27ed89a0d2296f48111f1561d29f4d240ef6af3f247c7c4c230ef,no_explicit_terminal_engine_result,24,EpisodeState.COMPLETED,1,35,53805046,win,False,30,1,True,win,/private/tmp/kaggle_eps/55565424/replays/episode-99666446-replay.json,1,444d12c11d9921d6baad78a0472f57fb896abebccd6f3d654ad2801c81e535d5,99,29,55565424,reached,20,True,False,1,1,41,35,1,5,11,22,4,10,72,True,,ended_before,,,,,,,,,,,,,,,,30,reached,10,True,False,1,1,52,42,5,5,8,35,6,5,36,True,
0,ok,True,99656617,False,False,DONE,,,0,c4f3ed39e2de68020c3cf0381290186c38a294f1c9703dc6aee6f5e6a924b11f,no_explicit_terminal_engine_result,36,EpisodeState.COMPLETED,1,16,55558545,win,False,47,1,True,win,/private/tmp/kaggle_eps/55565424/replays/episode-99656617-replay.json,1,03087d980d4c2174e7fac4dfd9d28816f4da2d2c161d39038ca54d8df961eb46,151,25,55565424,reached,20,False,False,1,1,27,19,3,5,26,11,5,10,97,False,,reached,30,True,False,1,1,19,12,2,5,8,5,4,15,131,True,,reached,10,False,False,1,1,45,35,4,6,24,17,6,5,54,False,
0,ok,True,99644793,True,True,DONE,,,0,e5554bba488147d132d07c8f69eef91f44b8675eafd66a7c9a4e6d36244b6705,no_explicit_terminal_engine_result,23,EpisodeState.COMPLETED,1,8,54946981,win,True,43,0,True,win,/private/tmp/kaggle_eps/55565424/replays/episode-99644793-replay.json,1,dc07e931cb8618b09d73dc92ef3a62669b4361050e1c463e408fc69570fa2e56,169,42,55565424,reached,19,True,False,1,1,17,9,3,5,9,19,2,10,140,True,,ended_before,,,,,,,,,,,,,,,,29,reached,9,True,False,1,1,36,25,5,6,12,23,6,5,82,True,
0,ok,True,99638821,True,True,DONE,,,0,5540aea05fb24338dffe91b5498e901ae465c0155364344d373cf41edec3824b,no_explicit_terminal_engine_result,30,EpisodeState.COMPLETED,-1,12,55557427,loss,True,54,0,True,loss,/private/tmp/kaggle_eps/55565424/replays/episode-99638821-replay.json,-1,fbbc2bf34c7517a8ca3d19caa9026381592a59bed29e723b1ca08209ce7d203c,225,46,55565424,reached,19,False,False,1,1,30,16,8,6,17,21,3,10,129,False,,reached,29,True,False,1,1,12,3,7,2,7,16,1,15,204,True,,reached,9,True,False,1,1,39,30,3,6,8,32,4,5,73,True,
0,ok,True,99626969,True,True,DONE,,,0,2679b284dae3df697bb3048a549bd8cc5a6bff2f9c268a3d90d4f4d82375fe1c,no_explicit_terminal_engine_result,25,EpisodeState.COMPLETED,1,11,55466281,win,True,48,0,True,win,/private/tmp/kaggle_eps/55565424/replays/episode-99626969-replay.json,1,208db7fa09317ae19c510cf9771d83572fc317cf47dd3ca193617e64011ddd8a,151,41,55565424,reached,19,True,False,1,1,12,3,7,2,6,16,4,10,138,True,,ended_before,,,,,,,,,,,,,,,,29,reached,9,True,False,1,1,22,8,9,5,9,31,5,5,76,True,
0,ok,True,99615198,True,True,DONE,,,0,633ca1f0c16dbe74f4989f8e4758f9ee3c345f09fb9b17ade782b6e3bd7f3094,no_explicit_terminal_engine_result,30,EpisodeState.COMPLETED,1,9,53974575,win,False,55,1,True,win,/private/tmp/kaggle_eps/55565424/replays/episode-99615198-replay.json,1,c31ad80a3c1f1960a93395e43db52e5b6a084f4d8f467394654498da22747051,177,47,55565424,reached,20,True,False,1,1,21,9,7,5,10,29,3,10,108,True,,reached,30,False,False,1,1,9,0,5,4,15,10,3,15,168,False,,reached,10,True,False,1,1,44,37,1,6,10,34,6,5,49,True,
0,ok,True,99602907,False,False,DONE,,,0,9b96edf8462e8d49e4f6768256a026d9cca3fee1142d5d0f7b9bc04ddd2b3145,no_explicit_terminal_engine_result,16,EpisodeState.COMPLETED,-1,23,55415020,loss,True,34,0,True,loss,/private/tmp/kaggle_eps/55565424/replays/episode-99602907-replay.json,-1,0652f2ad3e3a64e87891b1cfe6d4512c126b4faeebac3f8f2a2ac2653b2145dd,136,33,55565424,ended_before,,,,,,,,,,,,,,,,19,ended_before,,,,,,,,,,,,,,,,29,reached,9,True,False,1,1,35,20,11,4,2,40,6,5,72,True,
0,ok,True,99601372,False,False,DONE,,,0,eaf8f26d8689856f6dd0939e5bab9d90607b86f43212b3668f53491587aaeaf2,no_explicit_terminal_engine_result,16,EpisodeState.COMPLETED,-1,15,55116918,loss,True,32,0,True,loss,/private/tmp/kaggle_eps/55565424/replays/episode-99601372-replay.json,-1,4d0777a5930e9cb6ffb0c995a33e4e2f35fc4aa4ed3b4f141b98af67fa39cc3c,128,32,55565424,ended_before,,,,,,,,,,,,,,,,19,ended_before,,,,,,,,,,,,,,,,29,reached,9,True,False,1,1,33,14,15,4,5,20,6,5,77,True,
0,ok,True,99591060,True,False,DONE,,,0,4cbaadc9f6174e223299c3a30aae3c5fa89185edb7e90863220a179e46cdfbe6,no_explicit_terminal_engine_result,24,EpisodeState.COMPLETED,1,9,54101464,win,False,42,1,True,win,/private/tmp/kaggle_eps/55565424/replays/episode-99591060-replay.json,1,9c2e11f409ae23f4f6f42d7a79cde6413ae4cfdcfec25aa39670c35c4206b52b,122,24,55565424,reached,20,False,False,1,1,22,7,9,6,17,14,6,10,109,False,,ended_before,,,,,,,,,,,,,,,,30,reached,10,False,False,1,1,30,18,6,6,16,20,6,5,83,False,
0,ok,True,99584171,True,True,DONE,,,0,686a71504551ad07657b788ffed1bcf18650abf97b52331b2b6d86379bb8c6cf,no_explicit_terminal_engine_result,25,EpisodeState.COMPLETED,-1,14,55563520,loss,False,36,1,True,loss,/private/tmp/kaggle_eps/55565424/replays/episode-99584171-replay.json,-1,2303d708f91bacba118af816171fcaf5de494cdaef5b9c473d766864fa360215,123,30,55565424,reached,20,True,False,1,1,19,13,4,2,7,13,6,10,101,True,,ended_before,,,,,,,,,,,,,,,,30,reached,10,True,False,1,1,39,26,8,5,7,31,6,5,53,True,
0,ok,True,99582381,False,False,DONE,,,0,6adc405039a1cd9bdae3772c1f89c6b794473509c79f0a897315a96d0847e41f,no_explicit_terminal_engine_result,18,EpisodeState.COMPLETED,-1,20,55544998,loss,True,35,0,True,loss,/private/tmp/kaggle_eps/55565424/replays/episode-99582381-replay.json,-1,f101196669f845b01ac2a1930e5809cf281e6ee1cc2b42336444d0cb172d4a6b,163,33,55565424,ended_before,,,,,,,,,,,,,,,,19,ended_before,,,,,,,,,,,,,,,,29,reached,9,True,False,1,1,29,18,5,6,6,34,6,5,76,True,
0,ok,True,99570576,True,True,DONE,,,0,8991bfc260f358bc6c9dd59067dd97782ea1f7d83aff55cf6c2c0db9c3e8ee9b,no_explicit_terminal_engine_result,24,EpisodeState.COMPLETED,1,6,54177367,win,False,48,1,True,win,/private/tmp/kaggle_eps/55565424/replays/episode-99570576-replay.json,1,eef95c9f82b853536ca22d3a108a19b167e3d4071438ee31085593a94289deae,151,39,55565424,reached,20,True,False,1,1,13,3,7,3,9,13,5,10,132,True,,ended_before,,,,,,,,,,,,,,,,30,reached,10,False,False,1,1,30,17,7,6,23,18,6,5,92,False,
0,ok,True,99568631,False,False,DONE,,,1,aac8d978b15d50ef7829bc0f903319a5b9385ac9f394d5e6222a46d69d59f0d2,no_explicit_terminal_engine_result,25,EpisodeState.COMPLETED,1,15,55348474,win,True,27,1,True,win,/private/tmp/kaggle_eps/55565424/replays/episode-99568631-replay.json,1,28cb3a4dc225b22a1460c6cf330214b605fc03c4c2c8c3f21d5e9c566438548e,136,26,55565424,reached,19,True,False,1,1,24,15,3,6,12,34,5,10,102,True,,ended_before,,,,,,,,,,,,,,,,29,reached,9,True,False,1,1,33,24,3,6,7,40,6,5,63,True,
0,ok,True,99556847,False,False,DONE,,,0,3dee8474a14bb9adcf88d3da92c3ad9457a5a82d0c04bd45dc7987dc70399945,no_explicit_terminal_engine_result,5,EpisodeState.COMPLETED,-1,46,55559465,loss,False,10,1,True,loss,/private/tmp/kaggle_eps/55565424/replays/episode-99556847-replay.json,-1,21c745aacadada2779043a398dabee3f77b16de9425ebaffb7ec1c594b9e6363,56,8,55565424,ended_before,,,,,,,,,,,,,,,,20,ended_before,,,,,,,,,,,,,,,,30,ended_before,,,,,,,,,,,,,,,,10
0,ok,True,99552517,True,True,DONE,,,0,d0ca2d2dd7430ef7e2e8103a3074103d8fdd3f1ec1b24aca9f3d5a0b24a51960,no_explicit_terminal_engine_result,25,EpisodeState.COMPLETED,1,9,55565157,win,True,38,0,True,win,/private/tmp/kaggle_eps/55565424/replays/episode-99552517-replay.json,1,a9f0121e7e909aef26fc5cb886eb56b5ed027543d99cf869fc3d1de2ae0e49ac,258,35,55565424,reached,19,True,False,1,1,12,5,4,3,8,23,2,10,223,True,,ended_before,,,,,,,,,,,,,,,,29,reached,9,True,False,1,1,31,20,5,6,9,32,4,5,89,True,
0,ok,True,99540701,False,False,DONE,,,0,65021a4b2c13f672cb52ffcf5cc511b2f68a41ea07eeb7fee63297eb5045a199,no_explicit_terminal_engine_result,23,EpisodeState.COMPLETED,1,15,55275264,win,True,40,0,True,win,/private/tmp/kaggle_eps/55565424/replays/episode-99540701-replay.json,1,e188efcbbe923bcb8a358d1896528c4ee9afd722614098e82f1b4e477e6d0792,109,32,55565424,reached,19,False,False,1,1,20,6,8,6,19,12,6,10,94,False,,ended_before,,,,,,,,,,,,,,,,29,reached,9,True,False,1,1,32,20,6,6,6,29,6,5,52,True,
0,ok,True,99528903,False,False,DONE,,,1,caea6f1eac562a19b1bb93a1e71af9f3cb3dd78273cb7a4cc3b518c6c2db41bb,no_explicit_terminal_engine_result,20,EpisodeState.COMPLETED,-1,32,54967747,loss,True,25,1,True,loss,/private/tmp/kaggle_eps/55565424/replays/episode-99528903-replay.json,-1,dc61f2038635bdadd512155a5323ba8497078bf0231e1d95e7474a91b095af4f,100,23,55565424,reached,19,False,False,1,1,32,25,4,3,13,26,3,10,87,False,,ended_before,,,,,,,,,,,,,,,,29,reached,9,True,False,1,1,37,32,1,4,3,38,6,5,62,True,
0,ok,True,99517058,False,False,DONE,,,0,8fcef8ec46cf98a14c1ad1136cb6e620f3af8da80ebc25f1c7cf0166f9034646,no_explicit_terminal_engine_result,16,EpisodeState.COMPLETED,-1,22,55545035,loss,True,27,0,True,loss,/private/tmp/kaggle_eps/55565424/replays/episode-99517058-replay.json,-1,a9945328f42ea8ea82e98090093b616c0c80964c2dca1f158a8caf032a9d9ff4,105,27,55565424,ended_before,,,,,,,,,,,,,,,,19,ended_before,,,,,,,,,,,,,,,,29,reached,9,True,False,1,1,32,21,7,4,4,31,6,5,65,True,
0,ok,True,99510666,False,False,DONE,,,0,d153c24ce63dbff68799682a1348bc7698dca0e7677488cfecc5a8497ea0a373,no_explicit_terminal_engine_result,21,EpisodeState.COMPLETED,-1,29,55551375,loss,False,39,1,True,loss,/private/tmp/kaggle_eps/55565424/replays/episode-99510666-replay.json,-1,b9e0a98ca414f7df6bd8a45a13ca86733b09e96aa53e7fe28bc7008b30496106,194,39,55565424,reached,20,True,False,1,1,29,10,18,1,4,17,4,10,184,True,,ended_before,,,,,,,,,,,,,,,,30,reached,10,True,False,1,1,31,15,11,5,8,40,4,5,94,True,
0,ok,True,99506488,True,True,DONE,,,0,5e778e24b1e51281940fc97db060e423f817629b1a001bf044144c1465dc7240,no_explicit_terminal_engine_result,31,EpisodeState.COMPLETED,1,9,55306574,win,True,36,0,True,win,/private/tmp/kaggle_eps/55565424/replays/episode-99506488-replay.json,1,f8b49269fdbb0ae3cbf7f8b8d7e5128db98aa4ad42755903c36753e2b2887c09,102,35,55565424,reached,19,True,False,1,1,21,14,1,6,8,27,6,10,74,True,,reached,29,False,False,1,1,14,3,5,6,13,22,6,15,94,False,,reached,9,True,False,1,1,34,26,2,6,6,34,6,5,46,True,
0,ok,True,99506795,True,True,DONE,,,0,628bb736e4bf2e906bb76430da4f5ab2a43147c651bfee6fff2fccd93c2f7e27,no_explicit_terminal_engine_result,32,EpisodeState.COMPLETED,-1,8,54293440,loss,True,48,0,True,loss,/private/tmp/kaggle_eps/55565424/replays/episode-99506795-replay.json,-1,571946ce5aafb69f75069ad3efc26b2d57a32fe2bb52b5e23ec87ef0cb393ee2,139,44,55565424,reached,19,False,False,1,1,21,11,6,4,13,19,5,10,93,False,,reached,29,True,False,1,1,10,3,5,2,4,13,5,15,127,True,,reached,9,True,False,1,1,32,23,4,5,5,36,6,5,64,True,
0,ok,True,99494660,True,True,DONE,,,0,947f685e3d7b19039adafc4ec179e9d9341219e79a712d4a06a4f1427cdfa1d9,no_explicit_terminal_engine_result,39,EpisodeState.COMPLETED,-1,11,55430418,loss,False,54,1,True,loss,/private/tmp/kaggle_eps/55565424/replays/episode-99494660-replay.json,-1,d89a50e97e7b16148e8c47f2c483f0d994a434ef5874a9a4ea7d3eced69aa0e8,146,51,55565424,reached,20,True,False,1,1,25,19,3,3,8,9,6,10,90,True,,reached,30,True,False,1,1,17,10,4,3,6,4,6,15,114,True,,reached,10,False,False,1,1,42,28,9,5,13,15,6,5,47,False,
0,ok,True,99494525,False,False,DONE,,,1,eb13f936961b2742276f95e058b8f18e00a989b5508afe7a58ab13ec84d57c18,no_explicit_terminal_engine_result,14,EpisodeState.COMPLETED,-1,22,55299879,loss,True,21,1,True,loss,/private/tmp/kaggle_eps/55565424/replays/episode-99494525-replay.json,-1,8b7347febe2449b82af321e2caf8f505dba0a13e0cb7320bf744002e4e242d74,106,21,55565424,ended_before,,,,,,,,,,,,,,,,19,ended_before,,,,,,,,,,,,,,,,29,reached,9,True,False,1,1,28,18,5,5,5,28,6,5,61,True,
0,ok,True,99482833,False,False,DONE,,,0,d6650d3ab0160fd0408d8729d6672327a6f86db313c1d176c4dc243bda7329de,no_explicit_terminal_engine_result,27,EpisodeState.COMPLETED,-1,23,55539824,loss,False,39,1,True,loss,/private/tmp/kaggle_eps/55565424/replays/episode-99482833-replay.json,-1,4663c72c6d274300d997368ca8e87202b6c3e6376f01a42b751f7a3c79cdfaf7,171,34,55565424,reached,20,True,False,1,1,30,23,4,3,7,20,5,10,134,True,,ended_before,,,,,,,,,,,,,,,,30,reached,10,False,False,1,1,43,35,4,4,14,34,6,5,68,False,
0,ok,True,99470608,False,False,DONE,,,0,806318ef5a9615df69c34d7e328db8ea0057f979b0511bb71215527a2d153d9b,no_explicit_terminal_engine_result,16,EpisodeState.COMPLETED,1,22,55540013,win,False,36,1,True,win,/private/tmp/kaggle_eps/55565424/replays/episode-99470608-replay.json,1,001b14b42c0324d1fda413b0c3fd7b28dc0b67c4f5dc922d8e896cbbf0bd2970,182,32,55565424,ended_before,,,,,,,,,,,,,,,,20,ended_before,,,,,,,,,,,,,,,,30,reached,10,True,False,1,1,29,20,4,5,6,30,4,5,112,True,
0,ok,True,99470580,False,False,DONE,,,0,f2afde75523afcf9ed10518ee3f744e36bf1ef550f009baeda551765cfe49043,no_explicit_terminal_engine_result,15,EpisodeState.COMPLETED,1,44,55297239,win,True,35,0,True,win,/private/tmp/kaggle_eps/55565424/replays/episode-99470580-replay.json,1,3a981d9caf0df8ea86e223b46dfd5eb9c6a7d536794cffe78610b0b876616176,98,18,55565424,ended_before,,,,,,,,,,,,,,,,19,ended_before,,,,,,,,,,,,,,,,29,reached,9,False,False,1,1,48,40,2,6,15,27,4,5,53,False,
0,ok,True,99458765,True,True,DONE,,,0,2f88930a0c6eb9e202b91823848207f0f7a1de7bfce73106e6f53cce6692df53,no_explicit_terminal_engine_result,27,EpisodeState.COMPLETED,1,10,55553806,win,True,36,0,True,win,/private/tmp/kaggle_eps/55565424/replays/episode-99458765-replay.json,1,a3741d2ee839ceb70aec7e6baf897a5e6f749dff71448ec5640a480897cbc27f,159,30,55565424,reached,19,True,False,1,1,36,21,9,6,7,35,6,10,82,True,,ended_before,,,,,,,,,,,,,,,,29,reached,9,True,False,1,1,45,37,2,6,5,40,6,5,43,True,
0,ok,True,99453150,True,True,DONE,,,0,93d223d1b5139151f7e536dfbcd0ccd1293fe4fe83ae377ad2cde84dac1c7fca,no_explicit_terminal_engine_result,14,EpisodeState.COMPLETED,-1,14,55544078,loss,True,29,0,True,loss,/private/tmp/kaggle_eps/55565424/replays/episode-99453150-replay.json,-1,7ee669639e489e2e7e0fb1ed50857f3c558f42482231f6fcb08d26a445e5876e,168,27,55565424,ended_before,,,,,,,,,,,,,,,,19,ended_before,,,,,,,,,,,,,,,,29,reached,9,True,False,1,1,25,10,9,6,6,33,5,5,100,True,
0,ok,True,99454599,False,False,DONE,,,0,869a3b4e442dd75d4843ae8217a65abe9da966fbf08cbcc84740530708974c62,no_explicit_terminal_engine_result,23,EpisodeState.COMPLETED,-1,27,55550250,loss,False,40,1,True,loss,/private/tmp/kaggle_eps/55565424/replays/episode-99454599-replay.json,-1,a799ac1d801d668b31e1bfc73d536ca29f2afbb8afd6fd4541486f73ff00f788,183,34,55565424,reached,20,True,False,1,1,28,15,10,3,6,16,5,10,146,True,,ended_before,,,,,,,,,,,,,,,,30,reached,10,True,False,1,1,46,38,2,6,7,26,6,5,51,True,
0,ok,True,99442716,False,False,DONE,,,0,4ecc37cbf2f2c349a99a51141bf9e2198f3439c7b3105c586e8633df7811195b,no_explicit_terminal_engine_result,2,EpisodeState.COMPLETED,-1,59,55132835,loss,True,4,0,True,loss,/private/tmp/kaggle_eps/55565424/replays/episode-99442716-replay.json,-1,aa4685affe7940c2d7d431733407df2b2b4aebb17475e02701dbcccad842be56,19,3,55565424,ended_before,,,,,,,,,,,,,,,,19,ended_before,,,,,,,,,,,,,,,,29,ended_before,,,,,,,,,,,,,,,,9
0,ok,True,99430906,False,False,DONE,,,0,161df04efcda7e022936879250cf5403ed3a5b9c4c7d0c8838ee53c0b49ea5a1,no_explicit_terminal_engine_result,16,EpisodeState.COMPLETED,-1,33,55545090,loss,True,28,0,True,loss,/private/tmp/kaggle_eps/55565424/replays/episode-99430906-replay.json,-1,e2f24dc6f6022c70e8f25e5aaf19045869bffa754e8995f312298523b1fb3ea0,104,28,55565424,ended_before,,,,,,,,,,,,,,,,19,ended_before,,,,,,,,,,,,,,,,29,reached,9,True,False,1,1,35,21,10,4,4,29,6,5,76,True,
0,ok,True,99425123,True,True,DONE,,,1,0db1ef011fd8f66d754b2688652e98b4536c9b7528dcb9e700ec443d4368c5f0,no_explicit_terminal_engine_result,19,EpisodeState.COMPLETED,1,11,55364171,win,True,34,1,True,win,/private/tmp/kaggle_eps/55565424/replays/episode-99425123-replay.json,1,7b2811833946f6c367d9300b38a4ed4d537ae15c96bb19fa20e94bc645b64270,94,25,55565424,reached,19,True,False,1,1,11,1,4,6,10,11,6,10,92,True,,ended_before,,,,,,,,,,,,,,,,29,reached,9,False,False,1,1,29,18,5,6,25,29,6,5,56,False,
0,ok,True,99423743,True,True,DONE,,,0,75535ff59d15ab45223a266029de1421fa1b1a88fe426e16ded6f397eae288f2,no_explicit_terminal_engine_result,43,EpisodeState.COMPLETED,1,8,55563271,win,True,60,0,True,win,/private/tmp/kaggle_eps/55565424/replays/episode-99423743-replay.json,1,c461a22a738ae036e7adb7c1223a76ca6f839c50ef156e7b8561c931e963c4bb,249,55,55565424,reached,19,True,False,1,1,34,15,16,3,12,14,3,10,128,True,,reached,29,True,False,1,1,14,7,4,3,6,9,1,15,172,True,,reached,9,True,False,1,1,37,22,11,4,12,31,5,5,80,True,
0,ok,True,99411429,False,False,DONE,,,0,c163305ec7903cceb823b427cae432e74b37393fa1f25e64ace2f48190941924,no_explicit_terminal_engine_result,29,EpisodeState.COMPLETED,-1,33,55539497,loss,False,37,1,True,loss,/private/tmp/kaggle_eps/55565424/replays/episode-99411429-replay.json,-1,ba1b9e241fc637abd8300f845efc1e2d04e2bc8dc43ec72d1ba19961eda0ca99,91,30,55565424,reached,20,True,False,1,1,33,23,4,6,11,8,6,10,68,True,,ended_before,,,,,,,,,,,,,,,,30,reached,10,True,False,1,1,38,28,4,6,8,26,6,5,47,True,
0,ok,True,99399649,True,True,DONE,,,0,a07f9db7429b9be5b93889261d7cc77d5277c8a2f13a5f07d3219a364860a455,no_explicit_terminal_engine_result,26,EpisodeState.COMPLETED,1,5,55563752,win,False,57,1,True,win,/private/tmp/kaggle_eps/55565424/replays/episode-99399649-replay.json,1,c35dd47a62df48f85696270e9eb2245b63840082630af14d27d2ea28762cf487,272,53,55565424,reached,20,True,False,1,1,11,3,5,3,9,11,4,10,207,True,,ended_before,,,,,,,,,,,,,,,,30,reached,10,True,False,1,1,31,20,5,6,7,34,4,5,95,True,
0,ok,True,99397499,True,True,DONE,,,0,c7bc6a068b21f3037ec49b6c52ae9bb8912cd279280aa9f3d4030760c3978fe5,no_explicit_terminal_engine_result,25,EpisodeState.COMPLETED,-1,11,55310092,loss,False,41,1,True,loss,/private/tmp/kaggle_eps/55565424/replays/episode-99397499-replay.json,-1,99794fc362ca658f838e1eb5b935dbbf8f8f1f7c4749c795b98ae470a711c16d,154,40,55565424,reached,20,True,False,1,1,23,10,11,2,3,22,6,10,133,True,,ended_before,,,,,,,,,,,,,,,,30,reached,10,True,False,1,1,30,19,7,4,6,42,6,5,67,True,
0,ok,True,99385726,True,True,DONE,,,1,705301a00772471edb0aebd1566b6f9c988fe7012e36ac0a0293aa6ae288b44a,no_explicit_terminal_engine_result,15,EpisodeState.COMPLETED,1,12,55437703,win,True,26,1,True,win,/private/tmp/kaggle_eps/55565424/replays/episode-99385726-replay.json,1,11408c1f4ba67d792d5b47d7b185ca31b3f2cbd1830dc27d63295fc9de308a24,79,22,55565424,ended_before,,,,,,,,,,,,,,,,19,ended_before,,,,,,,,,,,,,,,,29,reached,9,True,False,1,1,19,7,6,6,11,30,6,5,64,True,
0,ok,True,99373757,True,True,DONE,,,1,784aa7264177ab39ef732b8379439240f1406848232ace4a24e7a466a768692b,no_explicit_terminal_engine_result,17,EpisodeState.COMPLETED,1,4,55508763,win,True,38,1,True,win,/private/tmp/kaggle_eps/55565424/replays/episode-99373757-replay.json,1,205b7aab413d8a0be09acdf5ff0c96fb372de27ba28de1c75f25dabc96e003d2,132,38,55565424,ended_before,,,,,,,,,,,,,,,,19,ended_before,,,,,,,,,,,,,,,,29,reached,9,True,False,1,1,22,6,13,3,6,28,6,5,92,True,
0,ok,True,99373936,False,False,DONE,,,0,16e6fcaec9d957cfa8973fc4253f0260469f92ce21b1d2682c3b98518af517a1,no_explicit_terminal_engine_result,24,EpisodeState.COMPLETED,-1,28,55553611,loss,True,31,0,True,loss,/private/tmp/kaggle_eps/55565424/replays/episode-99373936-replay.json,-1,c0512caa390cb767fada6ce8183f8e19438389b820044c0e17a15633c57ab879,124,30,55565424,reached,19,True,False,1,1,28,15,10,3,3,33,6,10,98,True,,ended_before,,,,,,,,,,,,,,,,29,reached,9,True,False,1,1,36,26,6,4,4,39,6,5,63,True,
0,ok,True,99362100,True,True,DONE,,,1,d3af6344a6c532a5616ed38445812578559f292acec4d80fbb9a8e222503ca9c,no_explicit_terminal_engine_result,25,EpisodeState.COMPLETED,1,13,55109562,win,True,39,1,True,win,/private/tmp/kaggle_eps/55565424/replays/episode-99362100-replay.json,1,b6fd8df823183e1c4416e2b09379483dedc2e996f3b57827c8c2b0e28f876b5b,116,33,55565424,reached,19,True,False,1,1,16,6,4,6,11,20,6,10,93,True,,ended_before,,,,,,,,,,,,,,,,29,reached,9,True,False,1,1,44,36,2,6,11,32,6,5,41,True,
0,ok,True,99356738,False,False,DONE,,,0,a17ef02ede5c724b64392d85814f48a2bf0b445f974165fa5b41e93732ab5554,no_explicit_terminal_engine_result,17,EpisodeState.COMPLETED,1,23,55518729,win,True,33,0,True,win,/private/tmp/kaggle_eps/55565424/replays/episode-99356738-replay.json,1,2510a6d07c5007c2747579a3225e9aa8d7e39d239075ab58cf2962c0dfde5ab1,168,27,55565424,ended_before,,,,,,,,,,,,,,,,19,ended_before,,,,,,,,,,,,,,,,29,reached,9,True,False,1,1,33,26,1,6,10,32,5,5,88,True,
0,ok,True,99355778,False,False,DONE,,,0,f9af201f6d643df308a67b00b5f052ba38d7617ecbefb0e26a10f61038b5bb67,no_explicit_terminal_engine_result,48,EpisodeState.COMPLETED,1,31,55263466,win,False,58,1,True,win,/private/tmp/kaggle_eps/55565424/replays/episode-99355778-replay.json,1,f16c82253847227ed410bbf96bca34153626f5f3bc2601f7be149873da9f7e07,118,41,55565424,reached,20,True,False,1,1,46,31,9,6,8,15,6,10,74,True,,reached,30,False,False,1,1,41,21,14,6,15,10,6,15,86,False,,reached,10,True,False,1,1,50,39,5,6,11,21,6,5,53,True,
0,ok,True,99343945,False,False,DONE,,,0,d199fe2d5dbe1715a74433f9ca0f60ce8699640b4367100dbd326d213085e4af,no_explicit_terminal_engine_result,16,EpisodeState.COMPLETED,1,16,55556830,win,False,38,1,True,win,/private/tmp/kaggle_eps/55565424/replays/episode-99343945-replay.json,1,55d41fd7031f5a29f5d1e2a5aefcb6797b3cf961b5e81dd8b0d50bbc70877b7a,155,33,55565424,ended_before,,,,,,,,,,,,,,,,20,ended_before,,,,,,,,,,,,,,,,30,reached,10,True,False,1,1,30,14,12,4,9,21,6,5,88,True,
0,ok,True,99331587,False,False,DONE,,,0,dc7e10b43028ad3d13c8741c5e5a81269746d7ab4bfb00a64887e1e78a36fd48,no_explicit_terminal_engine_result,21,EpisodeState.COMPLETED,1,17,55553426,win,True,34,0,True,win,/private/tmp/kaggle_eps/55565424/replays/episode-99331587-replay.json,1,8b781ac633c46f8741e1a818fe7760891e4490c79f36c86cac55dda1d972b761,137,29,55565424,reached,19,True,False,1,1,17,1,15,1,3,27,6,10,129,True,,ended_before,,,,,,,,,,,,,,,,29,reached,9,True,False,1,1,26,9,14,3,3,32,6,5,94,True,
0,ok,True,99319729,True,True,DONE,,,0,5a959d3619c8133906279760b2716b159d5c908531bf827861d92ff7b1d748a2,no_explicit_terminal_engine_result,35,EpisodeState.COMPLETED,1,11,54290964,win,True,50,0,True,win,/private/tmp/kaggle_eps/55565424/replays/episode-99319729-replay.json,1,9d14e0dbf76bb1401c80e8d451c23c9f0b6edb4866d8e118ca0739d938d2ec3a,225,44,55565424,reached,19,True,False,1,1,30,20,5,5,11,23,3,10,123,True,,reached,29,True,False,1,1,20,8,10,2,7,18,3,15,184,True,,reached,9,False,False,1,1,42,33,3,6,14,29,6,5,61,False,
0,ok,True,99307899,False,False,DONE,,,0,07e3141b43ad36242ebd56da43ba3503de70833e15554dbba231065bd90a7f39,no_explicit_terminal_engine_result,21,EpisodeState.COMPLETED,1,18,55553490,win,True,33,0,True,win,/private/tmp/kaggle_eps/55565424/replays/episode-99307899-replay.json,1,c960c5cf9088362ace7663a3da11c3ea63116e2404a4c7b8ea753537b1212feb,160,28,55565424,reached,19,False,False,1,1,24,11,8,5,16,29,3,10,132,False,,ended_before,,,,,,,,,,,,,,,,29,reached,9,True,False,1,1,42,36,0,6,12,34,6,5,55,True,
0,ok,True,99296084,True,True,DONE,,,0,1710c093ae70fe5467c43b37157b29686ec6365066c1b26644c1aaa2f55ee1f8,no_explicit_terminal_engine_result,21,EpisodeState.COMPLETED,1,8,54485011,win,True,39,0,True,win,/private/tmp/kaggle_eps/55565424/replays/episode-99296084-replay.json,1,f48b9c5750803b8f6cb992c2da817b47176bbe408e0c379eea0b368ea705055c,150,37,55565424,reached,19,True,False,1,1,10,1,5,4,10,16,6,10,137,True,,ended_before,,,,,,,,,,,,,,,,29,reached,9,True,False,1,1,37,29,3,5,11,35,6,5,56,True,
0,ok,True,99284226,False,False,DONE,,,0,739a089ac291e63778652493eed642cc22ee43d4f9def3a5b90e9844574fe8f4,no_explicit_terminal_engine_result,11,EpisodeState.COMPLETED,-1,15,55323172,loss,False,17,1,True,loss,/private/tmp/kaggle_eps/55565424/replays/episode-99284226-replay.json,-1,ee87178fb52852457a1072eec130603497d94596b4c23b4568b1c249b9fefe76,90,14,55565424,ended_before,,,,,,,,,,,,,,,,20,ended_before,,,,,,,,,,,,,,,,30,reached,10,True,False,1,1,15,6,6,3,2,34,6,5,84,True,
0,ok,True,99271171,True,True,DONE,,,0,ff2129c7462e94ac9fda97132f61e1b5ced171d87a807cafcf5564c2d13213d4,no_explicit_terminal_engine_result,23,EpisodeState.COMPLETED,-1,10,55538787,loss,False,31,1,True,loss,/private/tmp/kaggle_eps/55565424/replays/episode-99271171-replay.json,-1,d3fca2c3f0b443c0ab5ea798f379f065cf8c48cc7f70249daa6b8190d2d8c441,181,30,55565424,reached,20,True,False,1,1,16,7,5,4,3,24,5,10,151,True,,ended_before,,,,,,,,,,,,,,,,30,reached,10,True,False,1,1,34,24,4,6,4,33,5,5,75,True,
0,ok,True,99271858,False,False,DONE,,,0,7e527289ee579aa5cd4d4486fe87fe472ca837554d4d9603e805fcb4da516c3c,no_explicit_terminal_engine_result,27,EpisodeState.COMPLETED,1,35,55403667,win,True,19,0,True,win,/private/tmp/kaggle_eps/55565424/replays/episode-99271858-replay.json,1,799f1b47118a6b4f775865e18424901fcf70c55e583442bac9eb1582337de748,80,16,55565424,reached,19,True,False,1,1,41,31,4,6,10,33,3,10,60,True,,ended_before,,,,,,,,,,,,,,,,29,reached,9,True,False,1,1,49,39,4,6,6,40,5,5,33,True,
0,ok,True,99260012,False,False,DONE,,,0,191a690c45358e3bfd528a82a3674ecc143fdb2ae43ec4eea2d00ee6fa47dda0,no_explicit_terminal_engine_result,28,EpisodeState.COMPLETED,-1,15,54764690,loss,True,47,0,True,loss,/private/tmp/kaggle_eps/55565424/replays/episode-99260012-replay.json,-1,7f263c66db417269c4790f46de614242bb3cc15919cc5c34891c9d2f4ad8299e,126,40,55565424,reached,19,True,False,1,1,29,19,8,2,7,16,6,10,90,True,,ended_before,,,,,,,,,,,,,,,,29,reached,9,True,False,1,1,43,33,6,4,7,33,6,5,52,True,
0,ok,True,99248256,False,False,DONE,,,0,ea045644f0d52477a718a414d4880ce6cb59c626866d965d2e84776db785cdb0,no_explicit_terminal_engine_result,15,EpisodeState.COMPLETED,-1,36,55565414,loss,False,34,1,True,loss,/private/tmp/kaggle_eps/55565424/replays/episode-99248256-replay.json,-1,00d77f0ed3dff4dc607d5826454dccd4874c7700d42b9dda68660ccdc0fbf3f4,99,29,55565424,ended_before,,,,,,,,,,,,,,,,20,ended_before,,,,,,,,,,,,,,,,30,reached,10,False,False,1,1,36,26,7,3,15,24,5,5,76,False,
0,ok,True,99243475,True,True,DONE,,,0,da8c0d3989168fbabd6e6824ba80d1b713fc409a0e75012efa043aaa93402976,no_explicit_terminal_engine_result,24,EpisodeState.COMPLETED,1,6,55519417,win,False,46,1,True,win,/private/tmp/kaggle_eps/55565424/replays/episode-99243475-replay.json,1,107cec24fc8c60b89f634d891e9a98052eaff0fd1db464b43514ed497ed65db2,142,40,55565424,reached,20,False,False,1,1,20,5,13,2,14,13,6,10,125,False,,ended_before,,,,,,,,,,,,,,,,30,reached,10,True,False,1,1,38,18,16,4,5,34,6,5,74,True,
0,ok,True,99235713,False,False,DONE,,,0,3f43f3ab3a8a61c1709f580b0b8ff7f1146cf8b7277ad2d3242ac6401b0eca2d,no_explicit_terminal_engine_result,25,EpisodeState.COMPLETED,1,15,55513432,win,True,47,0,True,win,/private/tmp/kaggle_eps/55565424/replays/episode-99235713-replay.json,1,b4413569c36858ec2be76f45f83a9c753ebcb61f26a1243376057565b5a4a856,146,45,55565424,reached,19,True,False,1,1,16,3,9,4,5,12,6,10,129,True,,ended_before,,,,,,,,,,,,,,,,29,reached,9,True,False,1,1,23,13,5,5,4,27,6,5,88,True,
0,ok,True,99223894,True,True,DONE,,,0,49b8be267111a95cb6921742de71248c6217e06c65d8589f654185e4412d6710,no_explicit_terminal_engine_result,40,EpisodeState.COMPLETED,1,12,55559177,win,False,51,1,True,win,/private/tmp/kaggle_eps/55565424/replays/episode-99223894-replay.json,1,40d3e8f6c751ecfc3f8d2d37324eacef7e98b37631a9767e4c7718d218574615,164,51,55565424,reached,20,True,False,1,1,17,9,4,4,6,24,6,10,109,True,,reached,30,True,False,1,1,14,4,6,4,5,8,6,15,141,True,,reached,10,True,False,1,1,32,22,4,6,6,36,6,5,59,True,
0,ok,True,99213951,False,False,DONE,,,0,58da967eb015b7db836bc0434a7988da531c611447bb0b4b5e32d2f23c1ac255,no_explicit_terminal_engine_result,14,EpisodeState.COMPLETED,-1,25,55538787,loss,True,24,0,True,loss,/private/tmp/kaggle_eps/55565424/replays/episode-99213951-replay.json,-1,2509d90feb53d6b6911c6b43d5972a3504bf16bccf671d87f0ea19286f9a19b7,141,21,55565424,ended_before,,,,,,,,,,,,,,,,19,ended_before,,,,,,,,,,,,,,,,29,reached,9,True,False,1,1,38,27,7,4,7,28,6,5,71,True,
0,ok,True,99214849,False,False,DONE,,,0,cee94c00ded5fcfcc52269c7b6956e5b2127af520729d1414adad2187ef65da6,no_explicit_terminal_engine_result,29,EpisodeState.COMPLETED,1,16,55259090,win,True,38,0,True,win,/private/tmp/kaggle_eps/55565424/replays/episode-99214849-replay.json,1,b9c30110431da852a77b3d6cb5b5ddc84024476ab39a0c52fc561addab25091d,105,35,55565424,reached,19,True,False,1,1,20,5,11,4,5,24,5,10,82,True,,reached,29,True,False,1,1,16,4,8,4,7,19,5,15,101,True,,reached,9,True,False,1,1,31,18,8,5,7,35,5,5,49,True,
0,ok,True,99210587,True,True,DONE,,,1,cd3aa82e30f86bc35b31efdf121abdd25b951a461cfe3a4abc3f327fccdb40d2,no_explicit_terminal_engine_result,33,EpisodeState.COMPLETED,1,13,55313186,win,True,45,1,True,win,/private/tmp/kaggle_eps/55565424/replays/episode-99210587-replay.json,1,7877038717297130f816bb85a0d361533e178c8ae2a97b7ef4f65a98469ae512,117,43,55565424,reached,19,True,False,1,1,38,27,6,5,7,23,6,10,77,True,,reached,29,True,False,1,1,22,8,10,4,10,18,6,15,102,True,,reached,9,True,False,1,1,48,37,6,5,5,39,6,5,41,True,
0,ok,True,99207750,False,False,DONE,,,0,47348dfff34639a2ceee77e07fce144f47c1f36448853a58fa51a9cd24970d46,no_explicit_terminal_engine_result,15,EpisodeState.COMPLETED,1,22,55564802,win,True,34,0,True,win,/private/tmp/kaggle_eps/55565424/replays/episode-99207750-replay.json,1,467cc732bf5ae693fb1774ea30fd47e125cf956c8ff5ed65e78e2912da52d98b,151,29,55565424,ended_before,,,,,,,,,,,,,,,,19,ended_before,,,,,,,,,,,,,,,,29,reached,9,True,False,1,1,36,27,4,5,5,22,4,5,88,True,
0,ok,True,99195922,False,False,DONE,,,1,dbb271372a977bb078094df5b6d2f8c1d3d025b7de769f2becc3c6de5ff1089d,no_explicit_terminal_engine_result,2,EpisodeState.COMPLETED,-1,59,55313598,loss,True,2,1,True,loss,/private/tmp/kaggle_eps/55565424/replays/episode-99195922-replay.json,-1,c4a40f121b2771093a4741676c9b8e42e3ec0bd7b003ab315c917b97d0820c61,23,2,55565424,ended_before,,,,,,,,,,,,,,,,19,ended_before,,,,,,,,,,,,,,,,29,ended_before,,,,,,,,,,,,,,,,9
0,ok,True,99184061,False,False,DONE,,,0,7a6a1a228a63f12af6f87c306251a885ae00022aa6ea5fc1453d35619c2a2f39,no_explicit_terminal_engine_result,16,EpisodeState.COMPLETED,-1,26,55533758,loss,True,29,0,True,loss,/private/tmp/kaggle_eps/55565424/replays/episode-99184061-replay.json,-1,e86873a609accad80fa342b263733435c3a5dd2c75f30e618300f7fb55d464fc,120,27,55565424,ended_before,,,,,,,,,,,,,,,,19,ended_before,,,,,,,,,,,,,,,,29,reached,9,True,False,1,1,33,13,16,4,5,37,6,5,75,True,
0,ok,True,99171735,False,False,DONE,,,0,8b04e4ae50f40299ce54e7988a5a878f3844079676e1bdf6d9d0b8bf0f939392,no_explicit_terminal_engine_result,16,EpisodeState.COMPLETED,1,23,55399279,win,False,31,1,True,win,/private/tmp/kaggle_eps/55565424/replays/episode-99171735-replay.json,1,7c7d52f72ca25db01687ae52bc0bd1e41281c1322614495dca2b43acf5433f84,140,24,55565424,ended_before,,,,,,,,,,,,,,,,20,ended_before,,,,,,,,,,,,,,,,30,reached,10,False,False,1,1,42,32,4,6,18,31,4,5,74,False,
0,ok,True,99159906,False,False,DONE,,,0,a414f6661e634501630b838d920851b120527e049abc68c7774324a3d164b3a0,no_explicit_terminal_engine_result,14,EpisodeState.COMPLETED,1,16,53911436,win,False,33,1,True,win,/private/tmp/kaggle_eps/55565424/replays/episode-99159906-replay.json,1,68d5ce1d37e46e0253ba9ec8a8a6b8286abba5e3a139f91cca8af29574440f80,117,26,55565424,ended_before,,,,,,,,,,,,,,,,20,ended_before,,,,,,,,,,,,,,,,30,reached,10,False,False,1,1,27,16,7,4,20,27,6,5,93,False,
0,ok,True,99156383,False,False,DONE,,,0,d4f70ac1b876aa46ff4404fbea79cf76ab8fa92f55b0d1b686152306b5b4a406,no_explicit_terminal_engine_result,35,EpisodeState.COMPLETED,1,24,55282866,win,True,38,0,True,win,/private/tmp/kaggle_eps/55565424/replays/episode-99156383-replay.json,1,ac49bbc831262c1626b8752cfe44e7939593e42443a392df2a63443141a8a9b5,112,17,55565424,reached,19,False,False,1,1,36,28,2,6,14,28,6,10,64,False,,reached,29,False,False,1,1,28,20,2,6,20,23,5,15,90,False,,reached,9,False,False,1,1,46,38,2,6,15,35,6,5,41,False,
0,ok,True,99147593,False,False,DONE,,,0,4a7bd32a9c7ad4c9d1154bc032d143682075905ceffe355c1e34a1ee33bfedf5,no_explicit_terminal_engine_result,24,EpisodeState.COMPLETED,-1,38,55308948,loss,True,41,0,True,loss,/private/tmp/kaggle_eps/55565424/replays/episode-99147593-replay.json,-1,c5a8284082aac508e25d67b95cad167f35cfc405a6b2f0845186ebca66a39c35,102,40,55565424,reached,19,True,False,1,1,38,27,9,2,6,17,6,10,76,True,,ended_before,,,,,,,,,,,,,,,,29,reached,9,True,False,1,1,49,38,6,5,9,29,6,5,42,True,
0,ok,True,99135245,False,False,DONE,,,0,be92d5b10fffd435cafd98324fec791475d5d777443dfa08445ca6c0c6066006,no_explicit_terminal_engine_result,18,EpisodeState.COMPLETED,-1,23,55514736,loss,True,36,0,True,loss,/private/tmp/kaggle_eps/55565424/replays/episode-99135245-replay.json,-1,d7773a78ab43f4eaac449752621c0a4fc0a527d53286d157b262c83f07ce7431,134,32,55565424,ended_before,,,,,,,,,,,,,,,,19,ended_before,,,,,,,,,,,,,,,,29,reached,9,False,False,1,1,37,24,8,5,13,27,6,5,69,False,
0,ok,True,99123405,True,True,DONE,,,0,722874842d8d7ee683b52b35296e9de12ddfd5fe1beee64e4fc12caf92e4557e,no_explicit_terminal_engine_result,20,EpisodeState.COMPLETED,1,14,53908975,win,False,33,1,True,win,/private/tmp/kaggle_eps/55565424/replays/episode-99123405-replay.json,1,cff0e64f2a36411560930da05faac555e976c3b7a1235906384fbd553eb3caa5,138,26,55565424,reached,20,True,False,1,1,14,0,11,3,3,17,6,10,134,True,,ended_before,,,,,,,,,,,,,,,,30,reached,10,True,False,1,1,28,19,5,4,7,23,6,5,92,True,
0,ok,True,99111586,False,False,DONE,,,0,09caf9a7728f494e51033a942c250fd5078be54e9607e7ec38134e6dea33c7ec,no_explicit_terminal_engine_result,28,EpisodeState.COMPLETED,1,22,54346228,win,False,51,1,True,win,/private/tmp/kaggle_eps/55565424/replays/episode-99111586-replay.json,1,763aff59aa5734d3e614395dd252716c388c3986921479a2dee4852f79f4f2b5,142,47,55565424,reached,20,True,False,1,1,23,4,14,5,10,7,6,10,128,True,,ended_before,,,,,,,,,,,,,,,,30,reached,10,True,False,1,1,35,20,10,5,10,23,6,5,77,True,
0,ok,True,99109562,False,False,DONE,,,0,bfa2606ea9c4c49fe0f40b90640b3519a98bf0dd4f55676813d19b6ad122c7ac,no_explicit_terminal_engine_result,25,EpisodeState.COMPLETED,1,17,55461803,win,True,50,0,True,win,/private/tmp/kaggle_eps/55565424/replays/episode-99109562-replay.json,1,de6baf7ce69bcfa069c43fe41bb17e6ca8595278e9fcb68cba19b84b65c5f864,226,26,55565424,reached,19,False,False,1,1,23,16,4,3,13,23,3,10,161,False,,ended_before,,,,,,,,,,,,,,,,29,reached,9,False,False,1,1,39,32,1,6,16,35,4,5,69,False,
0,ok,True,99097604,True,True,DONE,,,1,87ff014517fcc42a338021281d225a0a7f235d4e9fe04ca51e3668ab6a8f3fc2,no_explicit_terminal_engine_result,23,EpisodeState.COMPLETED,1,6,55514946,win,True,46,1,True,win,/private/tmp/kaggle_eps/55565424/replays/episode-99097604-replay.json,1,59deb84cdc9f1064e7ec31f61279a7d7f24c74cfd422b1ea161663fb62744923,129,45,55565424,reached,19,True,False,1,1,11,3,7,1,3,11,6,10,114,True,,ended_before,,,,,,,,,,,,,,,,29,reached,9,True,False,1,1,35,28,3,4,11,17,6,5,71,True,
0,ok,True,99097602,True,True,DONE,,,0,f50fab17a1302595ffe368458b0e3ac4095c6dd52a23e8335488372ea0a642e1,no_explicit_terminal_engine_result,19,EpisodeState.COMPLETED,1,9,54113378,win,True,29,0,True,win,/private/tmp/kaggle_eps/55565424/replays/episode-99097602-replay.json,1,c3c5cf8e67a7a59bffeda4c3d753cacdacfc48b2344b3e51ba84eda69d25fed3,162,26,55565424,reached,19,True,False,1,1,9,0,7,2,4,27,6,10,159,True,,ended_before,,,,,,,,,,,,,,,,29,reached,9,True,False,1,1,26,17,5,4,4,35,6,5,78,True,
0,ok,True,99085808,False,False,DONE,,,0,de9b30910c67bd649fc8b1eefb4657eef53d59fe4168da7102a3973475f029c0,no_explicit_terminal_engine_result,34,EpisodeState.COMPLETED,-1,15,55466373,loss,True,59,0,True,loss,/private/tmp/kaggle_eps/55565424/replays/episode-99085808-replay.json,-1,fa7cc93c9cfd6961839d030a5876150630358f30ddf71343b2cd25b820c68ea9,231,52,55565424,reached,19,False,False,1,1,32,17,11,4,13,27,6,10,104,False,,reached,29,True,False,1,1,20,11,5,4,7,8,6,15,172,True,,reached,9,True,False,1,1,38,28,4,6,12,32,6,5,63,True,
0,ok,True,99078913,True,True,DONE,,,0,3a1282ce0ff01c26440ca3221d5af523338c9740113cd713e9b39aa65dbd7e0f,no_explicit_terminal_engine_result,21,EpisodeState.COMPLETED,1,7,55565000,win,True,40,0,True,win,/private/tmp/kaggle_eps/55565424/replays/episode-99078913-replay.json,1,6905a923d2664e9b3e2c700613f8a967c0b2d1d6c1490c586529aeaeabd94581,131,33,55565424,reached,19,True,False,1,1,8,1,3,4,3,19,5,10,118,True,,ended_before,,,,,,,,,,,,,,,,29,reached,9,True,False,1,1,22,11,6,5,5,32,5,5,71,True,
0,ok,True,99066608,True,True,DONE,,,0,d47a6d77b1e506f81da103e3fa88a3befa56f174380314e44d7ffe6698ffc8fe,no_explicit_terminal_engine_result,20,EpisodeState.COMPLETED,1,7,55453193,win,False,40,1,True,win,/private/tmp/kaggle_eps/55565424/replays/episode-99066608-replay.json,1,8e4612c5fca30f61aad972db634a692f59fe2397b6f9eb29260b589a7319a134,142,37,55565424,reached,20,True,False,1,1,7,0,5,2,8,17,6,10,137,True,,ended_before,,,,,,,,,,,,,,,,30,reached,10,True,False,1,1,12,5,4,3,6,31,6,5,103,True,
0,ok,True,99054771,False,False,DONE,,,0,dc4ed2fd1e77ac0d6effb8ba1b33a9d9f8158fb8573b481a83a9f4a4bf887b22,no_explicit_terminal_engine_result,15,EpisodeState.COMPLETED,-1,27,54123067,loss,False,30,1,True,loss,/private/tmp/kaggle_eps/55565424/replays/episode-99054771-replay.json,-1,15ed654093316a435857b5dbfdd6ec24d1885d1accb48e9f5dde27d817bbf15d,116,30,55565424,ended_before,,,,,,,,,,,,,,,,20,ended_before,,,,,,,,,,,,,,,,30,reached,10,True,False,1,1,31,23,5,3,5,31,6,5,80,True,
0,ok,True,99043012,False,False,DONE,,,0,6a738af013dfc659f028e4e70a8e5a9b4aa2d4f0de94232b55d06a1d2a56f4a6,no_explicit_terminal_engine_result,56,EpisodeState.COMPLETED,-1,18,55289616,loss,True,62,0,True,loss,/private/tmp/kaggle_eps/55565424/replays/episode-99043012-replay.json,-1,4a25f94d29cdf2707defc1de215c0190718fbc41ef172a19a061a0cd510eb0bb,155,58,55565424,reached,19,True,False,1,1,35,23,8,4,4,27,6,10,73,True,,reached,29,True,False,1,1,22,15,4,3,4,13,6,15,113,True,,reached,9,True,False,1,1,46,33,7,6,2,33,6,5,45,True,
0,ok,True,99037172,False,False,DONE,,,1,0679aa6be6a621f2b61bd9e7e0d302b5cb1cdb929f495c9a253736342c87689e,no_explicit_terminal_engine_result,20,EpisodeState.COMPLETED,-1,20,54379165,loss,True,37,1,True,loss,/private/tmp/kaggle_eps/55565424/replays/episode-99037172-replay.json,-1,d0ec9a5bd8a2384bbb3c99012f5ad145abfcdd4b8e1e39edb12368e2e868a963,148,34,55565424,reached,19,True,False,1,1,20,12,7,1,4,14,6,10,141,True,,ended_before,,,,,,,,,,,,,,,,29,reached,9,False,False,1,1,38,29,4,5,13,27,6,5,73,False,
0,ok,True,99035925,True,True,DONE,,,0,e7035f43473c2a614a0f877c98a4a4b2176bd4408418c9cdba4f9cdd2299c27b,no_explicit_terminal_engine_result,19,EpisodeState.COMPLETED,1,12,55487205,win,True,38,0,True,win,/private/tmp/kaggle_eps/55565424/replays/episode-99035925-replay.json,1,efe9a5d5220b88e0a41f705e88c1f969f0bdbf272fdc3a45f02d724c5afb9868,106,36,55565424,reached,19,True,False,1,1,12,4,4,4,7,11,6,10,101,True,,ended_before,,,,,,,,,,,,,,,,29,reached,9,True,False,1,1,27,19,2,6,7,27,6,5,63,True,
0,ok,True,99033853,True,True,DONE,,,0,6e9e5eb48ea7c27ccc778ffcc0ba78e8286462d2694967e7ff1c215de56ac203,no_explicit_terminal_engine_result,24,EpisodeState.COMPLETED,1,8,55051223,win,False,36,1,True,win,/private/tmp/kaggle_eps/55565424/replays/episode-99033853-replay.json,1,d9f4d87c3bf78b2bc6eab2df7054d8f39cce0c3610e562428a6617fdc34337d2,134,33,55565424,reached,20,True,False,1,1,8,2,3,3,8,23,5,10,124,True,,ended_before,,,,,,,,,,,,,,,,30,reached,10,True,False,1,1,20,9,8,3,5,34,5,5,90,True,
0,ok,True,99019696,True,True,DONE,,,0,63debea149156f5d88725bf38c79e6c90a7ff5c6078605cdfedc9cc3228db84d,no_explicit_terminal_engine_result,40,EpisodeState.COMPLETED,-1,14,54993842,loss,True,61,0,True,loss,/private/tmp/kaggle_eps/55565424/replays/episode-99019696-replay.json,-1,004d6fdd25b9809ccb74ca486104c670464fde0a6755f100f590d98c249e87bc,159,60,55565424,reached,19,True,False,1,1,35,16,16,3,7,13,6,10,108,True,,reached,29,True,False,1,1,30,9,19,2,6,8,6,15,130,True,,reached,9,True,False,1,1,39,24,10,5,10,24,6,5,75,True,
0,ok,True,99021998,False,False,DONE,,,0,ad94dc11f75816b83eb4041a27e34409cc77c30950d37afc513451b955104723,no_explicit_terminal_engine_result,18,EpisodeState.COMPLETED,1,31,54900560,win,False,35,1,True,win,/private/tmp/kaggle_eps/55565424/replays/episode-99021998-replay.json,1,b64d53f8bdabbb3b1b210c022c6ac0291e7d9bc584a9df7e068a3320a53d1a7a,119,27,55565424,ended_before,,,,,,,,,,,,,,,,20,ended_before,,,,,,,,,,,,,,,,30,reached,10,False,False,1,1,45,34,5,6,15,32,5,5,58,False,
0,ok,True,99007402,True,True,DONE,,,1,235549661a69ea3734cbcef453ab984ddfd525f5d52ac17d779046b9e32855b4,no_explicit_terminal_engine_result,17,EpisodeState.COMPLETED,1,13,55556436,win,True,37,1,True,win,/private/tmp/kaggle_eps/55565424/replays/episode-99007402-replay.json,1,48e14a005487f6e916f9b39b800bb20964f39dee753c45814b1c3d90b2f5474f,139,32,55565424,ended_before,,,,,,,,,,,,,,,,19,ended_before,,,,,,,,,,,,,,,,29,reached,9,True,False,1,1,22,8,9,5,7,33,6,5,87,True,
0,ok,True,98995592,False,False,DONE,,,0,689ff76330ea10c5dc29a4df37f7b641d98945a482b86fd74f4f99e2a0119727,no_explicit_terminal_engine_result,5,EpisodeState.COMPLETED,-1,44,55430214,loss,False,6,1,True,loss,/private/tmp/kaggle_eps/55565424/replays/episode-98995592-replay.json,-1,e59c6f45baa964af236a61160013c6fcc70230b2846596481c6b82208bd8c495,52,5,55565424,ended_before,,,,,,,,,,,,,,,,20,ended_before,,,,,,,,,,,,,,,,30,ended_before,,,,,,,,,,,,,,,,10
0,ok,True,98983769,False,False,DONE,,,0,71a5bd7e577485c077be3329521da9f2ebdc85c117af846259774afc3cbf5f9a,no_explicit_terminal_engine_result,3,EpisodeState.COMPLETED,1,58,55527243,win,False,4,1,True,win,/private/tmp/kaggle_eps/55565424/replays/episode-98983769-replay.json,1,2326d5cf7648513e420a98c67a74f2de5e3cf32e1003001db6ae7e1dcf95340f,21,2,55565424,ended_before,,,,,,,,,,,,,,,,20,ended_before,,,,,,,,,,,,,,,,30,ended_before,,,,,,,,,,,,,,,,10
0,ok,True,98977056,False,False,DONE,,,0,c80d206ec4fca8ab54f269f435ea651c571e376c4749a15ed54e9bf5d17085a0,no_explicit_terminal_engine_result,20,EpisodeState.COMPLETED,-1,21,55564396,loss,True,43,0,True,loss,/private/tmp/kaggle_eps/55565424/replays/episode-98977056-replay.json,-1,bbea1bed2efa1b22cefa1e492466ee1986aadfb86e25c346aaffe9039fa2315c,234,35,55565424,reached,19,True,False,1,1,21,14,6,1,7,14,3,10,222,True,,ended_before,,,,,,,,,,,,,,,,29,reached,9,True,False,1,1,40,34,1,5,8,24,6,5,78,True,
0,ok,True,98965197,False,False,DONE,,,1,49ea206c72a24fb51e518af54910befc62eeb0aff09a6d9e108b80b6e4a87b69,no_explicit_terminal_engine_result,14,EpisodeState.COMPLETED,-1,38,55127564,loss,True,28,1,True,loss,/private/tmp/kaggle_eps/55565424/replays/episode-98965197-replay.json,-1,4cd6ec5772ecfd58abb88c69cbc6c1f43aa194c499badd96ee3c72819a1d3808,90,25,55565424,ended_before,,,,,,,,,,,,,,,,19,ended_before,,,,,,,,,,,,,,,,29,reached,9,False,False,1,1,39,29,6,4,15,26,6,5,58,False,
0,ok,True,98952896,False,False,DONE,,,0,01c4642faf0bd72c02fab32c1d4f19028785365fe73f726d400243f14c5abeac,no_explicit_terminal_engine_result,19,EpisodeState.COMPLETED,1,16,55563388,win,True,41,0,True,win,/private/tmp/kaggle_eps/55565424/replays/episode-98952896-replay.json,1,2c92dafb8a5a38a4c22463d378972e1ccccbc87e8da07f4da30ce759cfacaea4,131,37,55565424,reached,19,True,False,1,1,16,0,12,4,7,4,6,10,126,True,,ended_before,,,,,,,,,,,,,,,,29,reached,9,True,False,1,1,33,17,11,5,12,28,6,5,67,True,
0,ok,True,98951619,True,True,DONE,,,0,93e0df2d5ec260349fcc3a4b2a7709345b47c2cefbc367ec87040a4fe46a1ff4,no_explicit_terminal_engine_result,25,EpisodeState.COMPLETED,1,8,54665125,win,True,48,0,True,win,/private/tmp/kaggle_eps/55565424/replays/episode-98951619-replay.json,1,2bcd016739f880976d66790a99549b323081a1a5dd055ede3888a49df7fa8289,120,46,55565424,reached,19,True,False,1,1,12,6,4,2,10,12,6,10,102,True,,ended_before,,,,,,,,,,,,,,,,29,reached,9,True,False,1,1,22,13,5,4,7,28,6,5,62,True,
0,ok,True,98949350,True,True,DONE,,,1,d2d39ceee0b7d5f4e7c5bb9dca51ce5e20d074350f9d357ede06505f13fe5fac,no_explicit_terminal_engine_result,17,EpisodeState.COMPLETED,1,9,55388609,win,True,34,1,True,win,/private/tmp/kaggle_eps/55565424/replays/episode-98949350-replay.json,1,de2ae91d1fcffc4f29db7a7962122f4c9b8331ffdc4af37acf62a57e256abad4,117,32,55565424,ended_before,,,,,,,,,,,,,,,,19,ended_before,,,,,,,,,,,,,,,,29,reached,9,True,False,1,1,31,11,17,3,9,32,6,5,85,True,
0,ok,True,98937493,False,False,DONE,,,1,4e569afac85cc25923d05a5f87e3b76a13e70deb7c0c3d704b36fa10f081658f,no_explicit_terminal_engine_result,16,EpisodeState.COMPLETED,-1,26,55129558,loss,True,31,1,True,loss,/private/tmp/kaggle_eps/55565424/replays/episode-98937493-replay.json,-1,c69324ba4dd389f13d30252a1525407119a05b7568e930f1c48d5737eeb69697,137,31,55565424,ended_before,,,,,,,,,,,,,,,,19,ended_before,,,,,,,,,,,,,,,,29,reached,9,True,False,1,1,31,13,14,4,5,34,6,5,81,True,
0,ok,True,98935301,False,False,DONE,,,0,6017cc3e115919616caa9f87f8e2004c589d76b7cd8b393f5c6a5c7fc85691e0,no_explicit_terminal_engine_result,13,EpisodeState.COMPLETED,-1,41,55516471,loss,False,17,1,True,loss,/private/tmp/kaggle_eps/55565424/replays/episode-98935301-replay.json,-1,693258d6f4a4189c01ef1712161dc0fe417adc2ddbfb9316a5a4db2ff44f9a23,71,16,55565424,ended_before,,,,,,,,,,,,,,,,20,ended_before,,,,,,,,,,,,,,,,30,reached,10,True,False,1,1,41,22,15,4,4,42,6,5,60,True,
0,ok,True,98936458,False,False,DONE,,,0,2fd3e7ab7be5cf3e00d9428b1ae92cde0f5d3f22fa11146422af777b0c512609,no_explicit_terminal_engine_result,27,EpisodeState.COMPLETED,1,22,55553930,win,True,45,0,True,win,/private/tmp/kaggle_eps/55565424/replays/episode-98936458-replay.json,1,91cee077ba95e2331cbc39a1fc54ba945e654048aec9c750013c3c4cdafc142c,115,38,55565424,reached,19,True,False,1,1,26,12,10,4,11,15,5,10,97,True,,ended_before,,,,,,,,,,,,,,,,29,reached,9,False,False,1,1,31,19,7,5,16,21,6,5,68,False,
0,ok,True,98928550,False,False,DONE,,,0,6188df41be8f7ed514b7121faf2852193301237a6258e793a5d9ab249e5a2f1a,no_explicit_terminal_engine_result,13,EpisodeState.COMPLETED,-1,34,55423580,loss,False,24,1,True,loss,/private/tmp/kaggle_eps/55565424/replays/episode-98928550-replay.json,-1,a8001dada58adbb078d3d3098bb61ccf5462f4c119dbc4c5aa48cc8b4b006e45,100,23,55565424,ended_before,,,,,,,,,,,,,,,,20,ended_before,,,,,,,,,,,,,,,,30,reached,10,True,False,1,1,34,12,20,2,10,17,6,5,85,True,
0,ok,True,98916194,False,False,DONE,,,1,97501974fca8939175aca752c7d2e7769b26a364c15920c35b9988f6d77c509f,no_explicit_terminal_engine_result,10,EpisodeState.COMPLETED,-1,30,54876073,loss,True,24,1,True,loss,/private/tmp/kaggle_eps/55565424/replays/episode-98916194-replay.json,-1,43ce2bc6f0aa3c8c91e4002dc42b1e853a3cc73b3cf505923f71bd6b0f82ca90,84,23,55565424,ended_before,,,,,,,,,,,,,,,,19,ended_before,,,,,,,,,,,,,,,,29,reached,9,True,False,1,1,30,25,2,3,2,23,6,5,75,True,
0,ok,True,98912734,True,True,DONE,,,0,592dfb8220b9b62876f48e9b457dd4d918da799ed640c4e36f236c311403a01e,no_explicit_terminal_engine_result,24,EpisodeState.COMPLETED,1,14,55565284,win,True,43,0,True,win,/private/tmp/kaggle_eps/55565424/replays/episode-98912734-replay.json,1,9d95b8660fa27c0fa42e0be844c8f77ebab2b9c8b99284efb9e2ecd26131829f,216,43,55565424,reached,19,True,False,1,1,17,12,3,2,4,12,2,10,186,True,,ended_before,,,,,,,,,,,,,,,,29,reached,9,True,False,1,1,34,25,4,5,10,33,5,5,75,True,
0,ok,True,98912840,False,False,DONE,,,0,eb23570debd0105cb6342b2fa1364ed51c9244654354417376218fc53ea3645a,no_explicit_terminal_engine_result,14,EpisodeState.COMPLETED,-1,24,55421930,loss,True,30,0,True,loss,/private/tmp/kaggle_eps/55565424/replays/episode-98912840-replay.json,-1,b08a97e2e6366d8256698ad004a30faa6fd026a8fc1e24e5eed8c05143949b5b,125,26,55565424,ended_before,,,,,,,,,,,,,,,,19,ended_before,,,,,,,,,,,,,,,,29,reached,9,True,False,1,1,35,26,6,3,7,33,6,5,74,True,
0,ok,True,98900407,True,True,DONE,,,0,bc874ba3bafe7172151b4c36f35506f6c1dd5375027fa3dc04a32b89c2acf728,no_explicit_terminal_engine_result,34,EpisodeState.COMPLETED,1,12,55453817,win,False,46,1,True,win,/private/tmp/kaggle_eps/55565424/replays/episode-98900407-replay.json,1,39b71fe96e2fb207404c3f26bb18d2552427ae4b53bb1a0e8f822f1c11050e76,126,41,55565424,reached,20,True,False,1,1,26,16,6,4,12,18,6,10,85,True,,reached,30,True,False,1,1,15,8,4,3,9,9,6,15,113,True,,reached,10,True,False,1,1,39,30,3,6,10,32,6,5,44,True,
0,ok,True,98888060,True,True,DONE,,,0,dc218fa24941480f5da6d00de4cb701c749c6d3776a3aeb16b76fc587245601b,no_explicit_terminal_engine_result,22,EpisodeState.COMPLETED,1,13,55499571,win,False,46,1,True,win,/private/tmp/kaggle_eps/55565424/replays/episode-98888060-replay.json,1,1cce46098c3efaccd003c5e2a1e591a6a4118b518ae738804fb3d0042e0f1099,131,35,55565424,reached,20,False,False,1,1,15,6,5,4,13,13,4,10,117,False,,ended_before,,,,,,,,,,,,,,,,30,reached,10,True,False,1,1,34,25,3,6,5,34,6,5,61,True,
0,ok,True,98888552,False,False,DONE,,,0,d9e5ca90d016ce2b7d5d5a7d54056c8955c18741e8a60795312781d8f6ff4b22,no_explicit_terminal_engine_result,3,EpisodeState.COMPLETED,-1,51,55562518,loss,False,2,1,True,loss,/private/tmp/kaggle_eps/55565424/replays/episode-98888552-replay.json,-1,985339e3cb213ea6d93cfb477e7ee7cd7c71e7c4dbb556f19ced354cd0b8173b,29,2,55565424,ended_before,,,,,,,,,,,,,,,,20,ended_before,,,,,,,,,,,,,,,,30,ended_before,,,,,,,,,,,,,,,,10
0,ok,True,98876740,False,False,DONE,,,0,000facc27c884da026aaa06f4215c6ce3d8191707724585ed28ef7180eb248f3,no_explicit_terminal_engine_result,15,EpisodeState.COMPLETED,-1,15,55492043,loss,False,37,1,True,loss,/private/tmp/kaggle_eps/55565424/replays/episode-98876740-replay.json,-1,615911ab0d123a85a0e85dfd10c84b3a3256a16cfc15e7b296d22f4eb7f6f7e0,140,34,55565424,ended_before,,,,,,,,,,,,,,,,20,ended_before,,,,,,,,,,,,,,,,30,reached,10,True,False,1,1,36,14,19,3,4,26,6,5,87,True,
0,ok,True,98864917,True,True,DONE,,,0,53312f540136aa5e77b796a51512ec62e9aab837e959eb79e8f38c3a007931e5,no_explicit_terminal_engine_result,24,EpisodeState.COMPLETED,-1,7,55557055,loss,True,46,0,True,loss,/private/tmp/kaggle_eps/55565424/replays/episode-98864917-replay.json,-1,f87fce6aa1787f516109b0bea8a4953a22278313b01274730ae3d7e57f44de45,165,46,55565424,reached,19,True,False,1,1,8,2,4,2,5,5,6,10,148,True,,ended_before,,,,,,,,,,,,,,,,29,reached,9,True,False,1,1,33,14,15,4,8,22,6,5,85,True,
0,ok,True,98856435,False,False,DONE,,,0,4b59b48636de403d48c8bef72df054e2a29564d9d5f93f8c7806143faca23c20,no_explicit_terminal_engine_result,17,EpisodeState.COMPLETED,1,20,55550495,win,True,21,0,True,win,/private/tmp/kaggle_eps/55565424/replays/episode-98856435-replay.json,1,4b105c15ff9867a82eb455cb8c28f11a8cdb56738025e7664d10b91c7188ef41,99,21,55565424,ended_before,,,,,,,,,,,,,,,,19,ended_before,,,,,,,,,,,,,,,,29,reached,9,True,False,1,1,25,9,11,5,6,35,6,5,84,True,
0,ok,True,98844540,False,False,DONE,,,0,52660655220d9842b2b50feb93f1465e6f287c4429beec4a2693d3d44250315a,no_explicit_terminal_engine_result,25,EpisodeState.COMPLETED,-1,23,55550015,loss,False,44,1,True,loss,/private/tmp/kaggle_eps/55565424/replays/episode-98844540-replay.json,-1,28b8cc49ab5501752fbddc588bce326bd218d2ab4d3657415d248431235cbad9,268,43,55565424,reached,20,True,False,1,1,24,13,9,2,7,18,3,10,216,True,,ended_before,,,,,,,,,,,,,,,,30,reached,10,True,False,1,1,30,20,4,6,7,29,4,5,107,True,
0,ok,True,98837432,True,False,DONE,,,1,cca1c876ba6bdd3d9f3ea20461490b2ea760076f0ec03e4986f8332acb17a31a,no_explicit_terminal_engine_result,27,EpisodeState.COMPLETED,1,11,55537394,win,True,46,1,True,win,/private/tmp/kaggle_eps/55565424/replays/episode-98837432-replay.json,1,f2b8d4abad6c697df817786fdfe1ea46fb1abe4d6e43fb17812522826c5f4117,142,32,55565424,reached,19,True,False,1,1,18,4,9,5,8,29,4,10,110,True,,ended_before,,,,,,,,,,,,,,,,29,reached,9,True,False,1,1,34,17,11,6,10,36,6,5,59,True,
0,ok,True,98825658,True,True,DONE,,,0,e1e0d50a126dc87a0dd934b3d07cf7e4528582df0673ee0afe610c1af5b91fb8,no_explicit_terminal_engine_result,30,EpisodeState.COMPLETED,-1,9,55563740,loss,True,46,0,True,loss,/private/tmp/kaggle_eps/55565424/replays/episode-98825658-replay.json,-1,7525a426c715efd119edb501eb0b4e154b0d2de82fd89a8352491731c5068be8,140,43,55565424,reached,19,True,False,1,1,17,8,6,3,8,12,6,10,102,True,,reached,29,True,False,1,1,9,1,7,1,8,6,5,15,134,True,,reached,9,True,False,1,1,42,31,6,5,10,37,6,5,45,True,
0,ok,True,98813326,True,True,DONE,,,0,0e36670d9ae5844a1c6c6aea2798c7e27fb695b8bb4e8dafd55b67f92be72815,no_explicit_terminal_engine_result,23,EpisodeState.COMPLETED,1,13,55554679,win,True,31,0,True,win,/private/tmp/kaggle_eps/55565424/replays/episode-98813326-replay.json,1,119e2e9f22be215e86f6ac0e21826b760f8fa059991bafd96a3a6eb7efaa33fb,196,30,55565424,reached,19,True,False,1,1,16,4,8,4,5,40,2,10,159,True,,ended_before,,,,,,,,,,,,,,,,29,reached,9,True,False,1,1,35,24,5,6,6,43,5,5,67,True,
0,ok,True,98812497,False,False,DONE,,,0,f8375f266c8b1224d383c1eb5756b9b67f7dddf0f1a5b4bdf865a1b296fd5a4c,no_explicit_terminal_engine_result,14,EpisodeState.COMPLETED,-1,18,55106245,loss,True,29,0,True,loss,/private/tmp/kaggle_eps/55565424/replays/episode-98812497-replay.json,-1,b23284a873699233cce12c1bb31f1b7c14359995f41f12f431f5c2fdb514d9cf,146,27,55565424,ended_before,,,,,,,,,,,,,,,,19,ended_before,,,,,,,,,,,,,,,,29,reached,9,True,False,1,1,26,12,11,3,4,32,6,5,99,True,
0,ok,True,98800654,False,False,DONE,,,0,53ea756c5c77dda8994f451f147960cf930df3309222eb16a7940ae7d182951d,no_explicit_terminal_engine_result,37,EpisodeState.COMPLETED,1,15,55352645,win,True,54,0,True,win,/private/tmp/kaggle_eps/55565424/replays/episode-98800654-replay.json,1,26f2604a087cf9deed513bfbeb654ff067fce01c58704111d924e993be625799,191,45,55565424,reached,19,True,False,1,1,27,15,8,4,3,29,6,10,114,True,,reached,29,True,False,1,1,23,8,11,4,4,10,6,15,158,True,,reached,9,True,False,1,1,47,37,4,6,8,34,6,5,47,True,
0,ok,True,98788337,False,False,DONE,,,0,4b54dd786f47f5dec87d233c745137265a8594065c42774c311e709bfd57d430,no_explicit_terminal_engine_result,19,EpisodeState.COMPLETED,-1,35,54601925,loss,False,31,1,True,loss,/private/tmp/kaggle_eps/55565424/replays/episode-98788337-replay.json,-1,d8f31e20c154c1eec437d87a8a841447ab29ad51576f30028a6d7b63d578692e,99,30,55565424,ended_before,,,,,,,,,,,,,,,,20,ended_before,,,,,,,,,,,,,,,,30,reached,10,True,False,1,1,40,22,14,4,5,19,6,5,59,True,
0,ok,True,98776548,True,True,DONE,,,0,c01bf10aa69a4de6f64b88fa4cd7db243d92de9f523fd6c5ee620c27c7230fe3,no_explicit_terminal_engine_result,20,EpisodeState.COMPLETED,-1,12,55565285,loss,True,43,0,True,loss,/private/tmp/kaggle_eps/55565424/replays/episode-98776548-replay.json,-1,ad5a5973624fb184e86eca075c1688957e4f23a592f696cea0bd62559e1279b3,130,42,55565424,reached,19,True,False,1,1,12,4,7,1,3,9,4,10,126,True,,ended_before,,,,,,,,,,,,,,,,29,reached,9,True,False,1,1,31,25,3,3,5,24,6,5,67,True,
0,ok,True,98764752,True,True,DONE,,,0,617ab56a9beb3d08ba27435068762a261a166b311507afe7eb2c75ab82dfa370,no_explicit_terminal_engine_result,11,EpisodeState.COMPLETED,1,13,54662935,win,True,32,0,True,win,/private/tmp/kaggle_eps/55565424/replays/episode-98764752-replay.json,1,c630b1d29732d3b36be418f2707518552a94c563bcb6e7dcac4519290744f3d0,116,28,55565424,ended_before,,,,,,,,,,,,,,,,19,ended_before,,,,,,,,,,,,,,,,29,reached,9,False,False,1,1,14,5,5,4,16,17,6,5,105,False,
0,ok,True,98752954,False,False,DONE,,,1,180290ae99d6c9e8b57fccc6f0016de02659cad7fe00cdb50a3a146476dd8ae6,no_explicit_terminal_engine_result,6,EpisodeState.COMPLETED,-1,37,55179861,loss,True,7,1,True,loss,/private/tmp/kaggle_eps/55565424/replays/episode-98752954-replay.json,-1,0a8edfa1c20681bc9f2b8438226486188f4c37cd53f6fe9fefd3e52d02d5d364,51,7,55565424,ended_before,,,,,,,,,,,,,,,,19,ended_before,,,,,,,,,,,,,,,,29,ended_before,,,,,,,,,,,,,,,,9
0,ok,True,98752852,True,True,DONE,,,1,aae25ccd9ca0d85e123efd3f0f81c47c211f709f42d0d97577a6e49a04a1f0f9,no_explicit_terminal_engine_result,33,EpisodeState.COMPLETED,1,8,55041254,win,True,38,1,True,win,/private/tmp/kaggle_eps/55565424/replays/episode-98752852-replay.json,1,7271f7baea789b3c8487c05010382f1eb5929d4503e1d2930d8ea5f0900e8f2b,110,37,55565424,reached,19,True,False,1,1,38,24,9,5,5,29,6,10,65,True,,reached,29,True,False,1,1,21,6,11,4,8,24,6,15,93,True,,reached,9,True,False,1,1,45,31,8,6,9,35,6,5,38,True,
0,ok,True,98740670,False,False,DONE,,,0,3624d6f5b9298f82789e3a8ec8380e4b4e93617ed55e19ca3ceb1c5f206cc44c,no_explicit_terminal_engine_result,12,EpisodeState.COMPLETED,-1,38,55536007,loss,True,17,0,True,loss,/private/tmp/kaggle_eps/55565424/replays/episode-98740670-replay.json,-1,e68cb7d31e2de5b7039ba06438a457b04043a0897e8c48025a867d55e8008aec,63,17,55565424,ended_before,,,,,,,,,,,,,,,,19,ended_before,,,,,,,,,,,,,,,,29,reached,9,True,False,1,1,38,30,3,5,4,34,6,5,56,True,
0,ok,True,98739496,True,True,DONE,,,0,e0addf96cba8e72f601e2d3695465b551c381bc89232b85ad2a7840929e45625,no_explicit_terminal_engine_result,19,EpisodeState.COMPLETED,1,7,55541224,win,True,41,0,True,win,/private/tmp/kaggle_eps/55565424/replays/episode-98739496-replay.json,1,b939fabca5119e67dbc4c3aeb084e40fba5ab1f3427c4f5c481970e395e1e635,116,37,55565424,reached,19,False,False,1,1,7,1,4,2,14,8,6,10,111,False,,ended_before,,,,,,,,,,,,,,,,29,reached,9,False,False,1,1,31,20,7,4,18,27,6,5,67,False,
0,ok,True,98728859,True,True,DONE,,,0,047cc1b1b57e8a4850bd46cd2673f578092ac093712c0c1ec2502fffbea4bc43,no_explicit_terminal_engine_result,21,EpisodeState.COMPLETED,1,7,54336448,win,True,39,0,True,win,/private/tmp/kaggle_eps/55565424/replays/episode-98728859-replay.json,1,8d0ddf60835469dcc3de62e40e3b926d1a62e5ff79439af389ffc9466e36be5e,139,29,55565424,reached,19,True,False,1,1,9,2,3,4,6,20,6,10,131,True,,ended_before,,,,,,,,,,,,,,,,29,reached,9,False,False,1,1,25,14,5,6,22,25,6,5,84,False,
0,ok,True,98717018,False,False,DONE,,,0,5af4a5eee0a1b2566b7a38dd96628ae154e27c25323643fc29234811aa0c3882,no_explicit_terminal_engine_result,25,EpisodeState.COMPLETED,-1,18,55563058,loss,False,38,1,True,loss,/private/tmp/kaggle_eps/55565424/replays/episode-98717018-replay.json,-1,7440a5ccd22fee71946a07bfcb56ed0aa604ba83f15314c866c0553310fad0b4,142,37,55565424,reached,20,True,False,1,1,19,7,11,1,4,20,4,10,122,True,,ended_before,,,,,,,,,,,,,,,,30,reached,10,True,False,1,1,29,20,5,4,6,33,4,5,85,True,
0,ok,True,98707301,False,False,DONE,,,0,3ca7022b084a864a54ae36adaf3d7112c71ca79740e577bde7443dae695a84b5,no_explicit_terminal_engine_result,16,EpisodeState.COMPLETED,-1,25,55563210,loss,True,36,0,True,loss,/private/tmp/kaggle_eps/55565424/replays/episode-98707301-replay.json,-1,1a7737cd6bebaa213bb78b7f0e42ff3d9481e043b29b3c30d3f2db81eba8a69e,167,33,55565424,ended_before,,,,,,,,,,,,,,,,19,ended_before,,,,,,,,,,,,,,,,29,reached,9,True,False,1,1,28,18,6,4,5,25,6,5,92,True,
0,ok,True,98694963,True,True,DONE,,,0,1c1f83e44a730890846b7eb5b32909c8bcd085f8a4f26b7d9f91b6ccc8039fa4,no_explicit_terminal_engine_result,29,EpisodeState.COMPLETED,1,8,54428120,win,True,48,0,True,win,/private/tmp/kaggle_eps/55565424/replays/episode-98694963-replay.json,1,57d7bd5b765aec2708e78628416d51e2e783ca926d166eda53d636c852c046b5,128,41,55565424,reached,19,True,False,1,1,18,9,5,4,7,12,6,10,97,True,,reached,29,True,False,1,1,8,0,4,4,12,5,6,15,124,True,,reached,9,False,False,1,1,34,24,5,5,17,18,6,5,59,False,
0,ok,True,98683161,True,True,DONE,,,0,4d00935538528ff72a2131ea391fb989f0ecd0f4e8e0b294b8b703df4fdf06d9,no_explicit_terminal_engine_result,14,EpisodeState.COMPLETED,1,8,55422436,win,False,25,1,True,win,/private/tmp/kaggle_eps/55565424/replays/episode-98683161-replay.json,1,265029386bb0dfd5b024499d5f25484e2422f872bd15236fea4947e3ab4989a3,103,19,55565424,ended_before,,,,,,,,,,,,,,,,20,ended_before,,,,,,,,,,,,,,,,30,reached,10,False,False,1,1,28,4,19,5,15,23,6,5,85,False,
0,ok,True,98671384,True,True,DONE,,,0,3f3d9df319d1e9b894270c5ce936ee75efa429949c003f721b3ee869a984b8bb,no_explicit_terminal_engine_result,16,EpisodeState.COMPLETED,1,11,55080772,win,False,22,1,True,win,/private/tmp/kaggle_eps/55565424/replays/episode-98671384-replay.json,1,f53d49ebb2e7f9788cd906cae7b6c77d463bc16e252f8c96ad1c122c4ff02578,84,22,55565424,ended_before,,,,,,,,,,,,,,,,20,ended_before,,,,,,,,,,,,,,,,30,reached,10,True,False,1,1,23,8,9,6,7,42,6,5,46,True,
0,ok,True,98659550,True,True,DONE,,,0,d3d019a665f0fbf451cd2c62a92303fff04f30558f34c82cc3a6c5392b00d5d0,no_explicit_terminal_engine_result,15,EpisodeState.COMPLETED,1,9,55050839,win,True,24,0,True,win,/private/tmp/kaggle_eps/55565424/replays/episode-98659550-replay.json,1,fae7bc281a1b15318f0c635b588522a941b95586bc248ba7be0e54eb07b4c0c0,85,22,55565424,ended_before,,,,,,,,,,,,,,,,19,ended_before,,,,,,,,,,,,,,,,29,reached,9,True,False,1,1,18,9,4,5,4,35,6,5,65,True,
0,ok,True,98647220,False,False,DONE,,,0,4d13f22f5394ddbaeb8126d743cefb43dede5124e6037603dde4bf79fef70c3d,no_explicit_terminal_engine_result,14,EpisodeState.COMPLETED,-1,25,55551760,loss,True,34,0,True,loss,/private/tmp/kaggle_eps/55565424/replays/episode-98647220-replay.json,-1,2b1c104750eb9f9ddb9d70658603e9940fdea282f1ba6b4d38c2f4237a6a2eda,115,34,55565424,ended_before,,,,,,,,,,,,,,,,19,ended_before,,,,,,,,,,,,,,,,29,reached,9,True,False,1,1,34,19,12,3,7,25,6,5,80,True,
0,ok,True,98635815,False,False,DONE,,,0,4930f2f3088c13e87c4817e72c0223baa46fc3b7220c7bd234f9eab7a71c407e,no_explicit_terminal_engine_result,22,EpisodeState.COMPLETED,1,19,55301659,win,False,39,1,True,win,/private/tmp/kaggle_eps/55565424/replays/episode-98635815-replay.json,1,0eaaf3ff4bfbf955339897c76f02275243fda758acd16aa5bfba42b63eb65e43,139,38,55565424,reached,20,True,False,1,1,20,6,13,1,6,10,6,10,133,True,,ended_before,,,,,,,,,,,,,,,,30,reached,10,True,False,1,1,37,26,7,4,9,15,6,5,84,True,
0,ok,True,98631829,False,False,DONE,,,1,fd4c3521447a9a75e0999e9c7ce818fd5c885b7f4690c5b9bfd0632b6a282b58,no_explicit_terminal_engine_result,11,EpisodeState.COMPLETED,1,18,55261610,win,True,26,1,True,win,/private/tmp/kaggle_eps/55565424/replays/episode-98631829-replay.json,1,a495b394116a1bbb233dbffc072fc1a32f6838deccf22fa472a10779324843ee,114,24,55565424,ended_before,,,,,,,,,,,,,,,,19,ended_before,,,,,,,,,,,,,,,,29,reached,9,True,False,1,1,20,8,8,4,8,30,6,5,92,True,
0,ok,True,98626222,False,False,DONE,,,0,f97e6aa49a67366d0b958b04665af63a1b858131570bf03fbcc75ba84eab0733,no_explicit_terminal_engine_result,14,EpisodeState.COMPLETED,-1,41,55308495,loss,True,31,0,True,loss,/private/tmp/kaggle_eps/55565424/replays/episode-98626222-replay.json,-1,cedcf9812223fb8fcf2b29ee80ea63a1a2352e692aa0545330cf3ccfce9cd1e7,105,30,55565424,ended_before,,,,,,,,,,,,,,,,19,ended_before,,,,,,,,,,,,,,,,29,reached,9,True,False,1,1,46,27,16,3,8,31,6,5,61,True,
0,ok,True,98614421,True,True,DONE,,,0,9cb38b6a0412bae6526b0ad31ba14903fc47410d3f11d29ddfc9c1fb7e7d3088,no_explicit_terminal_engine_result,14,EpisodeState.COMPLETED,-1,12,55297356,loss,True,30,0,True,loss,/private/tmp/kaggle_eps/55565424/replays/episode-98614421-replay.json,-1,acd76abe7b789bd8ecf5f9dae34f67104f8f8d7904c9ff4a6012868faa10a481,129,28,55565424,ended_before,,,,,,,,,,,,,,,,19,ended_before,,,,,,,,,,,,,,,,29,reached,9,True,False,1,1,28,9,16,3,2,24,6,5,96,True,
0,ok,True,98610712,True,True,DONE,,,0,6ce4bafcf120a310a066beda1581a4df65d192a45826161c88bf3fcb4cba6dd4,no_explicit_terminal_engine_result,33,EpisodeState.COMPLETED,1,12,55506329,win,True,46,0,True,win,/private/tmp/kaggle_eps/55565424/replays/episode-98610712-replay.json,1,cb6bb5aa4a3d6c2e37136b6f4823fac57b1d4d41ca93a39778de1dd1346e4288,118,38,55565424,reached,19,True,False,1,1,19,8,6,5,7,16,6,10,87,True,,reached,29,True,False,1,1,14,2,7,5,10,10,6,15,107,True,,reached,9,True,False,1,1,31,24,2,5,4,26,6,5,55,True,
0,ok,True,98598863,False,False,DONE,,,0,31943c3eb2632a249b72a3eb33f2d4aedd345fcfb78c3d0da3bc3f437c4b122c,no_explicit_terminal_engine_result,42,EpisodeState.COMPLETED,-1,19,55548623,loss,True,58,0,True,loss,/private/tmp/kaggle_eps/55565424/replays/episode-98598863-replay.json,-1,11b847ab5a69187b0d09e244f51cbbec0c83308de274363eb2614393c9225761,154,43,55565424,reached,19,False,False,1,1,38,29,3,6,17,14,6,10,71,False,,reached,29,False,False,1,1,29,17,7,5,16,9,6,15,104,False,,reached,9,True,False,1,1,48,37,5,6,11,21,6,5,48,True,
0,ok,True,98587016,True,True,DONE,,,0,eccc96e31078bc62cd890bf59bfc80689fd2b5b0884acbcf365ae9e4c85746d6,no_explicit_terminal_engine_result,34,EpisodeState.COMPLETED,-1,9,55541058,loss,True,55,0,True,loss,/private/tmp/kaggle_eps/55565424/replays/episode-98587016-replay.json,-1,d71ce28f2f3b007ff1f468a147660e04b9e11b5f96b38eb3556d84ca9c262ef0,157,53,55565424,reached,19,True,False,1,1,23,15,5,3,10,16,6,10,98,True,,reached,29,True,False,1,1,14,6,5,3,5,10,6,15,128,True,,reached,9,True,False,1,1,39,28,5,6,8,34,6,5,60,True,
0,ok,True,98574686,True,True,DONE,,,0,d2c7781300c6d541a14f46be11c7d76864d9caf101033676a0ab8891123f1c2d,no_explicit_terminal_engine_result,17,EpisodeState.COMPLETED,1,11,55303738,win,True,34,0,True,win,/private/tmp/kaggle_eps/55565424/replays/episode-98574686-replay.json,1,69abc4bf74adff958dfbf058d7d1aa70b99c6b92203f3628acdaf63bb7993e22,122,30,55565424,ended_before,,,,,,,,,,,,,,,,19,ended_before,,,,,,,,,,,,,,,,29,reached,9,True,False,1,1,35,13,18,4,11,31,6,5,87,True,
0,ok,True,98562863,False,False,DONE,,,0,c7b60a5facd74b84c35ecae832454899dfec4020f3a757846fcf7a99a5338680,no_explicit_terminal_engine_result,17,EpisodeState.COMPLETED,-1,18,55554008,loss,False,38,1,True,loss,/private/tmp/kaggle_eps/55565424/replays/episode-98562863-replay.json,-1,8bbcdc7f416f2591ead3304c0418d4ddabd7eae88c6b96fe0c52cb818adc9755,156,38,55565424,ended_before,,,,,,,,,,,,,,,,20,ended_before,,,,,,,,,,,,,,,,30,reached,10,True,False,1,1,29,19,7,3,8,29,5,5,89,True,
0,ok,True,98551016,True,True,DONE,,,0,fa9c9b91fa9884eca4d1bcc421e83aacc690448b4165fa313ed517942ca59880,no_explicit_terminal_engine_result,22,EpisodeState.COMPLETED,1,14,55072942,win,False,41,1,True,win,/private/tmp/kaggle_eps/55565424/replays/episode-98551016-replay.json,1,df6a4d7e6321de7802684954ae8413f180df4576fe337d86058e3311bfa7e410,160,39,55565424,reached,20,True,False,1,1,15,6,5,4,9,10,6,10,149,True,,ended_before,,,,,,,,,,,,,,,,30,reached,10,True,False,1,1,26,19,3,4,4,28,6,5,95,True,
0,ok,True,98539070,True,True,DONE,,,0,f62764f1eb9cfa8435e59577cf237e119b71ed5e86ef179b8dd7d7b892f54355,no_explicit_terminal_engine_result,20,EpisodeState.COMPLETED,1,7,53857292,win,False,34,1,True,win,/private/tmp/kaggle_eps/55565424/replays/episode-98539070-replay.json,1,75535d1b48cc49259451536f11de98481bff589ec319d3cb95e16dd186286cd1,129,32,55565424,reached,20,True,False,1,1,7,1,4,2,10,7,6,10,127,True,,ended_before,,,,,,,,,,,,,,,,30,reached,10,True,False,1,1,27,13,11,3,5,19,6,5,86,True,
0,ok,True,98532354,True,True,DONE,,,0,ecab8264771ef1e1c853e2eacee7d505f944484bb2c5c47853be05723fefb383,no_explicit_terminal_engine_result,45,EpisodeState.COMPLETED,1,14,53818896,win,True,59,0,True,win,/private/tmp/kaggle_eps/55565424/replays/episode-98532354-replay.json,1,2f1029aa189c084b188232f0375d59c9a5f742b3b61ae7263b0e016884963b25,196,35,55565424,reached,19,True,False,1,1,46,33,7,6,9,19,6,10,68,True,,reached,29,False,False,1,1,46,28,12,6,18,14,6,15,79,False,,reached,9,False,False,1,1,46,38,2,6,14,24,6,5,55,False,
0,ok,True,98533361,True,True,DONE,,,0,9de067ce2571d4722cff74105f5b96bd5e42bba9fb1909a456edb2834af1c69c,no_explicit_terminal_engine_result,25,EpisodeState.COMPLETED,-1,12,55550979,loss,False,48,1,True,loss,/private/tmp/kaggle_eps/55565424/replays/episode-98533361-replay.json,-1,76b6d073baea2cce8bd42ff167f2e769708169dd1fc1f3942909b4e3ef10bd6e,293,44,55565424,reached,20,True,False,1,1,14,6,6,2,3,21,2,10,235,True,,ended_before,,,,,,,,,,,,,,,,30,reached,10,False,False,1,1,27,19,2,6,15,26,5,5,100,False,
0,ok,True,98530624,False,False,DONE,,,0,7652876f09ed8e00f3d0e2242b0443df66f711443f94fad16eabf1587986f93a,no_explicit_terminal_engine_result,16,EpisodeState.COMPLETED,-1,18,55222088,loss,True,26,0,True,loss,/private/tmp/kaggle_eps/55565424/replays/episode-98530624-replay.json,-1,42d7a4df8d216ee0622e61634e2aeceeab30ba9f5c913ad9ea3bc2d1a4025a18,159,18,55565424,ended_before,,,,,,,,,,,,,,,,19,ended_before,,,,,,,,,,,,,,,,29,reached,9,True,False,1,1,36,25,7,4,7,33,6,5,93,True,
0,ok,True,98524193,False,False,DONE,,,0,b20ad9d58ba89993278bca9cf6fadb3cdf2acd607e805f715983842bfe784f43,no_explicit_terminal_engine_result,17,EpisodeState.COMPLETED,-1,16,54817336,loss,False,39,1,True,loss,/private/tmp/kaggle_eps/55565424/replays/episode-98524193-replay.json,-1,f2067b1c6896821a806ec0b05ffbdc4cc22eea56e3aa5dc579dc228cfa7c598d,143,32,55565424,ended_before,,,,,,,,,,,,,,,,20,ended_before,,,,,,,,,,,,,,,,30,reached,10,False,False,1,1,22,12,6,4,23,23,6,5,103,False,
0,ok,True,98517576,False,False,DONE,,,0,018d772e3a0e0918e311eb0b481e2fd8249173b90a4ecda0f347d546969ed204,no_explicit_terminal_engine_result,15,EpisodeState.COMPLETED,-1,31,55554547,loss,False,33,1,True,loss,/private/tmp/kaggle_eps/55565424/replays/episode-98517576-replay.json,-1,bb70e1401c714a6ec526161387284d45e968a0678054bff7907ea5afe5c65907,100,33,55565424,ended_before,,,,,,,,,,,,,,,,20,ended_before,,,,,,,,,,,,,,,,30,reached,10,True,False,1,1,32,21,8,3,5,27,6,5,69,True,
0,ok,True,98505664,True,True,DONE,,,1,592ad03ac48c48bb0259eb5585f4355ef90ee6883230c489bfe68f05677a1412,no_explicit_terminal_engine_result,33,EpisodeState.COMPLETED,1,10,54154760,win,True,49,1,True,win,/private/tmp/kaggle_eps/55565424/replays/episode-98505664-replay.json,1,956f6f66627882d538f6411c70435037f40d00658506fcef6b7928ea296d7144,132,49,55565424,reached,19,True,False,1,1,18,6,6,6,8,29,4,10,80,True,,reached,29,True,False,1,1,12,2,6,4,10,17,3,15,119,True,,reached,9,True,False,1,1,34,21,7,6,7,34,6,5,46,True,
0,ok,True,98494311,False,False,DONE,,,0,50f9e1045982775512a92e7f8d25cf1be128da4a54a8f320b03125be58210536,no_explicit_terminal_engine_result,28,EpisodeState.COMPLETED,-1,32,55544813,loss,True,42,0,True,loss,/private/tmp/kaggle_eps/55565424/replays/episode-98494311-replay.json,-1,85574f6bbe587cd8864a5707bbd2a639358638d1b2fd236cf42d68d22a06041d,97,36,55565424,reached,19,False,False,1,1,38,29,5,4,15,19,6,10,61,False,,ended_before,,,,,,,,,,,,,,,,29,reached,9,True,False,1,1,53,42,5,6,6,41,6,5,26,True,
0,ok,True,98482475,True,True,DONE,,,0,c6fd4b109e27c9eb22216a4444818248b3b8b8e93bf50eb712b80d98a2c215d4,no_explicit_terminal_engine_result,18,EpisodeState.COMPLETED,1,14,55558958,win,False,35,1,True,win,/private/tmp/kaggle_eps/55565424/replays/episode-98482475-replay.json,1,71579265189448a117e97f3236c84659690641ce87667f31a95d60dbe11139a8,173,31,55565424,ended_before,,,,,,,,,,,,,,,,20,ended_before,,,,,,,,,,,,,,,,30,reached,10,True,False,1,1,33,20,7,6,7,21,5,5,98,True,
0,ok,True,98470653,False,False,DONE,,,0,658324a49215d45007bb03d14b5b7cf8eaa6b77fe8f55f81a0a8e62ffe6bb8fb,no_explicit_terminal_engine_result,16,EpisodeState.COMPLETED,-1,28,55362399,loss,False,24,1,True,loss,/private/tmp/kaggle_eps/55565424/replays/episode-98470653-replay.json,-1,9e34b998655ca6707a082cc0778dc25ad8cac3d61914c9b257a82a92c3719027,80,23,55565424,ended_before,,,,,,,,,,,,,,,,20,ended_before,,,,,,,,,,,,,,,,30,reached,10,True,False,1,1,38,28,5,5,3,26,6,5,55,True,
0,ok,True,98458387,True,True,DONE,,,1,6b4b25158027d7e2c928b426c57682d839e40623d7bf7934ac94ec1cd0660379,no_explicit_terminal_engine_result,29,EpisodeState.COMPLETED,1,6,54459788,win,True,49,1,True,win,/private/tmp/kaggle_eps/55565424/replays/episode-98458387-replay.json,1,15ac4f291c94cc30a3b58cf5164802b45fb0084d7246d6a652d616586d63e19e,122,48,55565424,reached,19,True,False,1,1,32,17,11,4,3,36,6,10,63,True,,reached,29,True,False,1,1,6,0,5,1,7,4,6,15,116,True,,reached,9,True,False,1,1,45,33,6,6,7,42,6,5,26,True,
0,ok,True,98446169,False,False,DONE,,,0,d841ff689bd1e80477aa1e5bf485ce9fee3d56a1cd556ec394d60d465ae59b72,no_explicit_terminal_engine_result,29,EpisodeState.COMPLETED,-1,18,55542777,loss,False,47,1,True,loss,/private/tmp/kaggle_eps/55565424/replays/episode-98446169-replay.json,-1,5631af926b7b4c977913f174727b35030983a9c06eae11cb649a2dd957a236a9,165,43,55565424,reached,20,True,False,1,1,24,14,7,3,5,12,6,10,124,True,,ended_before,,,,,,,,,,,,,,,,30,reached,10,False,False,1,1,40,30,5,5,18,20,6,5,68,False,
0,ok,True,98446521,False,False,DONE,,,0,1b6ac64901d27db5545b8aed3fce2bf95ef769d47d50b9ebaa62a2eff8c40fbc,no_explicit_terminal_engine_result,47,EpisodeState.COMPLETED,1,16,54853367,win,True,52,0,True,win,/private/tmp/kaggle_eps/55565424/replays/episode-98446521-replay.json,1,d4f4d03c379b846c0a8323e51f26573c0f382b528e32e88ee631a27cb80cac21,125,52,55565424,reached,19,True,False,1,1,25,15,4,6,7,31,6,10,68,True,,reached,29,True,False,1,1,17,7,6,4,3,26,6,15,100,True,,reached,9,True,False,1,1,37,26,5,6,5,38,6,5,46,True,
0,ok,True,98434360,True,True,DONE,,,0,4b28a8c296525957eb879f46d06e5d042efb7cf2ea75adffae8ac79ebecbbabf,no_explicit_terminal_engine_result,21,EpisodeState.COMPLETED,1,13,55083032,win,True,36,0,True,win,/private/tmp/kaggle_eps/55565424/replays/episode-98434360-replay.json,1,ed89ce04641bc4c414da3890d0ab4b561cd321ad4e93bb1d25f4ebaf5cbb5889,132,34,55565424,reached,19,True,False,1,1,14,2,9,3,7,21,6,10,122,True,,ended_before,,,,,,,,,,,,,,,,29,reached,9,True,False,1,1,30,14,12,4,8,28,6,5,86,True,
0,ok,True,98422559,True,True,DONE,,,0,47b530a7735f732fd3c8b38daf7d823323e2ce027b12be93af8f4a4865e4f42a,no_explicit_terminal_engine_result,19,EpisodeState.COMPLETED,-1,14,55086410,loss,False,35,1,True,loss,/private/tmp/kaggle_eps/55565424/replays/episode-98422559-replay.json,-1,2dde0b45a65d072787374421a283526f9131c26e04ce3e7727f64603d365d4d7,138,35,55565424,ended_before,,,,,,,,,,,,,,,,20,ended_before,,,,,,,,,,,,,,,,30,reached,10,True,False,1,1,24,10,9,5,8,25,6,5,73,True,
0,ok,True,98413385,True,True,DONE,,,0,521b92f8d045c8e71f7c658c0e71899e6443bca57abbf39a46fb7ca5886aee16,no_explicit_terminal_engine_result,21,EpisodeState.COMPLETED,1,11,55546252,win,True,43,0,True,win,/private/tmp/kaggle_eps/55565424/replays/episode-98413385-replay.json,1,4c09b7d85fba782f736055f7e28e4ffc01b7443a293c1ea40b2c13d7b99db951,187,36,55565424,reached,19,True,False,1,1,14,6,4,4,8,31,1,10,156,True,,ended_before,,,,,,,,,,,,,,,,29,reached,9,True,False,1,1,41,29,7,5,9,40,6,5,65,True,
0,ok,True,98401105,False,False,DONE,,,0,4e1e3205340bc3e6b3ea270b2226526881009d5b8a523cb7c163e559903d0b08,no_explicit_terminal_engine_result,10,EpisodeState.COMPLETED,-1,31,55556016,loss,True,18,0,True,loss,/private/tmp/kaggle_eps/55565424/replays/episode-98401105-replay.json,-1,bf6466a660c9fceaeab1634c5cef97f156334c7bf1fd5dfee1460f7d2e93a82c,101,18,55565424,ended_before,,,,,,,,,,,,,,,,19,ended_before,,,,,,,,,,,,,,,,29,reached,9,True,False,1,1,31,20,6,5,8,26,6,5,80,True,
0,ok,True,98398868,False,False,DONE,,,0,7e3b83191fabf387a5d2a723e60efacbd13f55971ea030127162840853f373a6,no_explicit_terminal_engine_result,18,EpisodeState.COMPLETED,1,19,55540994,win,False,29,1,True,win,/private/tmp/kaggle_eps/55565424/replays/episode-98398868-replay.json,1,5387e6d696cff5d1e431bf376beb7e437734e43d32eccace35936671b4aadb04,145,22,55565424,ended_before,,,,,,,,,,,,,,,,20,ended_before,,,,,,,,,,,,,,,,30,reached,10,False,False,1,1,27,16,5,6,14,34,5,5,80,False,
0,ok,True,98391015,False,False,DONE,,,0,a75b9013fc7ca5a3f7fe692e6e7589410caaa42931796525c73523dc935003a8,no_explicit_terminal_engine_result,28,EpisodeState.COMPLETED,-1,16,55565781,loss,True,44,0,True,loss,/private/tmp/kaggle_eps/55565424/replays/episode-98391015-replay.json,-1,928908dca70e8b42bb9ced0a15f7417e25ce86a558f3bb72f17b998e775dc4af,149,43,55565424,reached,19,True,False,1,1,27,16,7,4,5,22,6,10,103,True,,ended_before,,,,,,,,,,,,,,,,29,reached,9,True,False,1,1,48,37,5,6,4,33,6,5,49,True,
0,ok,True,98384912,False,False,DONE,,,0,8b7a757bb556875a51aea40c2d30ff9251c84744ce5c859d123e36e54d9d0621,no_explicit_terminal_engine_result,21,EpisodeState.COMPLETED,1,19,55534427,win,True,43,0,True,win,/private/tmp/kaggle_eps/55565424/replays/episode-98384912-replay.json,1,41a628bbfc75923fe4d4df3c84925dc61c10336e4384fd475e35c919f938c07a,137,36,55565424,reached,19,True,False,1,1,25,5,18,2,8,10,6,10,119,True,,ended_before,,,,,,,,,,,,,,,,29,reached,9,False,False,1,1,33,16,14,3,13,23,6,5,87,False,
0,ok,True,98373072,True,True,DONE,,,1,f14dfc81cf6611c00b400112f6f5509c70c031d9b990cfc1c21636247085b590,no_explicit_terminal_engine_result,19,EpisodeState.COMPLETED,1,12,54154348,win,True,27,1,True,win,/private/tmp/kaggle_eps/55565424/replays/episode-98373072-replay.json,1,d55b3fb9d6748c95a4af9448c0c27273b34a2924f39b46c37d2a812a91210bae,93,26,55565424,reached,19,True,False,1,1,12,1,6,5,9,23,6,10,91,True,,ended_before,,,,,,,,,,,,,,,,29,reached,9,True,False,1,1,26,15,5,6,11,34,6,5,57,True,
0,ok,True,98364417,False,False,DONE,,,0,6838050fd33cddbd39958d091db94fc197ee9679d73434a4031b12a7d003a3e3,no_explicit_terminal_engine_result,30,EpisodeState.COMPLETED,-1,23,55547538,loss,True,41,0,True,loss,/private/tmp/kaggle_eps/55565424/replays/episode-98364417-replay.json,-1,9feb7e7b3ca0dfbeb43a0ec2f55f45f4cbc77ef710200ff19eaeb687f18d71bf,112,19,55565424,reached,19,False,False,1,1,39,26,7,6,16,22,6,10,62,False,,reached,29,False,False,1,1,23,7,10,6,49,1,4,15,100,False,,reached,9,False,False,1,1,46,37,3,6,18,28,6,5,44,False,
0,ok,True,98362139,False,False,DONE,,,0,dd41141727f97b3946d5a1d84c39215277faec14b4a5b08c7bcb8b71d3aafaed,no_explicit_terminal_engine_result,20,EpisodeState.COMPLETED,-1,18,55550250,loss,False,42,1,True,loss,/private/tmp/kaggle_eps/55565424/replays/episode-98362139-replay.json,-1,69ed1b74c7c05fd4540d278e698f010488814389aab6a3a63f8845e6298db02c,215,38,55565424,reached,20,True,False,1,1,18,12,5,1,6,20,2,10,206,True,,ended_before,,,,,,,,,,,,,,,,30,reached,10,True,False,1,1,30,19,5,6,9,40,4,5,85,True,
0,ok,True,98350344,True,True,DONE,,,0,6824967ab5de9738cfb7cf01f32111a45e1bd5f704cd0519c0b1ff17bafc3cc9,no_explicit_terminal_engine_result,32,EpisodeState.COMPLETED,-1,8,55362407,loss,True,37,0,True,loss,/private/tmp/kaggle_eps/55565424/replays/episode-98350344-replay.json,-1,a285d6d8190288623cae24c6d066d524cc6d72ac34e7a89bdcce5f984cc2a82b,128,36,55565424,reached,19,True,False,1,1,26,9,12,5,12,34,6,10,80,True,,reached,29,True,False,1,1,19,3,14,2,7,23,6,15,114,True,,reached,9,True,False,1,1,41,27,8,6,8,39,6,5,48,True,
0,ok,True,98339591,True,True,DONE,,,0,5346c604e59ec97f66d0e829f6c118e5235ce640fad0149f64ee1ae5622d75b9,no_explicit_terminal_engine_result,17,EpisodeState.COMPLETED,1,10,55349806,win,True,33,0,True,win,/private/tmp/kaggle_eps/55565424/replays/episode-98339591-replay.json,1,c4625871f4d9cd296c7594b039a9c006dcc30fb94f0d0c7961d2807ff18f8c99,119,29,55565424,ended_before,,,,,,,,,,,,,,,,19,ended_before,,,,,,,,,,,,,,,,29,reached,9,True,False,1,1,40,22,15,3,11,25,6,5,64,True,
0,ok,True,98329239,False,False,DONE,,,0,0a9f3659963e508bca8d7dfdba49d1d554595d1e9a97f8528c5861be152efd25,no_explicit_terminal_engine_result,40,EpisodeState.COMPLETED,-1,16,55539578,loss,True,56,0,True,loss,/private/tmp/kaggle_eps/55565424/replays/episode-98329239-replay.json,-1,679b9255261382f776615f24fa9d728179a60eacca8d4010e1f4aec2463cf6f2,171,56,55565424,reached,19,True,False,1,1,30,24,2,4,5,16,4,10,110,True,,reached,29,True,False,1,1,16,8,6,2,6,11,4,15,146,True,,reached,9,True,False,1,1,44,33,6,5,5,27,6,5,66,True,
0,ok,True,98316922,True,True,DONE,,,0,601f5210c597cdc8d39c8b83b1ab5b6da14a3eeef5fce2459b775f2066aa932c,no_explicit_terminal_engine_result,13,EpisodeState.COMPLETED,1,11,55532613,win,True,33,0,True,win,/private/tmp/kaggle_eps/55565424/replays/episode-98316922-replay.json,1,8e0a791bb891b21c84565a6078d2564390cdff716252172c0692aca239abd389,108,33,55565424,ended_before,,,,,,,,,,,,,,,,19,ended_before,,,,,,,,,,,,,,,,29,reached,9,True,False,1,1,29,7,18,4,2,20,6,5,83,True,
0,ok,True,98305090,False,False,DONE,,,0,04e2187710ad42a2e895599bde23ec052876afd7c3a31cdf6e1e608ecd66e412,no_explicit_terminal_engine_result,6,EpisodeState.COMPLETED,-1,40,55495360,loss,True,12,0,True,loss,/private/tmp/kaggle_eps/55565424/replays/episode-98305090-replay.json,-1,059eaff74f4880318eaeeb7dfd15ca52e27ad0f0bb81aa84b9f9c3c2c10b97cd,67,11,55565424,ended_before,,,,,,,,,,,,,,,,19,ended_before,,,,,,,,,,,,,,,,29,ended_before,,,,,,,,,,,,,,,,9
0,ok,True,98302855,True,True,DONE,,,0,148841e405bdd93ecbc6a228ad3027011b4d5e08a3b4312958106f64b1d275e3,no_explicit_terminal_engine_result,28,EpisodeState.COMPLETED,1,7,54366283,win,False,45,1,True,win,/private/tmp/kaggle_eps/55565424/replays/episode-98302855-replay.json,1,51d20696b8b2621e806c06d3997fa55e5aaf3810e37757e7bcb7245ca1ee43a6,148,42,55565424,reached,20,True,False,1,1,13,4,7,2,8,15,5,10,127,True,,ended_before,,,,,,,,,,,,,,,,30,reached,10,True,False,1,1,26,13,8,5,12,20,6,5,85,True,
0,ok,True,98302010,True,False,DONE,,,0,bc488a7539bee11a2b001d210edb2a1b7958d92139fa028af26cb485f14eb812,no_explicit_terminal_engine_result,30,EpisodeState.COMPLETED,1,13,55542214,win,False,42,1,True,win,/private/tmp/kaggle_eps/55565424/replays/episode-98302010-replay.json,1,07fdfae24bf6cfe7fce8813053868b937e6b52064fc5cb4e337aaa466297b443,135,28,55565424,reached,20,True,False,1,1,18,13,4,1,12,15,6,10,121,True,,reached,30,False,False,1,1,13,3,9,1,17,10,6,15,131,False,,reached,10,True,False,1,1,37,19,14,4,9,30,6,5,72,True,
0,ok,True,98300333,True,True,DONE,,,0,ba482e684181ea73f22084b2ea4f193bf0bdc19c99315b2e5ff26f6d2d15a22c,no_explicit_terminal_engine_result,19,EpisodeState.COMPLETED,1,10,55014093,win,True,36,0,True,win,/private/tmp/kaggle_eps/55565424/replays/episode-98300333-replay.json,1,1825eaed66c336f2c7590678b1f96a2408bf214ce60da1a64d24cb8f5446c9d7,97,33,55565424,reached,19,True,False,1,1,10,0,6,4,6,24,5,10,89,True,,ended_before,,,,,,,,,,,,,,,,29,reached,9,False,False,1,1,28,15,7,6,16,30,6,5,50,False,
0,ok,True,98299263,True,True,DONE,,,0,8f7a09e665829b3191ffc5206108cadbed33439db9b85f1bc97e6e543a95e999,no_explicit_terminal_engine_result,35,EpisodeState.COMPLETED,1,14,55542674,win,True,39,0,True,win,/private/tmp/kaggle_eps/55565424/replays/episode-98299263-replay.json,1,4c55954cae2d8fdaeeae5fce76c8f4a5e60a87feb86fcf5f83d30cce9fdd8246,201,35,55565424,reached,19,True,False,1,1,21,15,3,3,2,28,6,10,130,True,,reached,29,True,False,1,1,20,9,10,1,8,21,4,15,182,True,,reached,9,True,False,1,1,46,36,7,3,3,40,6,5,55,True,
0,ok,True,98288512,False,False,DONE,,,0,3e0b42ae1ca403df67543d954a14ac6ea8f7b01604b6fbd1186eba2e508359a3,no_explicit_terminal_engine_result,17,EpisodeState.COMPLETED,1,19,55483275,win,True,33,0,True,win,/private/tmp/kaggle_eps/55565424/replays/episode-98288512-replay.json,1,56d65a193764e4cabad4ad32c49ae5cbf8a9a6b54f8e2d67d58e3fd794b6cc47,111,30,55565424,ended_before,,,,,,,,,,,,,,,,19,ended_before,,,,,,,,,,,,,,,,29,reached,9,True,False,1,1,34,20,9,5,9,31,6,5,74,True,
0,ok,True,98276665,False,False,DONE,,,0,66f5d215e8568d2361b33c772c8db5d053ea2cbfb9a47311a2e4287ab5006206,no_explicit_terminal_engine_result,13,EpisodeState.COMPLETED,1,25,55565732,win,True,28,0,True,win,/private/tmp/kaggle_eps/55565424/replays/episode-98276665-replay.json,1,f0d91df918b74635353835a7d5922d7f46c3932648a897101d07070c1efea42a,119,24,55565424,ended_before,,,,,,,,,,,,,,,,19,ended_before,,,,,,,,,,,,,,,,29,reached,9,True,False,1,1,33,6,22,5,11,35,6,5,82,True,
0,ok,True,98271130,False,False,DONE,,,0,bb2adcbb3adac683642b9fd2fc98788936251b9e69392efa6ac2dd25f0089354,no_explicit_terminal_engine_result,17,EpisodeState.COMPLETED,-1,22,55284720,loss,False,34,1,True,loss,/private/tmp/kaggle_eps/55565424/replays/episode-98271130-replay.json,-1,1496cd1aeda2b0388788f693c53755525100b9617ca0411f428903008ad4a4b0,202,30,55565424,ended_before,,,,,,,,,,,,,,,,20,ended_before,,,,,,,,,,,,,,,,30,reached,10,True,False,1,1,30,19,6,5,9,38,5,5,95,True,
0,ok,True,98259297,True,True,DONE,,,0,d4e4e9eedd965af4751761920f782a4eec1430548d59832106b0fd43d34af231,no_explicit_terminal_engine_result,43,EpisodeState.COMPLETED,-1,12,54259963,loss,False,54,1,True,loss,/private/tmp/kaggle_eps/55565424/replays/episode-98259297-replay.json,-1,9d1ebbf02e48845c990070cd07b6410dfc05b65c76a329d8096f9a34f5313609,177,43,55565424,reached,20,False,False,1,1,30,26,1,3,14,11,6,10,108,False,,reached,30,True,False,1,1,24,19,2,3,10,6,6,15,135,True,,reached,10,True,False,1,1,42,33,5,4,5,24,6,5,66,True,
0,ok,True,98247451,False,False,DONE,,,1,a3d0391ebeae15ed870e7b0d6757bbae20ed0bdfde1563990e25de86e4e7099d,no_explicit_terminal_engine_result,18,EpisodeState.COMPLETED,-1,32,53973163,loss,True,24,1,True,loss,/private/tmp/kaggle_eps/55565424/replays/episode-98247451-replay.json,-1,b4d651bb57859aa98fa235f9c532628bc241b604c772e22d9588808c87af26c0,110,21,55565424,ended_before,,,,,,,,,,,,,,,,19,ended_before,,,,,,,,,,,,,,,,29,reached,9,False,False,1,1,38,30,2,6,13,24,6,5,57,False,
0,ok,True,98235640,True,True,DONE,,,0,b4ded7e04dffbe0b576ff174779ccfae6f3a0819abd98135a6cb77136c689b60,no_explicit_terminal_engine_result,18,EpisodeState.COMPLETED,1,8,55394529,win,False,43,1,True,win,/private/tmp/kaggle_eps/55565424/replays/episode-98235640-replay.json,1,044db41fe57aeb2f8920eb65bab7171fd1a0f0a6d4e42a71f1fc8f457a882f53,141,40,55565424,ended_before,,,,,,,,,,,,,,,,20,ended_before,,,,,,,,,,,,,,,,30,reached,10,True,False,1,1,17,9,4,4,4,32,6,5,81,True,
0,ok,True,98234592,True,True,DONE,,,0,3caa9e6ef95900d9a26cc8d53ad1ec269c2e64fd894f0f4e4bd4b4150c6d739c,no_explicit_terminal_engine_result,18,EpisodeState.COMPLETED,1,8,54346228,win,False,37,1,True,win,/private/tmp/kaggle_eps/55565424/replays/episode-98234592-replay.json,1,7d8fa6ff73b37d16c572346af9d42bf06c7ba656465790dc159e434354b16cec,132,35,55565424,ended_before,,,,,,,,,,,,,,,,20,ended_before,,,,,,,,,,,,,,,,30,reached,10,True,False,1,1,30,11,17,2,8,22,6,5,92,True,
0,ok,True,98222752,False,False,DONE,,,0,f2212c31a65689081a7c34fd6ff80165286137e6311a18b7d8e296819759fc8a,no_explicit_terminal_engine_result,14,EpisodeState.COMPLETED,-1,27,54539171,loss,True,32,0,True,loss,/private/tmp/kaggle_eps/55565424/replays/episode-98222752-replay.json,-1,31d6ddd864c44ff88a5a8fd9e571981f864b0eba5968811bcb6351ad48d3bead,126,29,55565424,ended_before,,,,,,,,,,,,,,,,19,ended_before,,,,,,,,,,,,,,,,29,reached,9,True,False,1,1,33,17,13,3,9,26,6,5,84,True,
0,ok,True,98210912,True,True,DONE,,,0,10697ae588d047806ea6373002d4e7548b013c7ce764bd70ddadaceb4a6a6078,no_explicit_terminal_engine_result,33,EpisodeState.COMPLETED,1,9,55548182,win,True,44,0,True,win,/private/tmp/kaggle_eps/55565424/replays/episode-98210912-replay.json,1,4922ece6680d6d27f42ca5162ffe4e4d6600bade40261ed5ccecd444f6cc292b,122,39,55565424,reached,19,True,False,1,1,37,25,8,4,2,35,6,10,69,True,,reached,29,True,False,1,1,13,4,6,3,4,29,6,15,108,True,,reached,9,True,False,1,1,43,33,6,4,5,41,6,5,47,True,
0,ok,True,98201829,False,False,DONE,,,0,e4144785216f67fc1222282ef9bd6e584843ab137edc094a287c8337c607d64e,no_explicit_terminal_engine_result,2,EpisodeState.COMPLETED,-1,59,55402726,loss,True,2,0,True,loss,/private/tmp/kaggle_eps/55565424/replays/episode-98201829-replay.json,-1,7b6bbfcd1a3bd530d84a3a9ce62b484b02230c3dfde3ca72b6e56fc1b57e2174,30,2,55565424,ended_before,,,,,,,,,,,,,,,,19,ended_before,,,,,,,,,,,,,,,,29,ended_before,,,,,,,,,,,,,,,,9
0,ok,True,98190048,False,False,DONE,,,0,a9c9d8d141c5807cd824e448f4aca80d97a54cc4ee64eeae690a3321715d085a,no_explicit_terminal_engine_result,16,EpisodeState.COMPLETED,-1,28,55535752,loss,True,24,0,True,loss,/private/tmp/kaggle_eps/55565424/replays/episode-98190048-replay.json,-1,ed6c2ea882e1c129a4e44d92eff6157bd11b9bf162ac347c69e531957ede63a3,101,20,55565424,ended_before,,,,,,,,,,,,,,,,19,ended_before,,,,,,,,,,,,,,,,29,reached,9,True,False,1,1,39,22,13,4,6,38,6,5,62,True,
0,ok,True,98181902,False,False,DONE,,,0,6e99f1d1f709abd66744156ee8fae9e36ee4dec7352f986f6e9e5a22212e72ca,no_explicit_terminal_engine_result,13,EpisodeState.COMPLETED,-1,25,55565043,loss,False,21,1,True,loss,/private/tmp/kaggle_eps/55565424/replays/episode-98181902-replay.json,-1,23ea4136ac13e0527217b48c7ed6ca518f2f5ce50a839cb82672913b88fc4cf4,103,21,55565424,ended_before,,,,,,,,,,,,,,,,20,ended_before,,,,,,,,,,,,,,,,30,reached,10,True,False,1,1,28,16,8,4,5,32,6,5,86,True,
0,ok,True,98176194,False,False,DONE,,,1,23028a7f5bffa7ac56f96efa305821c18edfb929b208ac08071b25872165ab11,no_explicit_terminal_engine_result,13,EpisodeState.COMPLETED,1,17,55043502,win,True,28,1,True,win,/private/tmp/kaggle_eps/55565424/replays/episode-98176194-replay.json,1,eadf27645630a3d1a7a15f3c0b6b6d74799d87707733201f07e94b7eac75900b,79,18,55565424,ended_before,,,,,,,,,,,,,,,,19,ended_before,,,,,,,,,,,,,,,,29,reached,9,True,False,1,1,30,20,4,6,11,34,6,5,52,True,
0,ok,True,98171645,False,False,DONE,,,0,a95f433ff60926feac77e689f2d39556e0ea4e34f657f34cceb497b150dd6371,no_explicit_terminal_engine_result,24,EpisodeState.COMPLETED,1,28,55565736,win,False,45,1,True,win,/private/tmp/kaggle_eps/55565424/replays/episode-98171645-replay.json,1,dee0542527f7acbc2d565aa7c77dfc336b9eb005bde950b109f50a69df470601,138,43,55565424,reached,20,True,False,1,1,30,7,22,1,7,11,6,10,129,True,,ended_before,,,,,,,,,,,,,,,,30,reached,10,False,False,1,1,35,20,11,4,16,17,6,5,89,False,
0,ok,True,98167819,False,False,DONE,,,0,441c4175c53a195240e7a4c5e39a5931cce70fed6bbb6bb0d96dc7a3bce13d98,no_explicit_terminal_engine_result,11,EpisodeState.COMPLETED,-1,31,55565125,loss,False,18,1,True,loss,/private/tmp/kaggle_eps/55565424/replays/episode-98167819-replay.json,-1,7ffe11393007ac4ea308f5efe1736f93bab5a133be8542d5128e46c0d88db193,96,13,55565424,ended_before,,,,,,,,,,,,,,,,20,ended_before,,,,,,,,,,,,,,,,30,reached,10,True,False,1,1,31,11,16,4,2,38,6,5,86,True,
0,ok,True,98161497,False,False,DONE,,,0,21339e9bf7a87e9ebeeae6daabc6950a94eccbdb795304833b82f0d90b7e95cf,no_explicit_terminal_engine_result,18,EpisodeState.COMPLETED,-1,22,54761505,loss,True,33,0,True,loss,/private/tmp/kaggle_eps/55565424/replays/episode-98161497-replay.json,-1,1a375e9b190a77b4880c2c09f6a1d90ed9021abb9ab26f5fd51350f021e29d33,114,32,55565424,ended_before,,,,,,,,,,,,,,,,19,ended_before,,,,,,,,,,,,,,,,29,reached,9,True,False,1,1,41,32,4,5,12,26,6,5,57,True,
0,ok,True,98149720,False,False,DONE,,,0,7b1cfc3a7038b9c49eee617c09e5d5657e4ffda5d54879131ebefd4332cd16bb,no_explicit_terminal_engine_result,23,EpisodeState.COMPLETED,-1,21,55547696,loss,False,37,1,True,loss,/private/tmp/kaggle_eps/55565424/replays/episode-98149720-replay.json,-1,e2e353b24eb832c1d15292690a0bf16d97fdbc275558f46a724a84d9c8b3b18b,251,35,55565424,reached,20,True,False,1,1,26,8,16,2,11,21,5,10,208,True,,ended_before,,,,,,,,,,,,,,,,30,reached,10,True,False,1,1,35,26,4,5,7,31,5,5,93,True,
0,ok,True,98147571,False,False,DONE,,,1,f32504257a999caefb6ecfbb65b8ab0f43c12b3e8a1b2f73a999009697a64f72,no_explicit_terminal_engine_result,23,EpisodeState.COMPLETED,1,17,55263050,win,True,45,1,True,win,/private/tmp/kaggle_eps/55565424/replays/episode-98147571-replay.json,1,6aaf9225be7dd28620fbf12e488dd6aed2efc1cec83ffc1408c4f389875bf776,113,42,55565424,reached,19,True,False,1,1,20,8,9,3,5,12,6,10,103,True,,ended_before,,,,,,,,,,,,,,,,29,reached,9,True,False,1,1,31,19,8,4,6,17,6,5,72,True,
0,ok,True,98135741,True,True,DONE,,,0,962ee69685906d05638f20918802d4daa534a3d446cb259ec89ad3748009d53a,no_explicit_terminal_engine_result,41,EpisodeState.COMPLETED,1,5,55169989,win,True,53,0,True,win,/private/tmp/kaggle_eps/55565424/replays/episode-98135741-replay.json,1,3b771d918a38ee8e318cf8c90a9f7e31f4d17570907b769f5921cd0ca9987c8c,139,47,55565424,reached,19,True,False,1,1,26,12,11,3,2,12,6,10,89,True,,reached,29,True,False,1,1,22,6,15,1,3,7,6,15,116,True,,reached,9,True,False,1,1,39,25,8,6,6,35,6,5,49,True,
0,ok,True,98123898,True,True,DONE,,,0,503c586c451b7c2c4b88cde04d67a5dc624529627c7faf7ed6332d7c21057648,no_explicit_terminal_engine_result,22,EpisodeState.COMPLETED,-1,13,55547077,loss,True,31,0,True,loss,/private/tmp/kaggle_eps/55565424/replays/episode-98123898-replay.json,-1,e8399ec017bcbe1aeb66f3d710ec452a005419d5e5cdba1bda9b6fce0e080007,111,27,55565424,reached,19,True,False,1,1,16,8,6,2,4,23,6,10,98,True,,ended_before,,,,,,,,,,,,,,,,29,reached,9,True,False,1,1,34,28,1,5,6,34,6,5,53,True,
0,ok,True,98111623,False,False,DONE,,,0,cbb0b106998d236509a8bc83b371e60c78dd1fbce6f4172581228317ea769606,no_explicit_terminal_engine_result,15,EpisodeState.COMPLETED,1,23,55559037,win,True,31,0,True,win,/private/tmp/kaggle_eps/55565424/replays/episode-98111623-replay.json,1,75fb0de1ac5d5be5ebc9c3476bcd785aa1914a215595b6de94fc1f69ef4b7a13,124,22,55565424,ended_before,,,,,,,,,,,,,,,,19,ended_before,,,,,,,,,,,,,,,,29,reached,9,False,False,1,1,38,31,1,6,18,28,5,5,73,False,
0,ok,True,98099785,True,True,DONE,,,0,648d47d73d7ec3232e5c9652ace066fa26c3f7d8c7b922fd30a9e83e9cb7e096,no_explicit_terminal_engine_result,23,EpisodeState.COMPLETED,1,12,55496486,win,True,52,0,True,win,/private/tmp/kaggle_eps/55565424/replays/episode-98099785-replay.json,1,61827b371a88f63d7f4cefe8f62f7f45652982a547071b554718dbfd7fb8bc74,146,42,55565424,reached,19,True,False,1,1,15,6,6,3,12,16,3,10,121,True,,ended_before,,,,,,,,,,,,,,,,29,reached,9,True,False,1,1,23,13,4,6,12,27,6,5,69,True,
0,ok,True,98089448,False,False,DONE,,,0,b60785435fbbf977044c2d39a026c081309d9b33514b740968b00436048336cc,no_explicit_terminal_engine_result,12,EpisodeState.COMPLETED,-1,40,55549516,loss,True,17,0,True,loss,/private/tmp/kaggle_eps/55565424/replays/episode-98089448-replay.json,-1,f59fc727c770b466112908e50c25c3e7fa40c4f9b62239bc39ca25b67d89955d,77,15,55565424,ended_before,,,,,,,,,,,,,,,,19,ended_before,,,,,,,,,,,,,,,,29,reached,9,True,False,1,1,41,33,4,4,6,34,6,5,57,True,
0,ok,True,98090530,False,False,DONE,,,0,70fe383353c89f89ea8b5e7f0bd3a06ad58bd2f50ee93c7a8dc6d63449c90678,no_explicit_terminal_engine_result,28,EpisodeState.COMPLETED,-1,31,55157056,loss,True,36,0,True,loss,/private/tmp/kaggle_eps/55565424/replays/episode-98090530-replay.json,-1,f7f97c1c12496a99274ed4df9211659d5307cfafd6210255626887100cc21b7e,88,35,55565424,reached,19,True,False,1,1,39,28,8,3,9,20,6,10,61,True,,ended_before,,,,,,,,,,,,,,,,29,reached,9,True,False,1,1,45,33,7,5,6,28,6,5,32,True,
0,ok,True,98089574,False,False,DONE,,,0,2997164ec0396cdfe4bb2fdda24ccaf85305e57f02b16a5a637f713652289b32,no_explicit_terminal_engine_result,18,EpisodeState.COMPLETED,-1,27,55506571,loss,True,29,0,True,loss,/private/tmp/kaggle_eps/55565424/replays/episode-98089574-replay.json,-1,258fab57b1f1e8b77ce828a7f1931d12d2a4bc05f3ac3ee6e0c5480507fac128,167,22,55565424,ended_before,,,,,,,,,,,,,,,,19,ended_before,,,,,,,,,,,,,,,,29,reached,9,False,False,1,1,37,27,5,5,21,29,6,5,83,False,
0,ok,True,98077248,False,False,DONE,,,0,e556f7f665a91de31d64a81000c531fda7e6a51454c9f3f859f985702966bddb,no_explicit_terminal_engine_result,16,EpisodeState.COMPLETED,-1,24,55547259,loss,True,37,0,True,loss,/private/tmp/kaggle_eps/55565424/replays/episode-98077248-replay.json,-1,8f22ecefc56133352590bc1cd3dd5965400e526bfa2aed50f97f8abbd818f91a,112,27,55565424,ended_before,,,,,,,,,,,,,,,,19,ended_before,,,,,,,,,,,,,,,,29,reached,9,False,False,1,1,37,27,4,6,16,24,5,5,64,False,
0,ok,True,98065450,False,False,DONE,,,0,ea69da4f0fcbd31fbc04c0efef2ef2d4e1907bc57ed286d2d3a1e66082486a2f,no_explicit_terminal_engine_result,13,EpisodeState.COMPLETED,-1,16,55474422,loss,False,36,1,True,loss,/private/tmp/kaggle_eps/55565424/replays/episode-98065450-replay.json,-1,0cbfad39fed158b73286359839709111603a05b484a4fce3e5268284d0e86097,142,33,55565424,ended_before,,,,,,,,,,,,,,,,20,ended_before,,,,,,,,,,,,,,,,30,reached,10,True,False,1,1,16,9,5,2,7,20,6,5,118,True,
0,ok,True,98063656,False,False,DONE,,,0,751f859bfaaf40c33c06110a10d3ddf2eaddb60a432524afd3680c9da5a28a61,no_explicit_terminal_engine_result,18,EpisodeState.COMPLETED,1,22,55564153,win,False,30,1,True,win,/private/tmp/kaggle_eps/55565424/replays/episode-98063656-replay.json,1,00a789a0825cb8d640d324f5333ac56f7e670ad63765ad549708aba7d0b9cb75,131,18,55565424,ended_before,,,,,,,,,,,,,,,,20,ended_before,,,,,,,,,,,,,,,,30,reached,10,True,False,1,1,40,33,1,6,11,36,4,5,58,True,
0,ok,True,98054107,False,False,DONE,,,0,4dc46c8c8366c42259e2da9aeb530981168c397a0de5b8877f3707c1db7aa4ba,no_explicit_terminal_engine_result,19,EpisodeState.COMPLETED,1,27,55352522,win,True,38,0,True,win,/private/tmp/kaggle_eps/55565424/replays/episode-98054107-replay.json,1,7d346b603110ab987f3294c17cf984163fd928ca872c2853e957ab526e842690,134,33,55565424,reached,19,True,False,1,1,27,21,1,5,6,16,1,10,131,True,,ended_before,,,,,,,,,,,,,,,,29,reached,9,True,False,1,1,36,28,3,5,4,34,5,5,67,True,
0,ok,True,98042219,False,False,DONE,,,1,0b3ca83397c9840fd163736d6fd084cfae635d294d8e294fba7b7b7dcc17b862,no_explicit_terminal_engine_result,22,EpisodeState.COMPLETED,-1,28,55344063,loss,True,47,1,True,loss,/private/tmp/kaggle_eps/55565424/replays/episode-98042219-replay.json,-1,71cdb6407b72960cda53614f7d6222d7eb981aedc91e69fc356ea3bd47b4f1b2,128,39,55565424,reached,19,True,False,1,1,32,22,8,2,8,16,4,10,105,True,,ended_before,,,,,,,,,,,,,,,,29,reached,9,False,False,1,1,38,30,4,4,14,27,6,5,63,False,
0,ok,True,98033017,True,True,DONE,,,0,b9d5f11cf8ed7376fa3a81ba9b536f8cb4079e01fccd6f50b8c4bc839c869341,no_explicit_terminal_engine_result,25,EpisodeState.COMPLETED,1,13,55164823,win,True,37,0,True,win,/private/tmp/kaggle_eps/55565424/replays/episode-98033017-replay.json,1,2c86f994b91305f2da5d4cf229d0a3d57d5176abc4d248beafeb378da0079cef,99,23,55565424,reached,19,False,False,1,1,17,6,5,6,22,23,6,10,82,False,,ended_before,,,,,,,,,,,,,,,,29,reached,9,True,False,1,1,39,29,4,6,11,33,6,5,44,True,
0,ok,True,98031717,False,False,DONE,,,0,fdfe60ddfb7b749e9a0ea693a0d8b6b5dd28501d2fa70713c813c2b9cfa48f7b,no_explicit_terminal_engine_result,33,EpisodeState.COMPLETED,-1,25,55322178,loss,False,33,1,True,loss,/private/tmp/kaggle_eps/55565424/replays/episode-98031717-replay.json,-1,512d4441b444f67955bcb60d2ed167b393469645c70d51da3b5f5e24b6497411,87,33,55565424,reached,20,True,False,1,1,39,25,8,6,4,13,6,10,65,True,,reached,30,True,False,1,1,31,17,8,6,7,3,6,15,80,True,,reached,10,True,False,1,1,45,36,3,6,5,33,6,5,45,True,
0,ok,True,98019855,False,False,DONE,,,0,2d97605b7887bd59f0f0a94636ccbb33f4b681749e6b71a72dd6a42ab538b7ef,no_explicit_terminal_engine_result,13,EpisodeState.COMPLETED,-1,23,55558168,loss,False,25,1,True,loss,/private/tmp/kaggle_eps/55565424/replays/episode-98019855-replay.json,-1,39da4d3f0383676e92fb3e0fc44760365e188f44bd940ba88efe8c5d7a0ffb81,160,22,55565424,ended_before,,,,,,,,,,,,,,,,20,ended_before,,,,,,,,,,,,,,,,30,reached,10,True,False,1,1,24,12,8,4,7,34,5,5,111,True,
0,ok,True,98010346,True,True,DONE,,,0,6b1f645a457f333ac63fad122ba98665470158d53456e5cac4bf67e2d888c88b,no_explicit_terminal_engine_result,25,EpisodeState.COMPLETED,1,10,54762696,win,True,46,0,True,win,/private/tmp/kaggle_eps/55565424/replays/episode-98010346-replay.json,1,3fda7f7ef0890869f484777429c0055b1579ab0cc95ee56f07e3555bf68c91c4,206,38,55565424,reached,19,False,False,1,1,20,14,3,3,13,22,3,10,152,False,,ended_before,,,,,,,,,,,,,,,,29,reached,9,True,False,1,1,28,19,4,5,2,34,5,5,82,True,
0,ok,True,98003657,False,False,DONE,,,0,6340deb636f90c831db174e73d52d49d041ce96ed0c907aa07e7412167b38319,no_explicit_terminal_engine_result,16,EpisodeState.COMPLETED,-1,18,55551102,loss,True,37,0,True,loss,/private/tmp/kaggle_eps/55565424/replays/episode-98003657-replay.json,-1,41f15a152f9839d231275094ed85c97fe41607a7afadefb5daad5c9f1075ef17,148,33,55565424,ended_before,,,,,,,,,,,,,,,,19,ended_before,,,,,,,,,,,,,,,,29,reached,9,True,False,1,1,29,16,10,3,11,25,6,5,91,True,
0,ok,True,97994457,True,True,DONE,,,1,2af66a1469761dd481b7ba6e366e4673f8b25ca1f5b980fe7f71396ae40029cf,no_explicit_terminal_engine_result,22,EpisodeState.COMPLETED,-1,11,54708011,loss,True,34,1,True,loss,/private/tmp/kaggle_eps/55565424/replays/episode-97994457-replay.json,-1,206da0293dd7b3186b704b21220d23bf0d54104bb580b05b008cc4cf31670d94,105,33,55565424,reached,19,True,False,1,1,16,7,7,2,6,19,5,10,91,True,,ended_before,,,,,,,,,,,,,,,,29,reached,9,True,False,1,1,34,23,5,6,11,34,6,5,48,True,
0,ok,True,97982666,True,True,DONE,,,1,dcc1b6e918a9c0b284532e7c56e0fa0e5a61cc7b3929593a19f1dcbb96132918,no_explicit_terminal_engine_result,21,EpisodeState.COMPLETED,1,12,55525050,win,True,42,1,True,win,/private/tmp/kaggle_eps/55565424/replays/episode-97982666-replay.json,1,43df1fd68a3956d9979350537002b656c31196a981390decc0ee6a94daa888a5,115,39,55565424,reached,19,True,False,1,1,13,3,7,3,6,15,6,10,110,True,,ended_before,,,,,,,,,,,,,,,,29,reached,9,True,False,1,1,24,16,4,4,9,26,6,5,70,True,
0,ok,True,97970839,False,False,DONE,,,0,70b6096803629717b4c2ecc7c23ac749386d1f8b8faa30d99d35aefa828142f6,no_explicit_terminal_engine_result,25,EpisodeState.COMPLETED,-1,21,55549098,loss,False,45,1,True,loss,/private/tmp/kaggle_eps/55565424/replays/episode-97970839-replay.json,-1,c7c292cd507e91dde1d13069ac5eb5475fff2baa84f693acda049655622385f8,241,41,55565424,reached,20,True,False,1,1,24,13,9,2,7,17,2,10,194,True,,ended_before,,,,,,,,,,,,,,,,30,reached,10,True,False,1,1,33,18,10,5,9,33,6,5,81,True,
0,ok,True,97958548,False,False,DONE,,,0,1609540dedec4acf2131a55199d24dae0271d633dd21ba5630ff8d23aab2242d,no_explicit_terminal_engine_result,21,EpisodeState.COMPLETED,1,16,55541058,win,True,37,0,True,win,/private/tmp/kaggle_eps/55565424/replays/episode-97958548-replay.json,1,1611e06df103e9c3a60b998a01c95f050606a492b8ab6153f69343e74c39ef8a,116,29,55565424,reached,19,True,False,1,1,19,7,6,6,6,13,6,10,102,True,,ended_before,,,,,,,,,,,,,,,,29,reached,9,True,False,1,1,37,25,6,6,8,29,6,5,56,True,
0,ok,True,97957078,False,False,DONE,,,0,392cec910909eb7c865ebaedcb8179335f71ce747d91f1aa615d38f80efedf7a,no_explicit_terminal_engine_result,34,EpisodeState.COMPLETED,1,23,54180624,win,False,38,1,True,win,/private/tmp/kaggle_eps/55565424/replays/episode-97957078-replay.json,1,3d9103ddff26bb0f96e0f3e05880d22e58ca029404d70ef46eadf371459d616c,202,38,55565424,reached,20,True,False,1,1,37,26,9,2,9,17,5,10,140,True,,reached,30,True,False,1,1,27,19,6,2,6,20,3,15,180,True,,reached,10,True,False,1,1,42,35,4,3,9,32,5,5,72,True,
0,ok,True,97944782,False,False,DONE,,,0,38d7b20f2fef6a5ed2cc4aecbe6e5b2531d6710fa03798ad1e6180031250003d,no_explicit_terminal_engine_result,16,EpisodeState.COMPLETED,-1,25,55536684,loss,True,27,0,True,loss,/private/tmp/kaggle_eps/55565424/replays/episode-97944782-replay.json,-1,8f15a07dd1519425906156eae6fd4f3909900ffe5ff8b94e9db88b61df217ddb,128,27,55565424,ended_before,,,,,,,,,,,,,,,,19,ended_before,,,,,,,,,,,,,,,,29,reached,9,True,False,1,1,29,11,14,4,4,32,5,5,84,True,
0,ok,True,97932980,True,True,DONE,,,0,e2ae19215ae7e13abbae7b26cb2b51026332964adc72c9bc809785a9490dad52,no_explicit_terminal_engine_result,19,EpisodeState.COMPLETED,1,10,55468944,win,True,37,0,True,win,/private/tmp/kaggle_eps/55565424/replays/episode-97932980-replay.json,1,b874e3dba72eb38e5c7ef78f09b35dc7aabaa9f4c01ea084f47a026a1a386ee4,125,35,55565424,reached,19,True,False,1,1,10,3,5,2,8,17,6,10,118,True,,ended_before,,,,,,,,,,,,,,,,29,reached,9,True,False,1,1,34,21,8,5,9,29,6,5,63,True,
0,ok,True,97921153,False,False,DONE,,,0,91f3938effe5f88d23f3a1bc42efa949dc40972051037b428d264b3de6d34f78,no_explicit_terminal_engine_result,19,EpisodeState.COMPLETED,1,23,55559965,win,True,27,0,True,win,/private/tmp/kaggle_eps/55565424/replays/episode-97921153-replay.json,1,1a1e69acf1675340843409c141ea5841ceb0afce609f71adc7c3f002ceaaf1c3,153,27,55565424,reached,19,True,False,1,1,23,14,5,4,10,24,1,10,150,True,,ended_before,,,,,,,,,,,,,,,,29,reached,9,True,False,1,1,47,38,3,6,8,44,5,5,43,True,
0,ok,True,97913165,False,False,DONE,,,0,69e0a07f8ffdf9885844b1fb2f855e42721228b8d04582effe9dd7aed19a326b,no_explicit_terminal_engine_result,32,EpisodeState.COMPLETED,-1,40,55324300,loss,True,53,0,True,loss,/private/tmp/kaggle_eps/55565424/replays/episode-97913165-replay.json,-1,07e3ee14db62e20cfee9053bff1926eb7997df07e83592c31f761ebcca6698ea,141,51,55565424,reached,19,True,False,1,1,46,42,1,3,7,15,6,10,82,True,,reached,29,True,False,1,1,42,41,0,1,5,2,6,15,129,True,,reached,9,True,False,1,1,56,44,7,5,7,32,6,5,38,True,
0,ok,True,97901392,True,True,DONE,,,0,e76b58bfa5abafe123915bcbef7918e2f12db708990c1c44af16659546b28c27,no_explicit_terminal_engine_result,21,EpisodeState.COMPLETED,-1,12,55191104,loss,False,44,1,True,loss,/private/tmp/kaggle_eps/55565424/replays/episode-97901392-replay.json,-1,a563e25ad6b519a87fc857c06032b61507cdf3521f4240b40eb529f6336655bd,226,40,55565424,reached,20,True,False,1,1,12,7,4,1,6,14,2,10,205,True,,ended_before,,,,,,,,,,,,,,,,30,reached,10,True,False,1,1,33,23,5,5,11,24,6,5,82,True,
0,ok,True,97889619,False,False,DONE,,,0,62ee3da1e5eb09dcf2efae54393392fb10ae8fdff56d0c62239e458a06c708e6,no_explicit_terminal_engine_result,26,EpisodeState.COMPLETED,-1,17,55564095,loss,True,49,0,True,loss,/private/tmp/kaggle_eps/55565424/replays/episode-97889619-replay.json,-1,d81180745a324e36fb978549ee8c8f13ccca527e80274b69ac8d9909bdb1c033,238,47,55565424,reached,19,True,False,1,1,25,12,10,3,6,30,3,10,138,True,,ended_before,,,,,,,,,,,,,,,,29,reached,9,True,False,1,1,32,23,3,6,9,36,5,5,81,True,
0,ok,True,97877806,True,True,DONE,,,0,3ae3068c53e66704a78bdab9587869a6928c42f4dfa6c7732623a36017149aa9,no_explicit_terminal_engine_result,21,EpisodeState.COMPLETED,1,13,55316392,win,True,41,0,True,win,/private/tmp/kaggle_eps/55565424/replays/episode-97877806-replay.json,1,e972365ddf3c2ad851d4c2b0192178f04c0b676eab58c52c042a4fb83944a43e,234,36,55565424,reached,19,True,False,1,1,15,5,7,3,6,32,2,10,204,True,,ended_before,,,,,,,,,,,,,,,,29,reached,9,True,False,1,1,40,26,8,6,2,39,6,5,81,True,
0,ok,True,97875188,False,False,DONE,,,1,0ba1fbe5ce1d9fed787f17aa4ed8ab57aac38b7af1b7f5c569a86890822b788a,no_explicit_terminal_engine_result,36,EpisodeState.COMPLETED,-1,23,55132748,loss,True,53,1,True,loss,/private/tmp/kaggle_eps/55565424/replays/episode-97875188-replay.json,-1,27c8b22faa5b7b7d4ba43937da4e5681d81104123ea0b1032c2725d6e744345c,133,52,55565424,reached,19,True,False,1,1,27,22,3,2,4,14,5,10,93,True,,reached,29,True,False,1,1,24,17,6,1,4,4,5,15,119,True,,reached,9,True,False,1,1,39,28,7,4,9,24,6,5,49,True,
0,ok,True,97862918,False,False,DONE,,,1,813719eab4e08d0d2a9ed4c8097e983b0335eb04793b142d96a42f9c43851a89,no_explicit_terminal_engine_result,20,EpisodeState.COMPLETED,-1,18,55531059,loss,True,34,1,True,loss,/private/tmp/kaggle_eps/55565424/replays/episode-97862918-replay.json,-1,b13412bb592bfe970b18118d7e1d5ba80f057b4acafe63eb6a7afe0bb1d9983a,110,31,55565424,reached,19,True,False,1,1,18,12,5,1,4,12,5,10,105,True,,ended_before,,,,,,,,,,,,,,,,29,reached,9,True,False,1,1,35,25,4,6,6,30,5,5,51,True,
0,ok,True,97851089,True,True,DONE,,,0,3c21230f480e021222ce8c9930793ae3c11946f751e8782788aff3bd68103554,no_explicit_terminal_engine_result,17,EpisodeState.COMPLETED,-1,11,55238625,loss,False,37,1,True,loss,/private/tmp/kaggle_eps/55565424/replays/episode-97851089-replay.json,-1,159e9f60e9ac4cb9c5901e9d2dbae8f20177cb925b0978007b2006acb322b0f1,208,27,55565424,ended_before,,,,,,,,,,,,,,,,20,ended_before,,,,,,,,,,,,,,,,30,reached,10,True,False,1,1,24,14,5,5,9,33,4,5,116,True,
0,ok,True,97845794,True,True,DONE,,,0,06c141b75f222316c95b7da52b00e049aa296741a22a1ed015e3f907c715b8db,no_explicit_terminal_engine_result,24,EpisodeState.COMPLETED,-1,14,55343414,loss,True,51,0,True,loss,/private/tmp/kaggle_eps/55565424/replays/episode-97845794-replay.json,-1,c996b01ca1cb53f0a562f9086144081abbae4df284eb8a591f32b312119f7fdb,208,46,55565424,reached,19,True,False,1,1,15,6,6,3,6,29,3,10,156,True,,ended_before,,,,,,,,,,,,,,,,29,reached,9,True,False,1,1,33,20,7,6,10,36,5,5,77,True,
0,ok,True,97844828,True,True,DONE,,,0,660283a2eac4111d55a88015493eec9efeda26b45775a6175fa2901e08a983fa,no_explicit_terminal_engine_result,20,EpisodeState.COMPLETED,1,14,55553246,win,False,36,1,True,win,/private/tmp/kaggle_eps/55565424/replays/episode-97844828-replay.json,1,2ca9711e84c8902a9ae31e47a8c190298ccf88f4773fafb120987fce9d7beb80,160,35,55565424,reached,20,True,False,1,1,14,4,4,6,10,18,1,10,155,True,,ended_before,,,,,,,,,,,,,,,,30,reached,10,True,False,1,1,36,27,3,6,7,27,5,5,84,True,
0,ok,True,97832384,False,False,DONE,,,0,452f2f4d11c55d841eb57380d2bb61e5b03c23080dc113b3f2a336711896be3c,no_explicit_terminal_engine_result,16,EpisodeState.COMPLETED,-1,35,55542022,loss,True,34,0,True,loss,/private/tmp/kaggle_eps/55565424/replays/episode-97832384-replay.json,-1,4ac14a281aa253a112f538354609a8339194e65ce69be18667f86b1e485eab7b,156,27,55565424,ended_before,,,,,,,,,,,,,,,,19,ended_before,,,,,,,,,,,,,,,,29,reached,9,True,False,1,1,39,29,4,6,2,33,6,5,78,True,
0,ok,True,97833008,False,False,DONE,,,0,2dc0263987cd9e25841b354e6e34c5ef947814a508fd452d60d79d86f9e234a5,no_explicit_terminal_engine_result,19,EpisodeState.COMPLETED,1,16,55561474,win,True,45,0,True,win,/private/tmp/kaggle_eps/55565424/replays/episode-97833008-replay.json,1,f2ee402a8609b56212451cee678a424fba70cd027cfd205dd523166efcf3d62a,180,44,55565424,reached,19,True,False,1,1,16,8,5,3,8,14,3,10,174,True,,ended_before,,,,,,,,,,,,,,,,29,reached,9,True,False,1,1,34,25,3,6,10,28,6,5,76,True,
0,ok,True,97832128,True,True,DONE,,,0,72ee568da9c6848fdbc02fd13543291f81981497d82f1539eddac91d49b5af55,no_explicit_terminal_engine_result,29,EpisodeState.COMPLETED,1,12,54395941,win,True,41,0,True,win,/private/tmp/kaggle_eps/55565424/replays/episode-97832128-replay.json,1,9b5fc172c40bd36dabf4982168fecfb3a5124449c769dc8a796e20a429ed7151,133,35,55565424,reached,19,True,False,1,1,32,18,8,6,8,17,6,10,90,True,,reached,29,False,False,1,1,12,0,6,6,13,6,6,15,128,False,,reached,9,True,False,1,1,49,38,5,6,8,25,6,5,45,True,
0,ok,True,97820533,False,False,DONE,,,0,433195bcacef11f7ef6784431c650fde8b3776dc59705e81c7ff777d685c3df5,no_explicit_terminal_engine_result,25,EpisodeState.COMPLETED,1,25,55554061,win,True,36,0,True,win,/private/tmp/kaggle_eps/55565424/replays/episode-97820533-replay.json,1,8626dba3e03a7bf97bb1f9c9482f64566dff24c946c4416d459d4a9ffae1020f,136,24,55565424,reached,19,True,False,1,1,27,4,18,5,3,26,6,10,121,True,,ended_before,,,,,,,,,,,,,,,,29,reached,9,False,False,1,1,29,10,14,5,14,32,6,5,88,False,
0,ok,True,97808011,False,False,DONE,,,0,9ecb76356944a1dfa9aa9794960be02af5119ce841f4c25bc4b31c39c5c1223c,no_explicit_terminal_engine_result,14,EpisodeState.COMPLETED,-1,30,55388626,loss,True,19,0,True,loss,/private/tmp/kaggle_eps/55565424/replays/episode-97808011-replay.json,-1,f389e1ce49a91dfe27696c7ae7e08e391f654c3951cd02743d6a0c76660a3fbe,110,17,55565424,ended_before,,,,,,,,,,,,,,,,19,ended_before,,,,,,,,,,,,,,,,29,reached,9,True,False,1,1,36,21,12,3,4,41,6,5,64,True,
0,ok,True,97808181,False,False,DONE,,,0,c46f325e31dfd16bfe7f3f85e359c07c0596356c55d177c107848c5b7aa91ffc,no_explicit_terminal_engine_result,24,EpisodeState.COMPLETED,-1,27,55492084,loss,True,39,0,True,loss,/private/tmp/kaggle_eps/55565424/replays/episode-97808181-replay.json,-1,8a28828c8c87b244f27d009420cd4c67fdad0ceed7d6231136dd72b7cd914b3a,188,37,55565424,reached,19,True,False,1,1,30,18,8,4,11,27,6,10,132,True,,ended_before,,,,,,,,,,,,,,,,29,reached,9,True,False,1,1,37,26,5,6,10,33,6,5,60,True,
0,ok,True,97796143,False,False,DONE,,,0,54862fa04fc5dcdb3b2a527a5c316e3f2981a52abe19887e248938026f7592ed,no_explicit_terminal_engine_result,32,EpisodeState.COMPLETED,-1,22,55403667,loss,True,39,0,True,loss,/private/tmp/kaggle_eps/55565424/replays/episode-97796143-replay.json,-1,7993a35d1fa717c2c234469e9dbb8955a05d4fc26cdbe9d7fe52510a85e895f8,111,37,55565424,reached,19,True,False,1,1,28,19,3,6,5,15,6,10,83,True,,reached,29,True,False,1,1,22,12,4,6,11,3,6,15,105,True,,reached,9,True,False,1,1,40,34,0,6,12,20,6,5,57,True,
0,ok,True,97784304,True,True,DONE,,,0,855abaafef711590a6872ff389ec0a6025053f8dce5b2db44f26f52e0502a167,no_explicit_terminal_engine_result,28,EpisodeState.COMPLETED,1,9,54922305,win,False,31,1,True,win,/private/tmp/kaggle_eps/55565424/replays/episode-97784304-replay.json,1,9fa7d77c7c203b3139665b87988798cf1ef554332d9a40474866d1dda377cc73,97,31,55565424,reached,20,True,False,1,1,22,12,4,6,8,22,6,10,68,True,,ended_before,,,,,,,,,,,,,,,,30,reached,10,True,False,1,1,36,28,2,6,7,38,6,5,45,True,
0,ok,True,97772480,True,True,DONE,,,1,d6a25620a8f423760d9677d7c46474850d5fa73f814180d83e2311f2b9734473,no_explicit_terminal_engine_result,19,EpisodeState.COMPLETED,1,13,55487635,win,True,28,1,True,win,/private/tmp/kaggle_eps/55565424/replays/episode-97772480-replay.json,1,46e311a92077055d6db5b6ede74dd7006fa2b9f444ce0da79cb9dc6f996f4052,108,24,55565424,reached,19,True,False,1,1,13,1,9,3,4,24,6,10,105,True,,ended_before,,,,,,,,,,,,,,,,29,reached,9,True,False,1,1,30,11,15,4,6,35,6,5,73,True,
0,ok,True,97760104,False,False,DONE,,,0,d5ec812c38c6849330bdff8bc9f2757976c0eb4b2c273149d019bc453edc745d,no_explicit_terminal_engine_result,21,EpisodeState.COMPLETED,1,17,55522115,win,True,47,0,True,win,/private/tmp/kaggle_eps/55565424/replays/episode-97760104-replay.json,1,093738e8e6ed262dd9e407d9ea1cec0fa36ea458ece58522088e84c3fa00349f,217,35,55565424,reached,19,True,False,1,1,22,13,7,2,9,17,2,10,181,True,,ended_before,,,,,,,,,,,,,,,,29,reached,9,False,False,1,1,30,22,2,6,18,32,5,5,86,False,
0,ok,True,97759479,True,True,DONE,,,0,f921fe97636ee02431eca12de269a2fc7252c9d625f9c6cfb49d445f33c3b5b6,no_explicit_terminal_engine_result,23,EpisodeState.COMPLETED,1,6,55515226,win,True,39,0,True,win,/private/tmp/kaggle_eps/55565424/replays/episode-97759479-replay.json,1,5dad49bb4de0d889a8288902e37a3dd43dc8051d56975d82a3f51c2e6c74ae78,133,37,55565424,reached,19,True,False,1,1,11,8,0,3,5,13,6,10,118,True,,ended_before,,,,,,,,,,,,,,,,29,reached,9,False,False,1,1,30,23,4,3,13,30,6,5,77,False,
0,ok,True,97748314,False,False,DONE,,,0,f53110bb6886ce1caabf303a0166ae37f7800e716431514ecdbbd04e062ac8d2,no_explicit_terminal_engine_result,16,EpisodeState.COMPLETED,1,20,55374596,win,False,35,1,True,win,/private/tmp/kaggle_eps/55565424/replays/episode-97748314-replay.json,1,405d0177de0acdccdb5ee1f09d4e29e71e76514e1b009646e3b266b92bc862b6,143,30,55565424,ended_before,,,,,,,,,,,,,,,,20,ended_before,,,,,,,,,,,,,,,,30,reached,10,True,False,1,1,32,21,7,4,7,31,4,5,97,True,
0,ok,True,97736477,True,True,DONE,,,0,6ade2484a62a1be238482194a4955ee5a96d629467de97a1aba51c4ba52f739d,no_explicit_terminal_engine_result,16,EpisodeState.COMPLETED,-1,14,55562364,loss,True,33,0,True,loss,/private/tmp/kaggle_eps/55565424/replays/episode-97736477-replay.json,-1,3a4a834d68afbfbc846e6f66d7323d9ffaa942132fca0837a0f82480c953c3e9,140,31,55565424,ended_before,,,,,,,,,,,,,,,,19,ended_before,,,,,,,,,,,,,,,,29,reached,9,True,False,1,1,31,15,12,4,4,28,6,5,83,True,
0,ok,True,97726164,False,False,DONE,,,1,ee382db1307c7e007d459414f5d88cc23b9d50553653200f321020dbd229bf33,no_explicit_terminal_engine_result,21,EpisodeState.COMPLETED,1,24,55353623,win,True,38,1,True,win,/private/tmp/kaggle_eps/55565424/replays/episode-97726164-replay.json,1,3ad21bb42f8470e53fcb9f8bfb2d8645bc95b8c5a01374e1843c9d5b61bd7dbf,124,34,55565424,reached,19,False,False,1,1,26,16,6,4,13,22,2,10,109,False,,ended_before,,,,,,,,,,,,,,,,29,reached,9,True,False,1,1,40,29,6,5,9,34,6,5,53,True,
0,ok,True,97714340,True,True,DONE,,,1,6e050d58ae2dbf379826ba1165d48cfb1750e80d90242d43f7dbd68b4a4cdd52,no_explicit_terminal_engine_result,17,EpisodeState.COMPLETED,1,13,55515666,win,True,35,1,True,win,/private/tmp/kaggle_eps/55565424/replays/episode-97714340-replay.json,1,63fcd763868b401eb0857dd30b12578fd1181e6c55e2f932aff2f1c1ea0419a7,118,24,55565424,ended_before,,,,,,,,,,,,,,,,19,ended_before,,,,,,,,,,,,,,,,29,reached,9,False,False,1,1,23,10,7,6,19,28,6,5,69,False,
0,ok,True,97702535,True,True,DONE,,,0,15e136c109a60488d14ea01734e7b99d934b10ae5ad0ff1a82b22b20b34318e2,no_explicit_terminal_engine_result,20,EpisodeState.COMPLETED,-1,14,55555933,loss,True,34,0,True,loss,/private/tmp/kaggle_eps/55565424/replays/episode-97702535-replay.json,-1,b9648d164187818db7313bdeaa615ea6bd70a8aeee853e73befda1feda51f9db,218,24,55565424,reached,19,True,False,1,1,14,5,7,2,4,36,2,10,205,True,,ended_before,,,,,,,,,,,,,,,,29,reached,9,False,False,1,1,32,16,11,5,16,35,5,5,89,False,
0,ok,True,97696144,False,False,DONE,,,1,395ae4fe6e71f6dd24ee0552086c8ae89ea3453ad94191e7b4baa68861f87fd1,no_explicit_terminal_engine_result,14,EpisodeState.COMPLETED,-1,17,55151848,loss,True,29,1,True,loss,/private/tmp/kaggle_eps/55565424/replays/episode-97696144-replay.json,-1,ba682ea3d0945540111edcf76d0548b95965339cb251d84e6dc0d6d6b4be7c54,132,28,55565424,ended_before,,,,,,,,,,,,,,,,19,ended_before,,,,,,,,,,,,,,,,29,reached,9,True,False,1,1,22,11,8,3,3,39,6,5,84,True,
0,ok,True,97694715,True,True,DONE,,,0,8d60d41cccae074f0de150798716daae7702e726520af1ee08e303ae9fd8c0fe,no_explicit_terminal_engine_result,31,EpisodeState.COMPLETED,1,12,55316997,win,True,53,0,True,win,/private/tmp/kaggle_eps/55565424/replays/episode-97694715-replay.json,1,d04e1ff0869f9a86331b8659108ce998af478d4c9fa841a931a2dc56046474d2,217,49,55565424,reached,19,True,False,1,1,19,11,4,4,10,28,1,10,148,True,,reached,29,True,False,1,1,12,5,5,2,10,15,1,15,201,True,,reached,9,True,False,1,1,32,22,5,5,9,34,5,5,70,True,
0,ok,True,97682370,False,False,DONE,,,0,b582c1fb141e9a56ff6cd16e39874b11167eec7980b2da0b80825e9e82e7cfdd,no_explicit_terminal_engine_result,22,EpisodeState.COMPLETED,-1,15,55557855,loss,True,48,0,True,loss,/private/tmp/kaggle_eps/55565424/replays/episode-97682370-replay.json,-1,d28401bffa8411b7048be938efeeac60849c86aa18186a42a8de4810858edfda,206,40,55565424,reached,19,True,False,1,1,18,12,5,1,6,9,6,10,177,True,,ended_before,,,,,,,,,,,,,,,,29,reached,9,True,False,1,1,33,21,7,5,8,30,6,5,86,True,
0,ok,True,97670513,True,True,DONE,,,0,fbee899050f33f347313b1d20d8f4cb7ecd7dd34a7b4491ac77c9d8a3ca6d566,no_explicit_terminal_engine_result,18,EpisodeState.COMPLETED,-1,12,55152806,loss,True,34,0,True,loss,/private/tmp/kaggle_eps/55565424/replays/episode-97670513-replay.json,-1,c85a646b62f0a642c2aded93b9e867b4e37d3ffc71a66be33bca2a96a01d7170,140,27,55565424,ended_before,,,,,,,,,,,,,,,,19,ended_before,,,,,,,,,,,,,,,,29,reached,9,False,False,1,1,33,19,10,4,16,25,6,5,76,False,
0,ok,True,97668149,False,False,DONE,,,0,2a620617b5d1f1f3904aea80af7aaf444d036ddbbf8e493ddf0737f9c1a68f95,no_explicit_terminal_engine_result,15,EpisodeState.COMPLETED,1,18,55178850,win,True,35,0,True,win,/private/tmp/kaggle_eps/55565424/replays/episode-97668149-replay.json,1,f6253ed72d61cd1e8068ba5ff0ae0dd9e898c32742f51afd38f17d6cd762b1f0,128,24,55565424,ended_before,,,,,,,,,,,,,,,,19,ended_before,,,,,,,,,,,,,,,,29,reached,9,False,False,1,1,25,9,10,6,19,27,6,5,89,False,
0,ok,True,97656311,False,False,DONE,,,0,77b6cc1eef882436ccccc700177c8bba146d88bd3b9c323f09d57ab1bbcff1ea,no_explicit_terminal_engine_result,29,EpisodeState.COMPLETED,1,18,55539480,win,True,42,0,True,win,/private/tmp/kaggle_eps/55565424/replays/episode-97656311-replay.json,1,d23592d2c705f8131b27539455070f4a04b22451eab1cfd90f8002d08d9afbe1,127,37,55565424,reached,19,True,False,1,1,32,26,1,5,6,25,5,10,92,True,,reached,29,False,False,1,1,18,8,5,5,13,20,1,15,124,False,,reached,9,True,False,1,1,41,35,0,6,7,30,6,5,66,True,
0,ok,True,97644499,True,True,DONE,,,0,487f4d3c6ab006a5d42acaa0895035cadb562a748398f3f509e1b66243cc1a08,no_explicit_terminal_engine_result,15,EpisodeState.COMPLETED,-1,6,55546463,loss,False,31,1,True,loss,/private/tmp/kaggle_eps/55565424/replays/episode-97644499-replay.json,-1,6e8be7b0e96cff8e1879f319bb6de9928824062d30e32352a8be94defe6e720e,129,30,55565424,ended_before,,,,,,,,,,,,,,,,20,ended_before,,,,,,,,,,,,,,,,30,reached,10,True,False,1,1,33,10,20,3,9,25,6,5,85,True,
0,ok,True,97635498,False,False,DONE,,,0,fa2939ff1eca4807c08f876edf3234a690fa72e7c81a7543ec3d6fd87d32f516,no_explicit_terminal_engine_result,16,EpisodeState.COMPLETED,1,21,55564802,win,False,28,1,True,win,/private/tmp/kaggle_eps/55565424/replays/episode-97635498-replay.json,1,a8b5a78b0b1e5c94cffec7567086dcb05c6e6b3eb1299c65ff557a18fd8b834c,142,26,55565424,ended_before,,,,,,,,,,,,,,,,20,ended_before,,,,,,,,,,,,,,,,30,reached,10,True,False,1,1,29,15,8,6,9,34,4,5,94,True,
0,ok,True,97623183,False,False,DONE,,,0,a944cd96edac7879498c80293680717bd72a01e33d62db8003131ff0ae55e494,no_explicit_terminal_engine_result,42,EpisodeState.COMPLETED,1,16,55516749,win,False,50,1,True,win,/private/tmp/kaggle_eps/55565424/replays/episode-97623183-replay.json,1,7bf60a74f7029d37428b09fd7004498fa32416889d7609b2b62bd71de8efbc58,149,46,55565424,reached,20,True,False,1,1,34,20,8,6,10,22,6,10,82,True,,reached,30,False,False,1,1,19,7,6,6,17,10,6,15,102,False,,reached,10,True,False,1,1,34,25,3,6,7,27,6,5,70,True,
0,ok,True,97611360,False,False,DONE,,,0,312729b88f75f529872abbaf6f2e7efd8846e73bec9bdf662fc290fee05922b0,no_explicit_terminal_engine_result,32,EpisodeState.COMPLETED,-1,22,55013357,loss,True,46,0,True,loss,/private/tmp/kaggle_eps/55565424/replays/episode-97611360-replay.json,-1,ed5c53f4c5bb52f2060af49cb0fe4d23a274ceb6d66d73180a179a2d2c40f570,119,43,55565424,reached,19,True,False,1,1,22,15,3,4,6,18,6,10,87,True,,reached,29,True,False,1,1,22,10,11,1,4,6,6,15,113,True,,reached,9,True,False,1,1,43,31,6,6,11,30,6,5,49,True,
0,ok,True,97599608,False,False,DONE,,,0,39d8224bb854766a3b131dd6b0d2c7ec2c36d7af6ca4bbd6d0b6bd758e02215f,no_explicit_terminal_engine_result,21,EpisodeState.COMPLETED,1,17,54535977,win,True,31,0,True,win,/private/tmp/kaggle_eps/55565424/replays/episode-97599608-replay.json,1,9cf81e2de3d059263aa976540a7af04fdca3e88d9bffa8c12fcd697b7efdd0e9,95,31,55565424,reached,19,True,False,1,1,18,4,9,5,8,20,5,10,88,True,,ended_before,,,,,,,,,,,,,,,,29,reached,9,True,False,1,1,24,14,5,5,10,32,6,5,58,True,
0,ok,True,97587776,True,True,DONE,,,0,b8d58512fe0742808f6a1c30fe36edc0a9128cf792726fc4b3911258fb580383,no_explicit_terminal_engine_result,24,EpisodeState.COMPLETED,1,8,55561427,win,False,40,1,True,win,/private/tmp/kaggle_eps/55565424/replays/episode-97587776-replay.json,1,46ec8d70c075bdd1b597457bcef6aeaa7fb8a3f9d2413ecaf1afb03ef8b64428,116,31,55565424,reached,20,True,False,1,1,16,4,6,6,9,11,6,10,101,True,,ended_before,,,,,,,,,,,,,,,,30,reached,10,False,False,1,1,33,18,9,6,21,19,6,5,59,False,
0,ok,True,97581913,True,True,DONE,,,0,df1e270638fc1cf294baf5eca7ab3cae7b4a8d196f74d5923f07b3f043f6dc1d,no_explicit_terminal_engine_result,17,EpisodeState.COMPLETED,1,5,55554896,win,True,36,0,True,win,/private/tmp/kaggle_eps/55565424/replays/episode-97581913-replay.json,1,576dac85cb35542a2c6ef13b03767ccb3b2d1add481ce87e2a584050c0af05ec,131,35,55565424,ended_before,,,,,,,,,,,,,,,,19,ended_before,,,,,,,,,,,,,,,,29,reached,9,True,False,1,1,25,9,12,4,11,18,6,5,89,True,
0,ok,True,97579904,False,False,DONE,,,0,6f07be004458ff3a1a6dc3bedd8563a079d649dd23c5342c7a449b23a40e65d8,no_explicit_terminal_engine_result,10,EpisodeState.COMPLETED,-1,43,54987219,loss,True,15,0,True,loss,/private/tmp/kaggle_eps/55565424/replays/episode-97579904-replay.json,-1,48d8f9d8909f6d7ee5c27d4640f226940d82758172d5a78e8c8893596813d768,44,15,55565424,ended_before,,,,,,,,,,,,,,,,19,ended_before,,,,,,,,,,,,,,,,29,reached,9,True,False,1,1,46,35,6,5,3,40,6,5,38,True,
0,ok,True,97576808,False,False,DONE,,,0,3ba1e8e4f04ee480d60f4f98fbfd37358d887210052a646a24e31017c28120e4,no_explicit_terminal_engine_result,36,EpisodeState.COMPLETED,1,16,55467789,win,False,39,1,True,win,/private/tmp/kaggle_eps/55565424/replays/episode-97576808-replay.json,1,d181a96bc2e191a750373a085f82f65016a9ddc152c9c60b2f581173757b24b4,118,33,55565424,reached,20,True,False,1,1,35,25,4,6,8,15,4,10,71,True,,reached,30,True,False,1,1,20,10,4,6,7,9,3,15,104,True,,reached,10,False,False,1,1,43,33,4,6,15,24,6,5,40,False,
0,ok,True,97572926,False,False,DONE,,,0,7d65355e4510e874e44d2fc4c6c289d706957126537a952bcccfa53d383c580f,no_explicit_terminal_engine_result,15,EpisodeState.COMPLETED,1,36,55564657,win,True,28,0,True,win,/private/tmp/kaggle_eps/55565424/replays/episode-97572926-replay.json,1,06eb64de0e0883c17eba281e692042a8d09f353bcd2a4214883c02586ac27e1f,129,25,55565424,ended_before,,,,,,,,,,,,,,,,19,ended_before,,,,,,,,,,,,,,,,29,reached,9,True,False,1,1,43,33,4,6,11,33,4,5,73,True,
0,ok,True,97561113,False,False,DONE,,,0,d61e07ed2a78d45ac2ba0fb01105a934fb6129625e98b6ac84ea1c83d3898b31,no_explicit_terminal_engine_result,18,EpisodeState.COMPLETED,-1,21,55261610,loss,True,34,0,True,loss,/private/tmp/kaggle_eps/55565424/replays/episode-97561113-replay.json,-1,e175437a95b955119f0ea4edee99301ed382d1d2a01a9bf01464826bc2a03bcf,135,30,55565424,ended_before,,,,,,,,,,,,,,,,19,ended_before,,,,,,,,,,,,,,,,29,reached,9,True,False,1,1,24,11,8,5,5,33,6,5,88,True,
0,ok,True,97549273,True,True,DONE,,,0,29f311d7917e958745700fa0b084ab06e69fa15d737300a98e35a754b2049fac,no_explicit_terminal_engine_result,24,EpisodeState.COMPLETED,1,9,55397981,win,False,47,1,True,win,/private/tmp/kaggle_eps/55565424/replays/episode-97549273-replay.json,1,23607c6b59f0cbc87ee2c1315b353412462df2b5b39d32975ec36ccf819591e6,234,44,55565424,reached,20,True,False,1,1,10,2,4,4,8,30,1,10,193,True,,ended_before,,,,,,,,,,,,,,,,30,reached,10,True,False,1,1,24,14,5,5,7,37,4,5,97,True,
0,ok,True,97545701,False,False,DONE,,,0,277d216a6d8d705341e2f3c33d2a6ae5695ea1795a8fb2304f77032454fa4085,no_explicit_terminal_engine_result,16,EpisodeState.COMPLETED,-1,30,55437067,loss,True,35,0,True,loss,/private/tmp/kaggle_eps/55565424/replays/episode-97545701-replay.json,-1,f6d8e2b5916dfc1e6c58964bb9b8760cf8d4a48ca23b5f1057e2fed6ffe799d2,118,33,55565424,ended_before,,,,,,,,,,,,,,,,19,ended_before,,,,,,,,,,,,,,,,29,reached,9,True,False,1,1,38,22,12,4,5,30,6,5,68,True,
0,ok,True,97539713,True,True,DONE,,,0,69b9032f8126918e0d9b418a602b6586ce2e7a97ac53285bcbf95f5d6218903d,no_explicit_terminal_engine_result,21,EpisodeState.COMPLETED,-1,7,55355080,loss,False,42,1,True,loss,/private/tmp/kaggle_eps/55565424/replays/episode-97539713-replay.json,-1,41b3b2330f68b523f5f4703e830f222cee392ba127b1b90b92fb2158406270b6,164,41,55565424,reached,20,True,False,1,1,7,2,4,1,5,15,3,10,146,True,,ended_before,,,,,,,,,,,,,,,,30,reached,10,True,False,1,1,29,16,9,4,10,24,5,5,87,True,
0,ok,True,97535966,False,False,DONE,,,0,d9d88b6a44bbb6e79c6f301575b0cf20c4ecd75f58bf5e2e5cf3bbf91e76cde4,no_explicit_terminal_engine_result,20,EpisodeState.COMPLETED,-1,16,55551833,loss,True,43,0,True,loss,/private/tmp/kaggle_eps/55565424/replays/episode-97535966-replay.json,-1,907992eb6fcc4e268fdf087ff7c7a0060ed457934f1822445e36ba6ca1f2aef8,200,37,55565424,reached,19,True,False,1,1,16,12,3,1,6,17,3,10,187,True,,ended_before,,,,,,,,,,,,,,,,29,reached,9,True,False,1,1,36,20,10,6,9,27,6,5,71,True,
0,ok,True,97532882,True,False,DONE,,,0,8c2975322d63ffce2b18c3abfaa5f6e66ef5169c6e534c103130cce21964d63f,no_explicit_terminal_engine_result,17,EpisodeState.COMPLETED,1,14,54381492,win,True,42,0,True,win,/private/tmp/kaggle_eps/55565424/replays/episode-97532882-replay.json,1,7000af91e2e677ca808ccb3499a67e00e678393939390ff0e31eb1874c68a193,170,28,55565424,ended_before,,,,,,,,,,,,,,,,19,ended_before,,,,,,,,,,,,,,,,29,reached,9,True,False,1,1,33,24,3,6,7,22,6,5,92,True,
0,ok,True,97522629,False,False,DONE,,,0,8ab4466ef7dcbea49b1340861c11c7d7186d78c61ce03e4fc50a9e135abbc410,no_explicit_terminal_engine_result,15,EpisodeState.COMPLETED,1,29,55558733,win,True,32,0,True,win,/private/tmp/kaggle_eps/55565424/replays/episode-97522629-replay.json,1,e9931da1c5bfb60bd782d79306ce29090cb88869f5efc17396173a5813c2f897,125,30,55565424,ended_before,,,,,,,,,,,,,,,,19,ended_before,,,,,,,,,,,,,,,,29,reached,9,True,False,1,1,49,40,3,6,9,24,4,5,62,True,
0,ok,True,97510800,False,False,DONE,,,0,66143631fd091b9df4bef6573223f33bc489c1aaa67c67aebf25004a787dc75b,no_explicit_terminal_engine_result,9,EpisodeState.COMPLETED,-1,33,55357540,loss,False,9,1,True,loss,/private/tmp/kaggle_eps/55565424/replays/episode-97510800-replay.json,-1,4cee7b11e77d340073f2ec014d98d19bf99ec10df02a08bf9f050e38c624f3c9,80,9,55565424,ended_before,,,,,,,,,,,,,,,,20,ended_before,,,,,,,,,,,,,,,,30,ended_before,,,,,,,,,,,,,,,,10
0,ok,True,97500992,False,False,DONE,,,0,1682c37728293396e4100dde2fa1c1049a1970d88d98d9f308f2318f756c8529,no_explicit_terminal_engine_result,17,EpisodeState.COMPLETED,-1,22,55469558,loss,False,29,1,True,loss,/private/tmp/kaggle_eps/55565424/replays/episode-97500992-replay.json,-1,b8e4631fc7a2b3cd114e9a9199ea370f9cd20bbfedfc2d5ec6e9b6878291332a,170,28,55565424,ended_before,,,,,,,,,,,,,,,,20,ended_before,,,,,,,,,,,,,,,,30,reached,10,True,False,1,1,35,23,6,6,7,37,3,5,79,True,
0,ok,True,97499103,False,False,DONE,,,0,c006bd0a2fa97c410ccbfc5a21e676b77d2804d2a173bbac5770ade79acc96d4,no_explicit_terminal_engine_result,17,EpisodeState.COMPLETED,1,17,55564313,win,True,39,0,True,win,/private/tmp/kaggle_eps/55565424/replays/episode-97499103-replay.json,1,45a9d168c468c059df7ae9ea7b8f85e524ce49a7f71ae28f2163a9de154b1479,137,33,55565424,ended_before,,,,,,,,,,,,,,,,19,ended_before,,,,,,,,,,,,,,,,29,reached,9,True,False,1,1,36,26,6,4,3,28,6,5,72,True,
0,ok,True,97488665,False,False,DONE,,,0,ad93b2baaa14c4562586fc930ff7d616c524a15f28331f1004447800a9f42e11,no_explicit_terminal_engine_result,15,EpisodeState.COMPLETED,-1,37,55554930,loss,False,34,1,True,loss,/private/tmp/kaggle_eps/55565424/replays/episode-97488665-replay.json,-1,4a992597966d57b1988e6cc0d97b5caa87da337838cdb53a09c372757418e4e0,105,32,55565424,ended_before,,,,,,,,,,,,,,,,20,ended_before,,,,,,,,,,,,,,,,30,reached,10,True,False,1,1,37,19,16,2,2,26,6,5,77,True,
0,ok,True,97476809,False,False,DONE,,,0,858d60bc5725b3dd444800d8a5ec54f0453e53631cac86c1db6b386aa74232b2,no_explicit_terminal_engine_result,37,EpisodeState.COMPLETED,-1,21,55530980,loss,False,64,1,True,loss,/private/tmp/kaggle_eps/55565424/replays/episode-97476809-replay.json,-1,6d00b58104dce9412e895c1ca827904c898a12d26eab1d088f72990ce772920a,263,61,55565424,reached,20,True,False,1,1,23,15,4,4,7,14,3,10,204,True,,reached,30,True,False,1,1,21,9,10,2,10,3,3,15,243,True,,reached,10,True,False,1,1,32,24,2,6,12,20,4,5,113,True,
0,ok,True,97464998,False,False,DONE,,,1,354d3481960658811fb141c438eed40a37654f8a90e421014afeb869eefbefb6,no_explicit_terminal_engine_result,6,EpisodeState.COMPLETED,-1,52,55283867,loss,True,10,1,True,loss,/private/tmp/kaggle_eps/55565424/replays/episode-97464998-replay.json,-1,35ca6e7b45371a63c2efa62b276cb5bd89e4dd41b85bf50edd752cda470019f2,38,9,55565424,ended_before,,,,,,,,,,,,,,,,19,ended_before,,,,,,,,,,,,,,,,29,ended_before,,,,,,,,,,,,,,,,9
0,ok,True,97453181,False,False,DONE,,,0,2b385ad17da2e4013203f568c022fe1477e49ec27632f9e21f114523d6cf0507,no_explicit_terminal_engine_result,29,EpisodeState.COMPLETED,1,17,55561309,win,True,41,0,True,win,/private/tmp/kaggle_eps/55565424/replays/episode-97453181-replay.json,1,b987734d20abc642ebe121313cc4e1b709b9a3012dc81a0835585f7e19f19860,135,35,55565424,reached,19,True,False,1,1,22,10,10,2,11,20,5,10,112,True,,reached,29,True,False,1,1,17,3,12,2,12,14,5,15,131,True,,reached,9,False,False,1,1,38,23,11,4,14,33,6,5,71,False,
0,ok,True,97451066,False,False,DONE,,,0,9c6d53d0eee5781622c046d99e96b70552d02bc1f5b9bc4ccce0acd1dfdeb8a9,no_explicit_terminal_engine_result,14,EpisodeState.COMPLETED,-1,29,55483625,loss,True,32,0,True,loss,/private/tmp/kaggle_eps/55565424/replays/episode-97451066-replay.json,-1,be8d681b8accd13b4fbbee055a2a44f450cdbc94cb0ca1e6b26684b20bb3e20c,144,31,55565424,ended_before,,,,,,,,,,,,,,,,19,ended_before,,,,,,,,,,,,,,,,29,reached,9,True,False,1,1,32,24,3,5,6,32,6,5,87,True,
0,ok,True,97439213,True,True,DONE,,,0,745161e58657bc6e76f8b7bdff93a8903d6050f2434c35eb37c9bd9e31900ce8,no_explicit_terminal_engine_result,34,EpisodeState.COMPLETED,1,5,55293703,win,False,47,1,True,win,/private/tmp/kaggle_eps/55565424/replays/episode-97439213-replay.json,1,b4c1bd315ba9e23c5f9f1b7fec5861642b12c37964b43badc764b89cfbf48bd1,139,43,55565424,reached,20,True,False,1,1,29,13,14,2,3,18,6,10,107,True,,reached,30,True,False,1,1,9,3,4,2,7,12,6,15,123,True,,reached,10,True,False,1,1,45,28,12,5,10,29,6,5,59,True,
0,ok,True,97426892,False,False,DONE,,,0,4f976364683de8e5e4fba58d352e479238106472a3b28a4520c5cc5017c91527,no_explicit_terminal_engine_result,24,EpisodeState.COMPLETED,1,22,55565279,win,False,39,1,True,win,/private/tmp/kaggle_eps/55565424/replays/episode-97426892-replay.json,1,95b84499c899f188218d6ff8c134bd6bbd51ecda0eea49c8498d82f48d021b8a,180,36,55565424,reached,20,True,False,1,1,27,13,8,6,11,29,4,10,123,True,,ended_before,,,,,,,,,,,,,,,,30,reached,10,True,False,1,1,38,27,5,6,9,33,6,5,64,True,
0,ok,True,97423701,False,False,DONE,,,0,2d4b05abe1ef8cf11eba3e9e816ebb8965fcafb6111d82daec70441e75716ef9,no_explicit_terminal_engine_result,19,EpisodeState.COMPLETED,-1,24,55409861,loss,False,35,1,True,loss,/private/tmp/kaggle_eps/55565424/replays/episode-97423701-replay.json,-1,01f5061316bcd75f5ae8b31bed3b3f9afd644ac0805816d874e82a79c723da2e,200,33,55565424,ended_before,,,,,,,,,,,,,,,,20,ended_before,,,,,,,,,,,,,,,,30,reached,10,True,False,1,1,30,21,4,5,5,40,4,5,90,True,
0,ok,True,97414683,False,False,DONE,,,0,51278f9bd8f8263a0ce50f5cb9edee1871b0bfc9420782402fceda07f988c3af,no_explicit_terminal_engine_result,17,EpisodeState.COMPLETED,1,18,55546072,win,True,29,0,True,win,/private/tmp/kaggle_eps/55565424/replays/episode-97414683-replay.json,1,101753c889dca06d4c5411e56ba854a1e88843f6185706adf3409aab065c8554,167,28,55565424,ended_before,,,,,,,,,,,,,,,,19,ended_before,,,,,,,,,,,,,,,,29,reached,9,True,False,1,1,28,19,4,5,6,36,5,5,91,True,
0,ok,True,97402842,False,False,DONE,,,0,c67ec8481b8566fbee64aa7272b35ade239bc4d3909b6c0e632026e9dcf25d84,no_explicit_terminal_engine_result,22,EpisodeState.COMPLETED,-1,17,55536595,loss,True,46,0,True,loss,/private/tmp/kaggle_eps/55565424/replays/episode-97402842-replay.json,-1,2de408d959dc73242976dcf355a6d8fd044ac03eba5caf8f477cb5ecd9e6582e,223,39,55565424,reached,19,True,False,1,1,17,7,8,2,3,21,4,10,190,True,,ended_before,,,,,,,,,,,,,,,,29,reached,9,True,False,1,1,33,20,8,5,8,25,6,5,79,True,
0,ok,True,97398815,True,True,DONE,,,1,01d58186ef4295f140fee000f1afa3c59acd226f319411b2ba862dd33e9e22a6,no_explicit_terminal_engine_result,21,EpisodeState.COMPLETED,1,12,54496657,win,True,48,1,True,win,/private/tmp/kaggle_eps/55565424/replays/episode-97398815-replay.json,1,792fc9c95e9a4763340b9045d13e5d8342d8d8315c2f7d9fff4ad9a8b3b034f8,126,44,55565424,reached,19,False,False,1,1,13,2,8,3,16,6,6,10,114,False,,ended_before,,,,,,,,,,,,,,,,29,reached,9,True,False,1,1,27,19,3,5,7,28,6,5,73,True,
0,ok,True,97386983,True,True,DONE,,,0,a96f9548406adf99446071eb438b7dce4bf1fc063be91de2f6e8d5b1c102a785,no_explicit_terminal_engine_result,29,EpisodeState.COMPLETED,1,12,55043502,win,True,51,0,True,win,/private/tmp/kaggle_eps/55565424/replays/episode-97386983-replay.json,1,986d0b3bd5131cabb164b29a09a0b2250ed86c256efccda1e36d2eea6363ff67,127,45,55565424,reached,19,True,False,1,1,16,8,4,4,10,9,5,10,102,True,,reached,29,True,False,1,1,12,0,11,1,7,4,5,15,122,True,,reached,9,True,False,1,1,33,23,5,5,5,34,6,5,59,True,
0,ok,True,97375178,False,False,DONE,,,0,fed3377caf05f884a055ee1b2ba95ca57bf8e73d42deb97df2d7a34fa2c0b126,no_explicit_terminal_engine_result,7,EpisodeState.COMPLETED,-1,40,55533110,loss,False,16,1,True,loss,/private/tmp/kaggle_eps/55565424/replays/episode-97375178-replay.json,-1,3a172d62e5b638732c6bc7cc664fd66be7c5548aa3c800bf2d06218f42760fe8,73,13,55565424,ended_before,,,,,,,,,,,,,,,,20,ended_before,,,,,,,,,,,,,,,,30,ended_before,,,,,,,,,,,,,,,,10
0,ok,True,97373456,True,True,DONE,,,0,1a276094bcd08640d3adf18acf889244eaeec34fdc9db4017a2a0018c2083d81,no_explicit_terminal_engine_result,17,EpisodeState.COMPLETED,1,11,54004606,win,True,33,0,True,win,/private/tmp/kaggle_eps/55565424/replays/episode-97373456-replay.json,1,075976d09a709b5b1fcbb006377eb587c4fb10f0c68460e24e28c42f14d4916e,112,16,55565424,ended_before,,,,,,,,,,,,,,,,19,ended_before,,,,,,,,,,,,,,,,29,reached,9,False,False,1,1,32,23,3,6,23,24,6,5,53,False,
0,ok,True,97361660,False,False,DONE,,,0,bca14354c5ff3ac1ef89b2d98e2ac13fbba413c0a4632050f71e79df2c2969a5,no_explicit_terminal_engine_result,20,EpisodeState.COMPLETED,1,18,55531420,win,False,42,1,True,win,/private/tmp/kaggle_eps/55565424/replays/episode-97361660-replay.json,1,1f7d5e03720108194a6e0f34377f816940fda5e543aa040a799ff28f2b934401,117,35,55565424,reached,20,True,False,1,1,18,3,12,3,10,6,6,10,113,True,,ended_before,,,,,,,,,,,,,,,,30,reached,10,True,False,1,1,28,16,9,3,9,26,6,5,82,True,
0,ok,True,97358512,True,True,DONE,,,0,0bd5ab175f6c1ece868b667ab1d0e4c627e9fc4308d4c1a0ded64d512094d06c,no_explicit_terminal_engine_result,43,EpisodeState.COMPLETED,1,10,55562591,win,True,58,0,True,win,/private/tmp/kaggle_eps/55565424/replays/episode-97358512-replay.json,1,46b052f8f69a383a21fe5bf6e35b39a08ba1395159d87582766a8fdaef4ffe99,150,55,55565424,reached,19,True,False,1,1,28,18,4,6,10,21,6,10,87,True,,reached,29,True,False,1,1,18,9,4,5,3,16,6,15,111,True,,reached,9,True,False,1,1,48,36,6,6,6,33,6,5,41,True,
0,ok,True,97356972,False,False,DONE,,,0,5d435bf90ed714167cd3d3af5722f16720999fe01177306004e06bad08a41230,no_explicit_terminal_engine_result,20,EpisodeState.COMPLETED,1,19,55558237,win,False,39,1,True,win,/private/tmp/kaggle_eps/55565424/replays/episode-97356972-replay.json,1,aa3f2f65752cef92ff70ade2311d9827736074cf4c0c84eba0e147e41b338630,129,23,55565424,reached,20,True,False,1,1,19,1,13,5,7,16,6,10,127,True,,ended_before,,,,,,,,,,,,,,,,30,reached,10,False,False,1,1,37,27,4,6,13,31,6,5,55,False,
0,ok,True,97351551,False,False,DONE,,,0,1821582b7dfd59818fe3f195590a3ddb799f7b24df615d1b4b8747db7263fd18,no_explicit_terminal_engine_result,18,EpisodeState.COMPLETED,-1,20,55555133,loss,True,40,0,True,loss,/private/tmp/kaggle_eps/55565424/replays/episode-97351551-replay.json,-1,e91206dc43a4de488b38cb3183b6169329df1156ac04967508a9d7bd9918a9a8,212,39,55565424,ended_before,,,,,,,,,,,,,,,,19,ended_before,,,,,,,,,,,,,,,,29,reached,9,True,False,1,1,37,28,4,5,9,36,4,5,87,True,
0,ok,True,97339724,False,False,DONE,,,0,d6d59c7df6a39b96c99e8c9a872b492f009e107bc07783da824da3ce4cf4e95a,no_explicit_terminal_engine_result,18,EpisodeState.COMPLETED,-1,25,55560927,loss,True,35,0,True,loss,/private/tmp/kaggle_eps/55565424/replays/episode-97339724-replay.json,-1,ce41df099ccf0e658dd51958c750a0c3849a276b7ce64f86e9bc500aa6d128eb,187,30,55565424,ended_before,,,,,,,,,,,,,,,,19,ended_before,,,,,,,,,,,,,,,,29,reached,9,True,False,1,1,41,32,3,6,9,28,6,5,61,True,
0,ok,True,97327929,False,False,DONE,,,0,d1b65df2da5b82c7bf4e6ea8a3a72ef940cb156a2b820e02987b987e244e558b,no_explicit_terminal_engine_result,13,EpisodeState.COMPLETED,-1,34,55563800,loss,False,27,1,True,loss,/private/tmp/kaggle_eps/55565424/replays/episode-97327929-replay.json,-1,d19893cc13167da88ccbd6577ef5c1146761718163a52883ac3b067d556ded29,92,22,55565424,ended_before,,,,,,,,,,,,,,,,20,ended_before,,,,,,,,,,,,,,,,30,reached,10,True,False,1,1,35,19,13,3,9,29,6,5,73,True,
0,ok,True,97316116,True,True,DONE,,,0,1db3ac3c7eea1e0440506ac8253d71ad088f237dcf060876a8fdf68e1385bc38,no_explicit_terminal_engine_result,17,EpisodeState.COMPLETED,1,12,55528859,win,True,35,0,True,win,/private/tmp/kaggle_eps/55565424/replays/episode-97316116-replay.json,1,c81bb55f7a782c0ca1e06a450048118c1d159ab13f2def0f1a375e32db2c9896,138,35,55565424,ended_before,,,,,,,,,,,,,,,,19,ended_before,,,,,,,,,,,,,,,,29,reached,9,True,False,1,1,23,9,10,4,2,33,6,5,84,True,
0,ok,True,97302467,False,False,DONE,,,0,2ba1511010e8db15da538407668fe88ff14a2ca71ece91e962c27569754f72a8,no_explicit_terminal_engine_result,16,EpisodeState.COMPLETED,1,23,55489859,win,False,32,1,True,win,/private/tmp/kaggle_eps/55565424/replays/episode-97302467-replay.json,1,e1af88ce2824aeaacdaf604705e1058fc83149fcbd9c337db0cd0eb1218882f9,142,17,55565424,ended_before,,,,,,,,,,,,,,,,20,ended_before,,,,,,,,,,,,,,,,30,reached,10,True,False,1,1,35,23,7,5,12,33,4,5,85,True,
0,ok,True,97303796,True,True,DONE,,,0,9671afe23fe499768b3cccf58303f0d0052dd7aa509ad10eeb03d2afe1f21c2d,no_explicit_terminal_engine_result,46,EpisodeState.COMPLETED,-1,14,55562435,loss,True,48,0,True,loss,/private/tmp/kaggle_eps/55565424/replays/episode-97303796-replay.json,-1,1a30c52f4a1789038ff705db18561267df6cfe4f46799f79d89411d6b4e1b1f9,140,45,55565424,reached,19,True,False,1,1,25,17,2,6,5,24,4,10,78,True,,reached,29,True,False,1,1,21,13,2,6,3,16,4,15,105,True,,reached,9,True,False,1,1,42,30,6,6,8,39,5,5,34,True,
0,ok,True,97290204,False,False,DONE,,,0,bdad234be3609d36a846b71ff461c7376f8a29ee942d83372061c86a6d6f17e6,no_explicit_terminal_engine_result,17,EpisodeState.COMPLETED,-1,21,55297284,loss,False,42,1,True,loss,/private/tmp/kaggle_eps/55565424/replays/episode-97290204-replay.json,-1,be2b5925c2f014f75c8142a059728bf2528574cccc088c1ee9d216c46e3516f6,219,40,55565424,ended_before,,,,,,,,,,,,,,,,20,ended_before,,,,,,,,,,,,,,,,30,reached,10,False,False,1,1,29,19,5,5,13,26,5,5,116,False,
0,ok,True,97278410,False,False,DONE,,,1,f25788db8e4039e2a289d8f957f7b09326488729f5616a23e47650f1bb7b1002,no_explicit_terminal_engine_result,8,EpisodeState.COMPLETED,-1,38,55506858,loss,True,11,1,True,loss,/private/tmp/kaggle_eps/55565424/replays/episode-97278410-replay.json,-1,3e8bd4b3f4e12916787b8df1fd36ca958a7a8e0824e59ae309af2fbf78f88f37,67,11,55565424,ended_before,,,,,,,,,,,,,,,,19,ended_before,,,,,,,,,,,,,,,,29,ended_before,,,,,,,,,,,,,,,,9
0,ok,True,97266615,False,False,DONE,,,0,af92fed5b0e9596afe88e7b66a4e3340b4ab4ec65153dcab7bf048eefc176e49,no_explicit_terminal_engine_result,45,EpisodeState.COMPLETED,1,17,55558845,win,True,56,0,True,win,/private/tmp/kaggle_eps/55565424/replays/episode-97266615-replay.json,1,5518187ee9bc80bd5d1fe75055df49f37e671cda9748c35e31b71be12596f656,146,36,55565424,reached,19,True,False,1,1,38,26,6,6,6,15,6,10,80,True,,reached,29,False,False,1,1,31,15,10,6,13,8,6,15,100,False,,reached,9,True,False,1,1,46,37,3,6,3,32,6,5,46,True,
0,ok,True,97254828,False,False,DONE,,,0,34498fc4bf12092fc0e7a8b67f5cb4abfd2a92c91f6ec5f6ce9d5e9124fa53b6,no_explicit_terminal_engine_result,21,EpisodeState.COMPLETED,1,20,55344755,win,True,42,0,True,win,/private/tmp/kaggle_eps/55565424/replays/episode-97254828-replay.json,1,5b4f4c4fae56575a559360e9b8969988c31eac40581a4b06407517d610aaaac4,176,34,55565424,reached,19,False,False,1,1,21,14,1,6,26,13,1,10,158,False,,ended_before,,,,,,,,,,,,,,,,29,reached,9,False,False,1,1,43,32,5,6,13,20,6,5,66,False,
0,ok,True,97243048,False,False,DONE,,,0,18b601ea809945aa62d1d904381d50c4db2b19e3332670750a8763f1c6cc5ac0,no_explicit_terminal_engine_result,16,EpisodeState.COMPLETED,1,26,55525559,win,False,33,1,True,win,/private/tmp/kaggle_eps/55565424/replays/episode-97243048-replay.json,1,f3561cabec218d89acd14366cce97e7f6456964075780abff7d6eb7d79b64781,140,25,55565424,ended_before,,,,,,,,,,,,,,,,20,ended_before,,,,,,,,,,,,,,,,30,reached,10,True,False,1,1,38,27,5,6,6,24,5,5,79,True,
0,ok,True,97241355,False,False,DONE,,,0,391ddc6e0469ad127297d4237f4dcb72e5887ab74433fbf7a86e967eeb483ec3,no_explicit_terminal_engine_result,14,EpisodeState.COMPLETED,1,32,55540011,win,False,30,1,True,win,/private/tmp/kaggle_eps/55565424/replays/episode-97241355-replay.json,1,d6cb0393bc35f786f20070408964b57beab965d0fb0a40093ca68ae7b19e93c0,104,23,55565424,ended_before,,,,,,,,,,,,,,,,20,ended_before,,,,,,,,,,,,,,,,30,reached,10,True,False,1,1,41,31,5,5,9,28,6,5,66,True,
0,ok,True,97229530,False,False,DONE,,,0,dc432456749a8c912e952eef160c66709cd9186fe03916ccbbc3902c4a2ce088,no_explicit_terminal_engine_result,12,EpisodeState.COMPLETED,-1,25,55310923,loss,True,27,0,True,loss,/private/tmp/kaggle_eps/55565424/replays/episode-97229530-replay.json,-1,419597c3d1d22fa58f9de9e7405649946ca4411ed242938d8fd1eb4b32de1b64,94,26,55565424,ended_before,,,,,,,,,,,,,,,,19,ended_before,,,,,,,,,,,,,,,,29,reached,9,True,False,1,1,31,21,7,3,6,24,6,5,76,True,
0,ok,True,97217211,False,False,DONE,,,0,ad3edb32f8d6bf72eef9a02973d1a29cc026749a554c96017d1db84decd385ce,no_explicit_terminal_engine_result,22,EpisodeState.COMPLETED,-1,17,55565629,loss,True,48,0,True,loss,/private/tmp/kaggle_eps/55565424/replays/episode-97217211-replay.json,-1,d0f7dbce2658bd627c028e2785d99b2ec25467d61d2055e5bb9a6e87f13fe551,242,40,55565424,reached,19,True,False,1,1,20,10,7,3,8,18,3,10,182,True,,ended_before,,,,,,,,,,,,,,,,29,reached,9,False,False,1,1,38,26,6,6,13,34,6,5,67,False,
0,ok,True,97205344,False,False,DONE,,,0,a7c4a40a6d9f9c6e59caadcc80d627ba60e2689d46cfbbe53f32dfca46942a00,no_explicit_terminal_engine_result,41,EpisodeState.COMPLETED,-1,27,55469558,loss,False,67,1,True,loss,/private/tmp/kaggle_eps/55565424/replays/episode-97205344-replay.json,-1,002deea1fc32a6deb12723be7d6f56869d01ec2b8730098b4a1cb4258cbd604a,273,63,55565424,reached,20,True,False,1,1,36,28,4,4,7,23,5,10,120,True,,reached,30,True,False,1,1,28,16,10,2,9,11,5,15,207,True,,reached,10,True,False,1,1,46,36,4,6,9,37,5,5,46,True,
0,ok,True,97193571,False,False,DONE,,,0,65479523014ce575698f230d96f0301fd0fa5c3670627dc25af248931cc90908,no_explicit_terminal_engine_result,29,EpisodeState.COMPLETED,-1,16,55551431,loss,False,45,1,True,loss,/private/tmp/kaggle_eps/55565424/replays/episode-97193571-replay.json,-1,83004700c12466c0e70fba02acfa045c4d7012093041ddd27eddd3000ef43341,131,43,55565424,reached,20,True,False,1,1,28,19,6,3,10,10,6,10,97,True,,ended_before,,,,,,,,,,,,,,,,30,reached,10,False,False,1,1,40,28,6,6,15,29,6,5,50,False,
0,ok,True,97181777,False,False,DONE,,,0,a587003941c565d05f5d8c845007aaa04e710aacaed6068980d182991b136ea7,no_explicit_terminal_engine_result,14,EpisodeState.COMPLETED,1,27,55326484,win,False,22,1,True,win,/private/tmp/kaggle_eps/55565424/replays/episode-97181777-replay.json,1,eb35b0631893fd78cf50e61cb55b7f4be31fbfb36a78d0012fd8e089c7d8f7de,121,21,55565424,ended_before,,,,,,,,,,,,,,,,20,ended_before,,,,,,,,,,,,,,,,30,reached,10,True,False,1,1,34,22,6,6,8,35,5,5,81,True,
0,ok,True,97169962,False,False,DONE,,,0,0c553da8b940f8099ece2226ed992a5f41fff02c108a1d67131dfffc931dcff1,no_explicit_terminal_engine_result,27,EpisodeState.COMPLETED,-1,16,55525273,loss,False,44,1,True,loss,/private/tmp/kaggle_eps/55565424/replays/episode-97169962-replay.json,-1,2a79556bd5dfce52b6e3160611af4ff1b24b7b027b22e3e4e7540426cc099564,251,38,55565424,reached,20,True,False,1,1,18,7,8,3,8,9,6,10,188,True,,ended_before,,,,,,,,,,,,,,,,30,reached,10,True,False,1,1,35,21,8,6,10,20,6,5,83,True,
0,ok,True,97162322,False,False,DONE,,,0,bd111b5ff3b4777cb2de4208f8ffa8af3ac2f22c034eafbbc6b9b4eb48098e0f,no_explicit_terminal_engine_result,15,EpisodeState.COMPLETED,-1,28,55152806,loss,False,22,1,True,loss,/private/tmp/kaggle_eps/55565424/replays/episode-97162322-replay.json,-1,804860ba1d311b4009a82b4c9cd55bf8656a5a4f618da319f37058fd21077577,115,22,55565424,ended_before,,,,,,,,,,,,,,,,20,ended_before,,,,,,,,,,,,,,,,30,reached,10,True,False,1,1,36,18,15,3,6,35,6,5,84,True,
0,ok,True,97160246,True,True,DONE,,,0,73b369e8fdfa4db3832e2841e71078a1f971bef67617f231ef8bd8d04f8b7e96,no_explicit_terminal_engine_result,29,EpisodeState.COMPLETED,1,8,55551126,win,True,62,0,True,win,/private/tmp/kaggle_eps/55565424/replays/episode-97160246-replay.json,1,12766a22bc504180ae8190d8ebf44919796625abbe973a0bcfeb821acfa97d4f,265,57,55565424,reached,19,False,False,1,1,18,10,5,3,13,21,3,10,162,False,,reached,29,True,False,1,1,8,0,7,1,8,9,3,15,259,True,,reached,9,True,False,1,1,39,32,1,6,11,28,6,5,64,True,
0,ok,True,97150408,False,False,DONE,,,0,f5205ce1992dc195d8878a0c8775f3f08bea1be493bb2856d932f94e115741d9,no_explicit_terminal_engine_result,20,EpisodeState.COMPLETED,1,15,55556096,win,False,29,1,True,win,/private/tmp/kaggle_eps/55565424/replays/episode-97150408-replay.json,1,b4410736fb07c2123e6707c845457bf0053a2d11b02878747fe04833fa1bacce,167,29,55565424,reached,20,True,False,1,1,15,7,4,4,10,24,1,10,164,True,,ended_before,,,,,,,,,,,,,,,,30,reached,10,True,False,1,1,37,30,2,5,7,33,6,5,73,True,
0,ok,True,97138618,True,True,DONE,,,0,3d4ce010dca4e262111e3233efee63c4ef149ef5f3cef8af8032f3da8bcc55d8,no_explicit_terminal_engine_result,25,EpisodeState.COMPLETED,1,5,55565049,win,True,51,0,True,win,/private/tmp/kaggle_eps/55565424/replays/episode-97138618-replay.json,1,e1b94f3e7ae9c551a322bf7e9650e2b1bac133cf8238233d74b2f3b3662d1aa4,158,47,55565424,reached,19,True,False,1,1,14,3,10,1,9,11,6,10,139,True,,ended_before,,,,,,,,,,,,,,,,29,reached,9,True,False,1,1,23,16,3,4,5,30,6,5,92,True,
0,ok,True,97138432,False,False,DONE,,,0,28add6623d99fed7fafc59bc76212f2c075026c6c462322580778faee0d32c11,no_explicit_terminal_engine_result,12,EpisodeState.COMPLETED,-1,35,55542658,loss,True,28,0,True,loss,/private/tmp/kaggle_eps/55565424/replays/episode-97138432-replay.json,-1,279077d9ca9ebcb15ed04e14366828931b5ae061091220d1f2ad60e3c64b6d25,116,25,55565424,ended_before,,,,,,,,,,,,,,,,19,ended_before,,,,,,,,,,,,,,,,29,reached,9,True,False,1,1,40,30,8,2,6,29,4,5,78,True,
0,ok,True,97126096,False,False,DONE,,,0,98824cc817c052a82f874b8a1cbace5083473133acdab32a20a049135a427d66,no_explicit_terminal_engine_result,18,EpisodeState.COMPLETED,-1,29,55515414,loss,True,37,0,True,loss,/private/tmp/kaggle_eps/55565424/replays/episode-97126096-replay.json,-1,6a980c6d431fda3ab1998a206b05b4199fcb5322affcb48cb97038660a50e58c,171,35,55565424,ended_before,,,,,,,,,,,,,,,,19,ended_before,,,,,,,,,,,,,,,,29,reached,9,True,False,1,1,37,31,2,4,8,27,6,5,75,True,
0,ok,True,97114269,False,False,DONE,,,0,14c0111f0d7321651f1ccb4b228d85a7487c67bcc78f757426f5ce34363db782,no_explicit_terminal_engine_result,17,EpisodeState.COMPLETED,-1,26,55558677,loss,False,42,1,True,loss,/private/tmp/kaggle_eps/55565424/replays/episode-97114269-replay.json,-1,68356df601fe6a2a8f87c2cd9a057c62a20d38951fb16cdff80fcf81a0daa2b9,201,38,55565424,ended_before,,,,,,,,,,,,,,,,20,ended_before,,,,,,,,,,,,,,,,30,reached,10,True,False,1,1,36,25,6,5,12,27,5,5,110,True,
0,ok,True,97103914,True,True,DONE,,,0,9d40a7b7b387af40114747ec8c04c7c3bbc01cc95a1722a2cdffa93552df38ce,no_explicit_terminal_engine_result,21,EpisodeState.COMPLETED,1,10,55554520,win,True,43,0,True,win,/private/tmp/kaggle_eps/55565424/replays/episode-97103914-replay.json,1,3265a60d6ef55aef4503e0b31588f4797dbc0f0d7a4a44d413fdda5ff17f6c2f,150,32,55565424,reached,19,True,False,1,1,10,1,8,1,2,12,6,10,141,True,,ended_before,,,,,,,,,,,,,,,,29,reached,9,True,False,1,1,18,7,7,4,7,26,6,5,91,True,
0,ok,True,97090215,False,False,DONE,,,0,87c7457ea205548d0f9e5b0e716aae3626e5743b6f2a9f8382678a66eb56c90c,no_explicit_terminal_engine_result,14,EpisodeState.COMPLETED,-1,38,55549835,loss,True,29,0,True,loss,/private/tmp/kaggle_eps/55565424/replays/episode-97090215-replay.json,-1,87d73122609291efd530e105b386c3e364494fe72048ac4256d3e0ab119baaa8,96,26,55565424,ended_before,,,,,,,,,,,,,,,,19,ended_before,,,,,,,,,,,,,,,,29,reached,9,True,False,1,1,40,26,11,3,11,33,6,5,71,True,
0,ok,True,97091617,True,True,DONE,,,0,d97974fd00c964ceb0248080eb773a7bd3bb8119cc26865e7bad3e2a6238ba54,no_explicit_terminal_engine_result,31,EpisodeState.COMPLETED,1,6,55304291,win,True,51,0,True,win,/private/tmp/kaggle_eps/55565424/replays/episode-97091617-replay.json,1,63a5ed3f402b278ca507e2f54fd9e49d1b4325237249d36bc048ebacaa45eb33,149,48,55565424,reached,19,True,False,1,1,16,7,7,2,8,9,6,10,121,True,,reached,29,True,False,1,1,8,2,4,2,8,4,6,15,140,True,,reached,9,True,False,1,1,37,20,13,4,6,29,6,5,75,True,
0,ok,True,97089224,True,True,DONE,,,0,1d9bbdd983b5940f5e761b8729d84dd89c9647c4dfc76d80a2d40c4efd838d7b,no_explicit_terminal_engine_result,49,EpisodeState.COMPLETED,1,11,54502222,win,True,59,0,True,win,/private/tmp/kaggle_eps/55565424/replays/episode-97089224-replay.json,1,eefb0a7d7db62a0e890fb68f48752d1c1272d44e0ca238c6b54c8f66116cea6a,171,52,55565424,reached,19,True,False,1,1,38,29,3,6,9,17,5,10,86,True,,reached,29,False,False,1,1,32,22,4,6,13,12,4,15,119,False,,reached,9,True,False,1,1,51,37,8,6,7,33,6,5,40,True,
0,ok,True,97077420,False,False,DONE,,,0,93ef6ad5db515625b05b4c284be791a5f9fc21023e24d41b1498bb31ad384ed4,no_explicit_terminal_engine_result,16,EpisodeState.COMPLETED,1,26,55502147,win,False,23,1,True,win,/private/tmp/kaggle_eps/55565424/replays/episode-97077420-replay.json,1,a0fdc1ce9aa3558fd52a25a372363c0239ef7d56050444d3d566a1547fc13d0b,107,21,55565424,ended_before,,,,,,,,,,,,,,,,20,ended_before,,,,,,,,,,,,,,,,30,reached,10,True,False,1,1,38,26,6,6,9,36,4,5,61,True,
0,ok,True,97065576,True,True,DONE,,,0,0e964ddf0b9513945baca3d28ca7f70171b7afd068a09d3df56a9dcfca025ffc,no_explicit_terminal_engine_result,39,EpisodeState.COMPLETED,1,12,54176771,win,True,41,0,True,win,/private/tmp/kaggle_eps/55565424/replays/episode-97065576-replay.json,1,9478421e2d6172547c00ea5d2259bc2038e306c688d0b5849973888c8e4416ec,112,33,55565424,reached,19,True,False,1,1,37,28,3,6,9,31,6,10,53,True,,reached,29,True,False,1,1,24,13,5,6,10,17,6,15,84,True,,reached,9,False,False,1,1,46,38,2,6,13,37,6,5,36,False,
0,ok,True,97065197,True,True,DONE,,,0,0abbcbf3b5e10b8155bb3239014636540aabd63698534d8734506bd2d822fb66,no_explicit_terminal_engine_result,22,EpisodeState.COMPLETED,1,6,53817113,win,False,34,1,True,win,/private/tmp/kaggle_eps/55565424/replays/episode-97065197-replay.json,1,f9cacaad32904d7a083394ca5b4862c573596bd4b00848e8f3abe3ffb43289b5,144,33,55565424,reached,20,True,False,1,1,7,1,3,3,7,8,6,10,137,True,,ended_before,,,,,,,,,,,,,,,,30,reached,10,True,False,1,1,31,24,2,5,9,27,6,5,64,True,
0,ok,True,97053771,False,False,DONE,,,1,7c7da62a0fb7c73dfeac64def18752c1651c3a739bd4b1760fcc9c985d93dc7a,no_explicit_terminal_engine_result,14,EpisodeState.COMPLETED,-1,30,54670236,loss,True,29,1,True,loss,/private/tmp/kaggle_eps/55565424/replays/episode-97053771-replay.json,-1,08d01b3a64d537cccc103d7b0adcb706aa5f9b413c9772f98b660ff855acc2d5,107,26,55565424,ended_before,,,,,,,,,,,,,,,,19,ended_before,,,,,,,,,,,,,,,,29,reached,9,True,False,1,1,42,36,3,3,4,32,5,5,58,True,
0,ok,True,97041443,False,False,DONE,,,0,4b98e37571820b5fada769a1b886919d36eee95253202e03cdaf09296fd2916c,no_explicit_terminal_engine_result,15,EpisodeState.COMPLETED,1,23,55508140,win,True,41,0,True,win,/private/tmp/kaggle_eps/55565424/replays/episode-97041443-replay.json,1,1aa5c34f56ab54eafa995bdaeed228e2020c2e4fabd3267460a87bc5ddea535d,127,39,55565424,ended_before,,,,,,,,,,,,,,,,19,ended_before,,,,,,,,,,,,,,,,29,reached,9,True,False,1,1,29,8,17,4,9,22,6,5,91,True,
0,ok,True,97031968,True,True,DONE,,,0,4978425c15f354da9620f5f1efa881daa5b47bde454b9112fed6782bffd99bff,no_explicit_terminal_engine_result,14,EpisodeState.COMPLETED,1,11,55554637,win,False,26,1,True,win,/private/tmp/kaggle_eps/55565424/replays/episode-97031968-replay.json,1,345b5d9981c221671d32d5ddaf39f1d19cb8737b00dbd84c16b408da8507b81b,90,22,55565424,ended_before,,,,,,,,,,,,,,,,20,ended_before,,,,,,,,,,,,,,,,30,reached,10,True,False,1,1,20,6,8,6,11,24,6,5,77,True,
0,ok,True,97020139,False,False,DONE,,,0,929df14c543bcd43e2628b81c89a20c1a5269212164d7a5cde1863733a9c154d,no_explicit_terminal_engine_result,24,EpisodeState.COMPLETED,1,19,55563200,win,False,48,1,True,win,/private/tmp/kaggle_eps/55565424/replays/episode-97020139-replay.json,1,7bcceab360ca52399d7585a8c7eb1fbf119f44d60fbc8ebfa769c7e03c33fe4b,146,46,55565424,reached,20,True,False,1,1,23,6,13,4,4,12,6,10,130,True,,ended_before,,,,,,,,,,,,,,,,30,reached,10,True,False,1,1,32,19,7,6,7,25,6,5,89,True,
0,ok,True,97018050,False,False,DONE,,,0,034ae662bf93ba1d36e957d0fc20b8783d76715a25a89712b5ab12b0f5a9265a,no_explicit_terminal_engine_result,19,EpisodeState.COMPLETED,1,22,55322696,win,True,29,0,True,win,/private/tmp/kaggle_eps/55565424/replays/episode-97018050-replay.json,1,5f6573d997b204d7335e3c0a95f5a078b9cbb8605ba902f03357033b0d1bbde8,173,19,55565424,reached,19,False,False,1,1,22,17,3,2,15,25,1,10,170,False,,ended_before,,,,,,,,,,,,,,,,29,reached,9,True,False,1,1,37,30,2,5,11,31,5,5,79,True,
0,ok,True,97014970,False,False,DONE,,,0,017dfd1ca3b954fd5ece8e6c07eaa31e83335863e5f52b19999938572ffdbe94,no_explicit_terminal_engine_result,12,EpisodeState.COMPLETED,-1,37,55556279,loss,True,26,0,True,loss,/private/tmp/kaggle_eps/55565424/replays/episode-97014970-replay.json,-1,6d5ebca0c96278e3187c0c190a36ad695fd688ab27f6c55695ab609184426b30,85,23,55565424,ended_before,,,,,,,,,,,,,,,,19,ended_before,,,,,,,,,,,,,,,,29,reached,9,True,False,1,1,37,29,5,3,7,26,6,5,64,True,
0,ok,True,97002652,False,False,DONE,,,0,1705b52d9a3b7b3feaf993913f8211aee857640afd482c4b7b5cde0b6cafbdfd,no_explicit_terminal_engine_result,14,EpisodeState.COMPLETED,-1,21,55561766,loss,True,31,0,True,loss,/private/tmp/kaggle_eps/55565424/replays/episode-97002652-replay.json,-1,daf74151de3e0a42c62f714bc4e247aff98b06176229e9f1d43c5c4f0279ab0f,96,31,55565424,ended_before,,,,,,,,,,,,,,,,19,ended_before,,,,,,,,,,,,,,,,29,reached,9,True,False,1,1,33,24,5,4,7,30,6,5,58,True,
0,ok,True,96999418,False,False,DONE,,,0,f724bcf8b077d6438af48da066095b0ec7f80819acb9e2d01023e7b1d8d5121b,no_explicit_terminal_engine_result,16,EpisodeState.COMPLETED,-1,18,55562518,loss,True,37,0,True,loss,/private/tmp/kaggle_eps/55565424/replays/episode-96999418-replay.json,-1,67a9e4594ccd50f5871eee9e9424488f6d1f000fcfc7ab1db3432be62f9ae81f,119,37,55565424,ended_before,,,,,,,,,,,,,,,,19,ended_before,,,,,,,,,,,,,,,,29,reached,9,True,False,1,1,26,17,5,4,5,29,6,5,72,True,
0,ok,True,96987585,True,True,DONE,,,0,56dda965e57bfa50ff45fdd31009a8e01b71b9c8d49944fd43c84fd46c5316f8,no_explicit_terminal_engine_result,49,EpisodeState.COMPLETED,-1,12,54320023,loss,False,60,1,True,loss,/private/tmp/kaggle_eps/55565424/replays/episode-96987585-replay.json,-1,c591305bb8f917fd07deeb7e61b4a3bedd4acbab0fc88997458c3148341737dd,151,54,55565424,reached,20,True,False,1,1,48,39,4,5,3,14,6,10,79,True,,reached,30,True,False,1,1,40,33,3,4,7,9,6,15,109,True,,reached,10,True,False,1,1,53,44,4,5,7,35,6,5,42,True,
0,ok,True,96975261,False,False,DONE,,,0,9f1a3e30502eaed8e3ccd8998575e04bb8103c2d5818a1b9cf28645aead3fa4c,no_explicit_terminal_engine_result,14,EpisodeState.COMPLETED,-1,19,55479389,loss,True,30,0,True,loss,/private/tmp/kaggle_eps/55565424/replays/episode-96975261-replay.json,-1,4f27ff6bb0998d09fb9c5068dbe7c859f9fa2d0a76bbd41dd3d66cc1c37abaa1,130,29,55565424,ended_before,,,,,,,,,,,,,,,,19,ended_before,,,,,,,,,,,,,,,,29,reached,9,True,False,1,1,31,16,12,3,8,25,6,5,83,True,
0,ok,True,96964745,False,False,DONE,,,0,859014bba56c84d0ae5a6ab2f12136e361e84b1c4c6a5b99847c67ea909ee7d1,no_explicit_terminal_engine_result,15,EpisodeState.COMPLETED,1,31,55104408,win,True,31,0,True,win,/private/tmp/kaggle_eps/55565424/replays/episode-96964745-replay.json,1,b8452058f753e03f68ecad394fd159bd286cc75ef832ee7cd8799db86f0a1479,122,23,55565424,ended_before,,,,,,,,,,,,,,,,19,ended_before,,,,,,,,,,,,,,,,29,reached,9,True,False,1,1,39,28,5,6,10,35,5,5,74,True,
0,ok,True,96951370,True,True,DONE,,,0,aaabb56ad96eeadb83bbec8290aa08e45d11c496150cb6496e16b29bba28a0a7,no_explicit_terminal_engine_result,29,EpisodeState.COMPLETED,1,9,55548182,win,True,50,0,True,win,/private/tmp/kaggle_eps/55565424/replays/episode-96951370-replay.json,1,1ba6653c8a6beab49e1e6fa34f350aeaba6a1dc1605e483ebae0f424b0e7aa25,138,43,55565424,reached,19,False,False,1,1,22,11,8,3,16,15,6,10,103,False,,reached,29,True,False,1,1,9,1,7,1,5,9,6,15,136,True,,reached,9,True,False,1,1,29,19,6,4,7,28,6,5,71,True,
0,ok,True,96952466,False,False,DONE,,,0,43c3dd5cd46ff985346d8b7b1d298ea9b4f4b91ca6c4d732bd5a4e26f664a568,no_explicit_terminal_engine_result,18,EpisodeState.COMPLETED,1,27,55557692,win,False,31,1,True,win,/private/tmp/kaggle_eps/55565424/replays/episode-96952466-replay.json,1,e9039f0bce79ced07704672291b44b8902a685353d71a989b9c532041ca92856,145,27,55565424,ended_before,,,,,,,,,,,,,,,,20,ended_before,,,,,,,,,,,,,,,,30,reached,10,True,False,1,1,33,24,3,6,6,33,4,5,88,True,
0,ok,True,96939573,False,False,DONE,,,0,e7401cd99bda2adca3dea6c47de36b014b2fd6c08069a99ea9f42fe31966abf1,no_explicit_terminal_engine_result,15,EpisodeState.COMPLETED,-1,27,55564589,loss,False,22,1,True,loss,/private/tmp/kaggle_eps/55565424/replays/episode-96939573-replay.json,-1,278f5b4ec2405553062d7133a138bd14d5488b0157e82e20cb4db1370ea65996,159,21,55565424,ended_before,,,,,,,,,,,,,,,,20,ended_before,,,,,,,,,,,,,,,,30,reached,10,True,False,1,1,40,32,2,6,8,34,4,5,74,True,
0,ok,True,96927232,False,False,DONE,,,0,479c5eac08fd2f14cb1fb67e8705f32259859c7b33e23b5aa6cb41683b1f6102,no_explicit_terminal_engine_result,13,EpisodeState.COMPLETED,-1,30,55537377,loss,False,20,1,True,loss,/private/tmp/kaggle_eps/55565424/replays/episode-96927232-replay.json,-1,ed970320f9570cdfa496c159d73d6f88c67285c9f2127835af366ecde1d694e2,142,15,55565424,ended_before,,,,,,,,,,,,,,,,20,ended_before,,,,,,,,,,,,,,,,30,reached,10,True,False,1,1,33,23,5,5,12,34,4,5,101,True,
0,ok,True,96927233,False,False,DONE,,,0,b3412abc24d6abc67f266549ab575e882b540b3531d1115f816b5bff3d0783cf,no_explicit_terminal_engine_result,24,EpisodeState.COMPLETED,1,20,55565704,win,False,40,1,True,win,/private/tmp/kaggle_eps/55565424/replays/episode-96927233-replay.json,1,2305f33b04624940d0850dc8dc45a3703396e0d34ff014f1c2e43f033e94c78e,213,36,55565424,reached,20,True,False,1,1,20,11,7,2,7,17,2,10,198,True,,ended_before,,,,,,,,,,,,,,,,30,reached,10,True,False,1,1,35,27,5,3,8,23,6,5,98,True,
0,ok,True,96924149,True,True,DONE,,,1,412c6477ee88307154423641884af97bad64cc2219fe8eb9e43be7a04a545a79,no_explicit_terminal_engine_result,13,EpisodeState.COMPLETED,1,10,55487635,win,True,35,1,True,win,/private/tmp/kaggle_eps/55565424/replays/episode-96924149-replay.json,1,56a4564fa263a49abe93b4fcb4f600cba71f301f01ef08ff855a05ba365d0b7a,149,28,55565424,ended_before,,,,,,,,,,,,,,,,19,ended_before,,,,,,,,,,,,,,,,29,reached,9,True,False,1,1,15,5,7,3,6,34,6,5,104,True,
0,ok,True,96920740,False,False,DONE,,,0,11ab65751d5c752920eca3e261b794b0edf474a5e2b9ba9442494a720818bc63,no_explicit_terminal_engine_result,17,EpisodeState.COMPLETED,-1,28,55347647,loss,False,31,1,True,loss,/private/tmp/kaggle_eps/55565424/replays/episode-96920740-replay.json,-1,6f9dfacaa346c7787ec6c6219d1febc5012a55ac25620c9c8ad306ecade5ae77,167,28,55565424,ended_before,,,,,,,,,,,,,,,,20,ended_before,,,,,,,,,,,,,,,,30,reached,10,True,False,1,1,30,20,6,4,2,30,5,5,98,True,
0,ok,True,96919725,False,False,DONE,,,0,62a19d9d8b57337fb189f40170bff68c3a5d9a9ab48329c6290fd4c35688960a,no_explicit_terminal_engine_result,21,EpisodeState.COMPLETED,-1,18,55565373,loss,False,37,1,True,loss,/private/tmp/kaggle_eps/55565424/replays/episode-96919725-replay.json,-1,dc753944c69ce311c41c1506b7353f134f71a3879a2f451fcbbb5e5439acb497,229,30,55565424,reached,20,True,False,1,1,18,13,4,1,4,32,3,10,202,True,,ended_before,,,,,,,,,,,,,,,,30,reached,10,True,False,1,1,33,24,4,5,8,37,5,5,91,True,
0,ok,True,96913839,True,True,DONE,,,1,bf780453a1fa45de6ee3632fbc0f7fe05a0edeb82ae27038842beaedc52b04ea,no_explicit_terminal_engine_result,31,EpisodeState.COMPLETED,1,14,55004404,win,True,49,1,True,win,/private/tmp/kaggle_eps/55565424/replays/episode-96913839-replay.json,1,d01a34215da5b47331ecf6041b65562c7290e3f91de61e70b9405d8e50fa4434,113,47,55565424,reached,19,True,False,1,1,24,15,6,3,8,13,6,10,89,True,,reached,29,True,False,1,1,19,5,11,3,9,8,6,15,102,True,,reached,9,True,False,1,1,37,24,8,5,5,24,6,5,58,True,
0,ok,True,96901975,False,False,DONE,,,0,9c10a41a3dc3c527148f7342e74177a397a26afc60678c796bc56ac9d20b9371,no_explicit_terminal_engine_result,26,EpisodeState.COMPLETED,-1,15,55550586,loss,True,42,0,True,loss,/private/tmp/kaggle_eps/55565424/replays/episode-96901975-replay.json,-1,c18342c88b598c098f1ac02046944e8e8c3184f67a4f81dd81ce1c4d6fcfc72a,225,37,55565424,reached,19,True,False,1,1,19,11,6,2,4,33,4,10,167,True,,ended_before,,,,,,,,,,,,,,,,29,reached,9,True,False,1,1,28,16,6,6,5,38,6,5,78,True,
0,ok,True,96899004,False,False,DONE,,,1,0b5285c8d9c529624240a2d82b3d09b375dfe6cca88a0a6bad9b946412606cd4,no_explicit_terminal_engine_result,21,EpisodeState.COMPLETED,1,15,55565578,win,True,34,1,True,win,/private/tmp/kaggle_eps/55565424/replays/episode-96899004-replay.json,1,fab0444c3a91f85872e4374928334d525bbafa3bcb4721e8148c8e4bf03e054b,116,34,55565424,reached,19,True,False,1,1,19,5,11,3,12,28,5,10,104,True,,ended_before,,,,,,,,,,,,,,,,29,reached,9,True,False,1,1,33,18,12,3,6,37,6,5,65,True,
0,ok,True,96887201,True,True,DONE,,,0,9099cb29da7e744a772175f4fda5c2a42f79680285de49a3fbbf5b57fe6a959d,no_explicit_terminal_engine_result,31,EpisodeState.COMPLETED,1,14,55557692,win,True,53,0,True,win,/private/tmp/kaggle_eps/55565424/replays/episode-96887201-replay.json,1,4322cfacbb71446414184b09dfead472f61dee4238e0c3d1128e665831e55036,257,35,55565424,reached,19,False,False,1,1,39,29,4,6,16,11,5,10,122,False,,reached,29,True,False,1,1,16,6,7,3,10,6,2,15,230,True,,reached,9,True,False,1,1,46,37,3,6,4,37,6,5,56,True,
0,ok,True,96874859,True,True,DONE,,,1,130e158c6a82b26be563e2553d8774cffb8ede5393412884093c87d47ec28586,no_explicit_terminal_engine_result,22,EpisodeState.COMPLETED,-1,9,55479757,loss,True,47,1,True,loss,/private/tmp/kaggle_eps/55565424/replays/episode-96874859-replay.json,-1,9caaeac4ab0599adfa5ab44ad34e98d691c4822c751f39df024c3dde8bfde1c8,129,31,55565424,reached,19,True,False,1,1,16,7,7,2,9,11,5,10,112,True,,ended_before,,,,,,,,,,,,,,,,29,reached,9,True,False,1,1,33,21,6,6,10,28,6,5,55,True,
0,ok,True,96862974,True,True,DONE,,,1,3474a16ddb81d361e403132e9cc7245854f30bad44bc8f76e18212ab12127e9d,no_explicit_terminal_engine_result,15,EpisodeState.COMPLETED,1,13,54422652,win,True,29,1,True,win,/private/tmp/kaggle_eps/55565424/replays/episode-96862974-replay.json,1,cf468db137a448282c6056e227d02b350b9806d2eb366c25ede8d082e8a63d4b,102,29,55565424,ended_before,,,,,,,,,,,,,,,,19,ended_before,,,,,,,,,,,,,,,,29,reached,9,True,False,1,1,20,8,7,5,5,31,6,5,65,True,
0,ok,True,96851028,False,False,DONE,,,1,55d685bc21ef20568e4bb5a6209db78412a1c44c630707aea7e1e8be5c09be7c,no_explicit_terminal_engine_result,52,EpisodeState.COMPLETED,-1,22,54991028,loss,True,55,1,True,loss,/private/tmp/kaggle_eps/55565424/replays/episode-96851028-replay.json,-1,672dfb65535d5202d784bee3f6fdf27999e3056340ac4c7d036b5ae159a8bd4c,125,49,55565424,reached,19,False,False,1,1,39,26,7,6,14,13,6,10,66,False,,reached,29,True,False,1,1,36,18,12,6,4,6,6,15,91,True,,reached,9,True,False,1,1,40,31,3,6,10,27,6,5,43,True,
0,ok,True,96845974,True,True,DONE,,,0,1cd9d22a896784e5c3b2440fb00e6abae370e8b1f7f5c2c2e7fb3e370d5ff1c0,no_explicit_terminal_engine_result,21,EpisodeState.COMPLETED,1,13,54843324,win,True,35,0,True,win,/private/tmp/kaggle_eps/55565424/replays/episode-96845974-replay.json,1,04c58038f005898ec6b986181cdcaafb9b816df918bda4597ce60c3b8cbad2a4,97,35,55565424,reached,19,True,False,1,1,14,3,6,5,10,16,6,10,92,True,,ended_before,,,,,,,,,,,,,,,,29,reached,9,True,False,1,1,33,24,4,5,5,33,6,5,53,True,
0,ok,True,96833632,False,False,DONE,,,0,ae5ef4d14e03e230e392fc044e61401e0f6dffb312cf32e6afc6e954ae2eb550,no_explicit_terminal_engine_result,16,EpisodeState.COMPLETED,-1,27,55421710,loss,True,34,0,True,loss,/private/tmp/kaggle_eps/55565424/replays/episode-96833632-replay.json,-1,591887bbf59b144879ae3d28ce5695aae2404b888996dd406125f9911f3d4c79,107,30,55565424,ended_before,,,,,,,,,,,,,,,,19,ended_before,,,,,,,,,,,,,,,,29,reached,9,True,False,1,1,30,18,8,4,4,27,6,5,76,True,
0,ok,True,96831428,False,False,DONE,,,0,54e18e4f622c178b496d68b7b8a5b82b763827e380f1505b28d6b5bde472c855,no_explicit_terminal_engine_result,16,EpisodeState.COMPLETED,1,15,55557196,win,False,35,1,True,win,/private/tmp/kaggle_eps/55565424/replays/episode-96831428-replay.json,1,80eb4944572d281fdbe6ae8ee17a2499443b86762db7688ecdd36e653364ad6a,165,28,55565424,ended_before,,,,,,,,,,,,,,,,20,ended_before,,,,,,,,,,,,,,,,30,reached,10,True,False,1,1,22,10,6,6,6,31,4,5,106,True,
0,ok,True,96830296,True,True,DONE,,,0,109ebdeb153e674ba4aa97e9bf93c2812ce36a28841e345e925f8785a9c80e9c,no_explicit_terminal_engine_result,23,EpisodeState.COMPLETED,1,9,55554679,win,True,39,0,True,win,/private/tmp/kaggle_eps/55565424/replays/episode-96830296-replay.json,1,6060f82fd5e077952804b6c327a7fdfa5d59b33dbc96db69240f3892501fbacd,217,37,55565424,reached,19,True,False,1,1,10,2,7,1,6,30,3,10,178,True,,ended_before,,,,,,,,,,,,,,,,29,reached,9,True,False,1,1,23,12,5,6,8,33,6,5,83,True,
0,ok,True,96817925,False,False,DONE,,,0,fcd4ed4886507133d5c34247d731e66827373bef11d01949fcf3b8f73b774ece,no_explicit_terminal_engine_result,12,EpisodeState.COMPLETED,-1,29,55563742,loss,True,21,0,True,loss,/private/tmp/kaggle_eps/55565424/replays/episode-96817925-replay.json,-1,ae2e9bd6244284fdd0d250bc77b278cdd3e1918c2db900ed5352a2ac970a373f,126,20,55565424,ended_before,,,,,,,,,,,,,,,,19,ended_before,,,,,,,,,,,,,,,,29,reached,9,True,False,1,1,32,21,5,6,9,41,4,5,84,True,
0,ok,True,96806041,False,False,DONE,,,0,23819931169181c6db907d30c8338093f85da30c7a6f36964e5da2523411c968,no_explicit_terminal_engine_result,19,EpisodeState.COMPLETED,-1,22,55558270,loss,False,38,1,True,loss,/private/tmp/kaggle_eps/55565424/replays/episode-96806041-replay.json,-1,a349044425ad90d656d61408ed5a295fc4dca1fb71732133baf7eebff6b79bdb,188,36,55565424,ended_before,,,,,,,,,,,,,,,,20,ended_before,,,,,,,,,,,,,,,,30,reached,10,True,False,1,1,35,25,6,4,8,32,6,5,92,True,
0,ok,True,96798211,True,False,DONE,,,0,7441d9bfedeb4f441e9ff96e2e130ba761084de7805f51942f632fc9b664ec43,no_explicit_terminal_engine_result,20,EpisodeState.COMPLETED,1,14,55565166,win,False,32,1,True,win,/private/tmp/kaggle_eps/55565424/replays/episode-96798211-replay.json,1,7cb67446470324d6869b3ffdc8a7077821ad50de101c3a3d5464f6e6a12c58aa,168,30,55565424,reached,20,False,False,1,1,14,6,5,3,15,24,1,10,165,False,,ended_before,,,,,,,,,,,,,,,,30,reached,10,True,False,1,1,35,27,4,4,6,35,5,5,95,True,
0,ok,True,96800679,True,True,DONE,,,0,19ff3e9eae52e01f86fc1f12f4370f005080f2325e04c26269ac504f89a57155,no_explicit_terminal_engine_result,35,EpisodeState.COMPLETED,1,8,55552155,win,True,52,0,True,win,/private/tmp/kaggle_eps/55565424/replays/episode-96800679-replay.json,1,19da9cfe6bdebc17437ab5a0ac2443341f4f4cfacf32ddc5efd7963950f5f45b,139,51,55565424,reached,19,True,False,1,1,34,26,4,4,7,17,5,10,78,True,,reached,29,True,False,1,1,13,6,3,4,9,10,5,15,123,True,,reached,9,True,False,1,1,50,42,2,6,6,36,6,5,37,True,
0,ok,True,96785859,False,False,DONE,,,0,b248c46cc603f06e0885cac52688328638ebec76b06b00e5c7ac66c919757eb1,no_explicit_terminal_engine_result,23,EpisodeState.COMPLETED,1,30,55486906,win,True,38,0,True,win,/private/tmp/kaggle_eps/55565424/replays/episode-96785859-replay.json,1,5ddb4f462c2902000d849d93a7f0470f887fe08704fb522c1c94b21ed9674176,98,37,55565424,reached,19,True,False,1,1,32,8,19,5,8,15,6,10,90,True,,ended_before,,,,,,,,,,,,,,,,29,reached,9,False,False,1,1,37,18,14,5,13,21,6,5,74,False,
0,ok,True,96774015,True,True,DONE,,,0,b727d5276f4a1e3a364ea8707227e35e0f1b55ea88604ae3ab732fa586731ee6,no_explicit_terminal_engine_result,19,EpisodeState.COMPLETED,-1,10,53867356,loss,False,35,1,True,loss,/private/tmp/kaggle_eps/55565424/replays/episode-96774015-replay.json,-1,f99190086e2cad8c5f54330531bffe165bacd1ab216a41836c7370716bb491e0,120,32,55565424,ended_before,,,,,,,,,,,,,,,,20,ended_before,,,,,,,,,,,,,,,,30,reached,10,True,False,1,1,40,29,6,5,10,35,6,5,53,True,
0,ok,True,96762230,False,False,DONE,,,0,1d4436e5fe3542921d14aaacbaf913cc2a7228a276a6ce88e35e16fc595065f0,no_explicit_terminal_engine_result,28,EpisodeState.COMPLETED,1,22,55006604,win,False,35,1,True,win,/private/tmp/kaggle_eps/55565424/replays/episode-96762230-replay.json,1,9e0cf05e54e7f83c6e0919e33e9cd572c4678a2662b0784a734509d52637ee8b,145,29,55565424,reached,20,True,False,1,1,29,11,12,6,10,26,6,10,118,True,,ended_before,,,,,,,,,,,,,,,,30,reached,10,True,False,1,1,33,19,8,6,7,33,6,5,80,True,
0,ok,True,96750418,True,True,DONE,,,0,75e6556bda6c3bb2b254e1d1e22dd71ae8417bd8ec73bf531c9eb22bb38a940c,no_explicit_terminal_engine_result,22,EpisodeState.COMPLETED,1,9,55186046,win,False,39,1,True,win,/private/tmp/kaggle_eps/55565424/replays/episode-96750418-replay.json,1,9c22a4271feec00e331e7e89524fc351cae3af08ea0a38b11c365bd9291c511b,139,39,55565424,reached,20,True,False,1,1,13,5,5,3,6,19,6,10,128,True,,ended_before,,,,,,,,,,,,,,,,30,reached,10,True,False,1,1,40,30,6,4,5,39,6,5,57,True,
0,ok,True,96738152,False,False,DONE,,,0,f7fce6162b5b6179d0df1f1e41a27dbc7cafd5c9c3f2d5ee241084bfe71c2869,no_explicit_terminal_engine_result,14,EpisodeState.COMPLETED,-1,30,55422443,loss,True,24,0,True,loss,/private/tmp/kaggle_eps/55565424/replays/episode-96738152-replay.json,-1,e11d5cccbdc29c2f8ae2e6086fb917a9a808579ada8eed0ac9fce3dec98cee8e,100,19,55565424,ended_before,,,,,,,,,,,,,,,,19,ended_before,,,,,,,,,,,,,,,,29,reached,9,False,False,1,1,37,20,13,4,13,33,6,5,67,False,
0,ok,True,96735729,False,False,DONE,,,0,486b1b15c9de9ed0cbd14660cb3e9ad00836fe1bd4c7aa3bb1aece7bc5a201bb,no_explicit_terminal_engine_result,11,EpisodeState.COMPLETED,-1,30,55540013,loss,False,19,1,True,loss,/private/tmp/kaggle_eps/55565424/replays/episode-96735729-replay.json,-1,5b01114a3b2edec10d2efc197d68918012b963317a9d30d90d26c8fb5c581e71,149,19,55565424,ended_before,,,,,,,,,,,,,,,,20,ended_before,,,,,,,,,,,,,,,,30,reached,10,True,False,1,1,30,23,4,3,8,25,4,5,122,True,
0,ok,True,96723879,False,False,DONE,,,0,9de83574a76b62e9c5b5d8906e6c15d4baa4c8106eb996a90e9d9e75fa3d096e,no_explicit_terminal_engine_result,31,EpisodeState.COMPLETED,1,23,55529016,win,True,46,0,True,win,/private/tmp/kaggle_eps/55565424/replays/episode-96723879-replay.json,1,426724adc14a7ef1b80441d3b8da620b2bd3b8c6dddf46f865d885f6ae0ea82f,116,30,55565424,reached,19,False,False,1,1,36,15,15,6,16,28,6,10,68,False,,reached,29,False,False,1,1,27,5,16,6,14,20,6,15,95,False,,reached,9,True,False,1,1,37,21,10,6,6,41,6,5,48,True,
0,ok,True,96713878,False,False,DONE,,,0,3aa170460ac88f9ecf21c867fc83a06cdddad9ffd913eced7ece101e83b558ad,no_explicit_terminal_engine_result,10,EpisodeState.COMPLETED,-1,33,55564277,loss,True,12,0,True,loss,/private/tmp/kaggle_eps/55565424/replays/episode-96713878-replay.json,-1,20f337dcf8e15165937f1937d3e92efb5a0b1adaea19198157f0a1f2a5655576,94,10,55565424,ended_before,,,,,,,,,,,,,,,,19,ended_before,,,,,,,,,,,,,,,,29,reached,9,True,False,1,1,33,23,5,5,4,39,5,5,78,True,
0,ok,True,96714034,False,False,DONE,,,0,eae0ace04d4716fcc0bc2a809f1f47ad81b350871e1d92ec6e5ccae85958059b,no_explicit_terminal_engine_result,17,EpisodeState.COMPLETED,1,17,55258192,win,True,36,0,True,win,/private/tmp/kaggle_eps/55565424/replays/episode-96714034-replay.json,1,c5fc3909b3e0a9b1a37a659f045c2f247442a857f04da66a58afba8e2c23af3a,180,30,55565424,ended_before,,,,,,,,,,,,,,,,19,ended_before,,,,,,,,,,,,,,,,29,reached,9,True,False,1,1,32,19,7,6,11,26,4,5,94,True,
0,ok,True,96701532,True,True,DONE,,,0,f1cb51161d394e774cf6dcd447e889d5fc00455848ecd16be6642c2ad978e677,no_explicit_terminal_engine_result,27,EpisodeState.COMPLETED,1,11,55482899,win,True,49,0,True,win,/private/tmp/kaggle_eps/55565424/replays/episode-96701532-replay.json,1,c33f396189cdd0721b104e4cf06806ce0cf4fb0a7874f01d22ee2925971a7342,144,41,55565424,reached,19,False,False,1,1,15,4,6,5,16,9,6,10,116,False,,ended_before,,,,,,,,,,,,,,,,29,reached,9,True,False,1,1,42,35,1,6,4,31,6,5,51,True,
0,ok,True,96695660,True,True,DONE,,,0,22e3fee8e07b5b33810289b1d03e5af05185cbb34d11c334aee40bfbfff8b353,no_explicit_terminal_engine_result,28,EpisodeState.COMPLETED,1,11,55491860,win,False,40,1,True,win,/private/tmp/kaggle_eps/55565424/replays/episode-96695660-replay.json,1,e749fd80d41bb86796d15ed8f18a134c3fcaf6c408447124ce2441051be95e93,166,39,55565424,reached,20,True,False,1,1,19,13,2,4,8,19,6,10,129,True,,ended_before,,,,,,,,,,,,,,,,30,reached,10,True,False,1,1,38,27,6,5,9,30,6,5,67,True,
0,ok,True,96683308,True,True,DONE,,,0,338b20a66becdd211aedd24672f7e8bbf0101dc6e884021307d86382f68b8991,no_explicit_terminal_engine_result,50,EpisodeState.COMPLETED,-1,10,55297239,loss,True,85,0,True,loss,/private/tmp/kaggle_eps/55565424/replays/episode-96683308-replay.json,-1,a5b61ffb08e50a1cf39eada5770f15a04fd9d7d26dec039d8f74cdecc08a5c6c,198,73,55565424,reached,19,True,False,1,1,27,18,6,3,5,15,4,10,133,True,,reached,29,True,False,1,1,26,13,10,3,9,10,4,15,156,True,,reached,9,False,False,1,1,36,19,11,6,16,25,6,5,82,False,
0,ok,True,96675912,False,False,DONE,,,0,25b074d60e593463d7530eae1188f89f44211ecf4664b059152296792258417d,no_explicit_terminal_engine_result,19,EpisodeState.COMPLETED,-1,22,55216968,loss,False,44,1,True,loss,/private/tmp/kaggle_eps/55565424/replays/episode-96675912-replay.json,-1,d4df536bd631559930d9fced6653c3dbbe04b3e6d403334653342a0329f08a68,203,44,55565424,ended_before,,,,,,,,,,,,,,,,20,ended_before,,,,,,,,,,,,,,,,30,reached,10,True,False,1,1,30,18,8,4,7,38,6,5,94,True,
0,ok,True,96664094,False,False,DONE,,,1,174d027baa3888e5883dc5fd850bf9dbf612062fe18d459e9f2afaa0f8a2e3af,no_explicit_terminal_engine_result,17,EpisodeState.COMPLETED,1,22,55418535,win,True,28,1,True,win,/private/tmp/kaggle_eps/55565424/replays/episode-96664094-replay.json,1,8c68a666304956d3984e1e3eca756325aa89b33d2b4a77691d2ef97109dfe79a,112,23,55565424,ended_before,,,,,,,,,,,,,,,,19,ended_before,,,,,,,,,,,,,,,,29,reached,9,False,False,1,1,30,13,13,4,13,27,6,5,86,False,
0,ok,True,96652256,False,False,DONE,,,0,075bcf2dce37afe527953ad57c80b423f22563f40b6f89d092d5e5c96e655704,no_explicit_terminal_engine_result,22,EpisodeState.COMPLETED,1,34,55551183,win,False,20,1,True,win,/private/tmp/kaggle_eps/55565424/replays/episode-96652256-replay.json,1,4229c7bdec93c4905fbeca6b8075c9b1dc2026022e27ed85007356e0d97800ee,110,11,55565424,reached,20,False,False,1,1,36,14,16,6,22,28,1,10,100,False,,ended_before,,,,,,,,,,,,,,,,30,reached,10,True,False,1,1,51,34,11,6,12,33,6,5,41,True,
0,ok,True,96639937,True,True,DONE,,,0,01ad9c606257a9ec17f7ce3543591b5ab39a112acf1802ecad46f912ef20509b,no_explicit_terminal_engine_result,41,EpisodeState.COMPLETED,1,11,55386311,win,True,53,0,True,win,/private/tmp/kaggle_eps/55565424/replays/episode-96639937-replay.json,1,fe19fb2b0497f5bf6187ad3a3c2802049e58201a531a7f2c66d8f27e5c9c946e,158,46,55565424,reached,19,True,False,1,1,47,29,12,6,7,30,6,10,40,True,,reached,29,True,False,1,1,31,19,7,5,7,23,6,15,83,True,,reached,9,True,False,1,1,53,40,7,6,7,35,6,5,25,True,
0,ok,True,96637030,True,True,DONE,,,1,1e8bc23be1ee69eca97f64f36d4cbfccae9d7e8710c36fefed13dcf23356b81e,no_explicit_terminal_engine_result,17,EpisodeState.COMPLETED,1,10,55564163,win,True,34,1,True,win,/private/tmp/kaggle_eps/55565424/replays/episode-96637030-replay.json,1,f4bbac17674a6fe6de6b325720bc3f8d10969ce981c1010721454964eec0a56b,119,30,55565424,ended_before,,,,,,,,,,,,,,,,19,ended_before,,,,,,,,,,,,,,,,29,reached,9,True,False,1,1,19,12,3,4,4,28,6,5,84,True,
0,ok,True,96637576,False,False,DONE,,,0,3071ab18d44dae3521cb4a218fe805adc90644a300b28830a00cba7e2ffc0dbe,no_explicit_terminal_engine_result,16,EpisodeState.COMPLETED,1,22,55201992,win,False,34,1,True,win,/private/tmp/kaggle_eps/55565424/replays/episode-96637576-replay.json,1,fe79c492e0f5c79c502108bbb2a78aaeee44eb8a486c3208dbd0350c2e019978,117,27,55565424,ended_before,,,,,,,,,,,,,,,,20,ended_before,,,,,,,,,,,,,,,,30,reached,10,True,False,1,1,30,14,11,5,6,25,6,5,83,True,
0,ok,True,96625333,True,False,DONE,,,0,89672944d3bf2e682cb12af26a12707f336417049d0e8981d84b9db7e7880eda,no_explicit_terminal_engine_result,31,EpisodeState.COMPLETED,1,14,55557939,win,True,43,0,True,win,/private/tmp/kaggle_eps/55565424/replays/episode-96625333-replay.json,1,728ae5f8b3ce37ad615ec02d823b40236e6d74a81583ad321cbe11767747706e,124,31,55565424,reached,19,True,False,1,1,23,13,4,6,11,11,4,10,93,True,,reached,29,False,False,1,1,16,2,8,6,14,5,4,15,118,False,,reached,9,True,False,1,1,37,27,4,6,7,29,6,5,50,True,
0,ok,True,96625730,False,False,DONE,,,0,658c3911ae37a0e2b4cd7a4e1469e0b7f8dcc17e1e4e1f2ebc45a27db81faf13,no_explicit_terminal_engine_result,16,EpisodeState.COMPLETED,1,29,55482454,win,False,27,1,True,win,/private/tmp/kaggle_eps/55565424/replays/episode-96625730-replay.json,1,702a6a920d84804185d0a812d5b884abf1ac04cfcfa302827203af71bb050362,103,22,55565424,ended_before,,,,,,,,,,,,,,,,20,ended_before,,,,,,,,,,,,,,,,30,reached,10,True,False,1,1,32,26,0,6,12,35,4,5,69,True,
0,ok,True,96613493,False,False,DONE,,,0,c56954895c2d24f9ea158139cc00106a82df8b9e1cd1c06161e677405e57f200,no_explicit_terminal_engine_result,5,EpisodeState.COMPLETED,-1,49,55562268,loss,False,7,1,True,loss,/private/tmp/kaggle_eps/55565424/replays/episode-96613493-replay.json,-1,544eeaf1ce155c114a5144e216d4f3f6ed82cb4ac0b6d6f493891631b33bc677,48,7,55565424,ended_before,,,,,,,,,,,,,,,,20,ended_before,,,,,,,,,,,,,,,,30,ended_before,,,,,,,,,,,,,,,,10
0,ok,True,96601221,False,False,DONE,,,0,b5a763a92d2a588182727ded72c8b35c8c3920bfbbb88cfde9cd797af3bff3f8,no_explicit_terminal_engine_result,16,EpisodeState.COMPLETED,-1,37,55110505,loss,True,22,0,True,loss,/private/tmp/kaggle_eps/55565424/replays/episode-96601221-replay.json,-1,e4820478ef6be4d67768de0433df42f91bad1ad32897855389411b650a309e53,93,22,55565424,ended_before,,,,,,,,,,,,,,,,19,ended_before,,,,,,,,,,,,,,,,29,reached,9,True,False,1,1,39,15,20,4,3,34,6,5,67,True,
0,ok,True,96589385,False,False,DONE,,,0,e5f9c21b710084c052e9f979978b81e59dd925e0346cc6e5d254564b7b8f2df7,no_explicit_terminal_engine_result,17,EpisodeState.COMPLETED,1,18,55560927,win,True,30,0,True,win,/private/tmp/kaggle_eps/55565424/replays/episode-96589385-replay.json,1,edef02335b20188e5681775ad0eb5046f84fdf679dafad4c8306c947d323fd45,150,25,55565424,ended_before,,,,,,,,,,,,,,,,19,ended_before,,,,,,,,,,,,,,,,29,reached,9,True,False,1,1,29,18,5,6,11,39,5,5,76,True,
0,ok,True,96577567,True,True,DONE,,,0,46c6ab0e74a74412fd1b8c1807dc99c134c2047132ed371e929830dab1fd6c86,no_explicit_terminal_engine_result,17,EpisodeState.COMPLETED,-1,12,55542489,loss,False,36,1,True,loss,/private/tmp/kaggle_eps/55565424/replays/episode-96577567-replay.json,-1,d283dd7a13143edb7645337dfdf25e3bc19f1c047b301e00fc6d44f628735bc1,133,32,55565424,ended_before,,,,,,,,,,,,,,,,20,ended_before,,,,,,,,,,,,,,,,30,reached,10,True,False,1,1,26,13,10,3,6,29,6,5,87,True,
0,ok,True,96565752,True,True,DONE,,,0,d20be34b8e8e64a844016fac68fdae69c080ce424f6c885fab8c6109bf85df5b,no_explicit_terminal_engine_result,32,EpisodeState.COMPLETED,1,8,55080072,win,False,52,1,True,win,/private/tmp/kaggle_eps/55565424/replays/episode-96565752-replay.json,1,77dd2487ce62c4e99da7c3e55a0427efe7e79aa2211ac45ed95221b1bb000ba4,147,45,55565424,reached,20,False,False,1,1,23,15,4,4,14,17,6,10,109,False,,reached,30,True,False,1,1,11,6,1,4,9,10,6,15,133,True,,reached,10,True,False,1,1,28,21,2,5,7,30,6,5,78,True,
0,ok,True,96561502,False,False,DONE,,,0,ffd488f911c36f1445e01670d40e492d5a8c8b7caf9f67e5ac32e0967c27fc40,no_explicit_terminal_engine_result,18,EpisodeState.COMPLETED,-1,24,55541825,loss,True,40,0,True,loss,/private/tmp/kaggle_eps/55565424/replays/episode-96561502-replay.json,-1,b9c774b6b8951e6e11bce0e40dfd10e7d1f3f5da1f182f3ed6812452aed44ba3,197,36,55565424,ended_before,,,,,,,,,,,,,,,,19,ended_before,,,,,,,,,,,,,,,,29,reached,9,True,False,1,1,30,19,6,5,12,30,5,5,95,True,
0,ok,True,96557666,False,False,DONE,,,0,1e51d3d6ff7e0d88124841906fe3254740f9fa4ccefd762377e564981855d1d9,no_explicit_terminal_engine_result,28,EpisodeState.COMPLETED,1,21,54831434,win,False,41,1,True,win,/private/tmp/kaggle_eps/55565424/replays/episode-96557666-replay.json,1,63fff48086745d4a805a86efa5b3415bff54d36ca632e2fe8ded9606cb506af8,130,38,55565424,reached,20,True,False,1,1,31,12,14,5,8,18,3,10,106,True,,ended_before,,,,,,,,,,,,,,,,30,reached,10,False,False,1,1,45,27,13,5,13,30,6,5,55,False,
0,ok,True,96546004,False,False,DONE,,,0,ecae416de2acff32e73331c4d0c086b90bdbb9f4f5b2684d207a3bc34b8cc91e,no_explicit_terminal_engine_result,15,EpisodeState.COMPLETED,-1,25,55477967,loss,False,41,1,True,loss,/private/tmp/kaggle_eps/55565424/replays/episode-96546004-replay.json,-1,27fd496ea5899cec17b2574c91daf2712349b334667ca7196b2a25c346c18924,198,34,55565424,ended_before,,,,,,,,,,,,,,,,20,ended_before,,,,,,,,,,,,,,,,30,reached,10,True,False,1,1,31,21,4,6,6,30,5,5,101,True,
0,ok,True,96534254,False,False,DONE,,,1,936d264bc28e6e2aea29e4ea4eec1f70bc9ab352549438f2effe891b4c8285a0,no_explicit_terminal_engine_result,33,EpisodeState.COMPLETED,1,17,55549092,win,True,55,1,True,win,/private/tmp/kaggle_eps/55565424/replays/episode-96534254-replay.json,1,48a21357113c7cb5dda7b4fd21bd59e059c0d3278211a8023770fd3f445750f3,183,49,55565424,reached,19,False,False,1,1,19,10,4,5,20,14,6,10,133,False,,reached,29,True,False,1,1,18,7,6,5,6,10,3,15,167,True,,reached,9,True,False,1,1,37,26,6,5,8,42,6,5,60,True,
0,ok,True,96528351,False,False,DONE,,,0,555ffc34c0a568436ca6fdb90e49bc42ca1a8e40a9a1bd7c4b235bb1767c4789,no_explicit_terminal_engine_result,16,EpisodeState.COMPLETED,-1,19,55554990,loss,True,32,0,True,loss,/private/tmp/kaggle_eps/55565424/replays/episode-96528351-replay.json,-1,5123e6aec852580f9c64bb0931931bb2fc546ab40d48baf4d54013bca172071b,152,29,55565424,ended_before,,,,,,,,,,,,,,,,19,ended_before,,,,,,,,,,,,,,,,29,reached,9,True,False,1,1,39,32,1,6,10,28,5,5,69,True,
0,ok,True,96527692,False,False,DONE,,,1,c8105d0b6f4d6a38c26c57409cd9fa1a4677af53e1c5b413656aa33bd4631afa,no_explicit_terminal_engine_result,12,EpisodeState.COMPLETED,-1,26,55564391,loss,True,20,1,True,loss,/private/tmp/kaggle_eps/55565424/replays/episode-96527692-replay.json,-1,a835d82cac9b0dca4c477c432211d55c1e3d6eb47d45100ab96e5e3a42b7bc4d,102,14,55565424,ended_before,,,,,,,,,,,,,,,,19,ended_before,,,,,,,,,,,,,,,,29,reached,9,True,False,1,1,28,11,13,4,7,31,6,5,83,True,
0,ok,True,96516570,False,False,DONE,,,0,1016d152c61a3e41770db8f8c1514f8266b2516f6e52cc3ce383682fc0397c5d,no_explicit_terminal_engine_result,18,EpisodeState.COMPLETED,1,26,55432008,win,False,33,1,True,win,/private/tmp/kaggle_eps/55565424/replays/episode-96516570-replay.json,1,1e72df00f232bf75dc95c49a960145278f7773d39bb329b9fb07084980901ad8,130,32,55565424,ended_before,,,,,,,,,,,,,,,,20,ended_before,,,,,,,,,,,,,,,,30,reached,10,True,False,1,1,39,32,2,5,6,31,4,5,70,True,
0,ok,True,96504724,False,False,DONE,,,0,5e49811e303cc63fbb972d660ed76db5601c1e7139ed54c2a8cbd6f71364fb23,no_explicit_terminal_engine_result,24,EpisodeState.COMPLETED,-1,16,55529227,loss,True,41,0,True,loss,/private/tmp/kaggle_eps/55565424/replays/episode-96504724-replay.json,-1,e9be8915c838e6178857527fce4be07ae3a1b046b550804e7ed5b46d74596ba0,215,36,55565424,reached,19,True,False,1,1,18,9,8,1,5,22,6,10,163,True,,ended_before,,,,,,,,,,,,,,,,29,reached,9,True,False,1,1,32,22,4,6,5,40,6,5,73,True,
0,ok,True,96492934,False,False,DONE,,,1,ee4ef477f7e7fdd6dce228ee03477b061e17ccea378bec16571b8e8eb2b8b149,no_explicit_terminal_engine_result,54,EpisodeState.COMPLETED,-1,26,55539857,loss,True,58,1,True,loss,/private/tmp/kaggle_eps/55565424/replays/episode-96492934-replay.json,-1,c3aab4bfc69ab8ae21884b7df89f2cfc48a5fc3720b9f799ce66f03bbb7dcc58,153,40,55565424,reached,19,True,False,1,1,44,32,6,6,12,20,6,10,64,True,,reached,29,True,False,1,1,39,26,7,6,9,15,6,15,84,True,,reached,9,True,False,1,1,48,37,5,6,10,34,6,5,34,True,
0,ok,True,96490376,False,False,DONE,,,1,a613d1e15b1ad1dd44038421debf931898fc89a75ddbcc3e895c2a0bceab1887,no_explicit_terminal_engine_result,17,EpisodeState.COMPLETED,1,24,55295463,win,True,26,1,True,win,/private/tmp/kaggle_eps/55565424/replays/episode-96490376-replay.json,1,d7580b35053b2d489a3d1bf56acd1b414d8794bfa2e60ac5da48cddace67367f,120,24,55565424,ended_before,,,,,,,,,,,,,,,,19,ended_before,,,,,,,,,,,,,,,,29,reached,9,True,False,1,1,29,7,18,4,4,41,6,5,88,True,
0,ok,True,96483694,False,False,DONE,,,0,2c1aa2310cc9ca51ad06ee0d52a8945979f813d6229d668f2f4364f8d6eded20,no_explicit_terminal_engine_result,16,EpisodeState.COMPLETED,1,26,55548475,win,False,26,1,True,win,/private/tmp/kaggle_eps/55565424/replays/episode-96483694-replay.json,1,5a21365a5c6e7aa6caf8f9a4f3a2a564e07dbca07d573a73eecd7c6e4f49f065,119,25,55565424,ended_before,,,,,,,,,,,,,,,,20,ended_before,,,,,,,,,,,,,,,,30,reached,10,True,False,1,1,46,33,7,6,12,29,4,5,78,True,
0,ok,True,96481435,False,False,DONE,,,0,e97bee280bc6fbbbb8a1111b180db3b111ca04e4d5f0a6620bc9551d83ece73d,no_explicit_terminal_engine_result,15,EpisodeState.COMPLETED,1,28,55284515,win,True,33,0,True,win,/private/tmp/kaggle_eps/55565424/replays/episode-96481435-replay.json,1,8483c870d51c4f842ea7c1f55a78734efb4aead54eede12e25fd98bc276d69ce,114,31,55565424,ended_before,,,,,,,,,,,,,,,,19,ended_before,,,,,,,,,,,,,,,,29,reached,9,True,False,1,1,35,15,16,4,7,38,6,5,70,True,
0,ok,True,96482553,False,False,DONE,,,0,4e7475da4dc8a73cd363d5da40640769397dacb678b285e1afc9962847aaf959,no_explicit_terminal_engine_result,20,EpisodeState.COMPLETED,1,16,55330653,win,True,39,0,True,win,/private/tmp/kaggle_eps/55565424/replays/episode-96482553-replay.json,1,233b2b5884a79ad99d34c081af8bd520a8beabe84c86f87673e2926c94956d2e,224,38,55565424,reached,19,True,False,1,1,16,9,4,3,6,20,1,10,198,True,,ended_before,,,,,,,,,,,,,,,,29,reached,9,True,False,1,1,36,22,8,6,7,40,4,5,79,True,
0,ok,True,96470714,True,True,DONE,,,1,cc8ad821f61380e31ddd1793c75bc5402c7a34b98445dbcb042c23510fa7a92c,no_explicit_terminal_engine_result,45,EpisodeState.COMPLETED,1,7,54634503,win,True,58,1,True,win,/private/tmp/kaggle_eps/55565424/replays/episode-96470714-replay.json,1,1c0f3f9c1f81079319302c908bf35a29db2941b7cca36ea5830d98d2063bb0d1,178,55,55565424,reached,19,True,False,1,1,30,26,0,4,4,30,6,10,97,True,,reached,29,True,False,1,1,23,15,4,4,6,18,6,15,126,True,,reached,9,True,False,1,1,49,39,5,5,5,36,6,5,48,True,
0,ok,True,96458917,True,True,DONE,,,0,598dddf31df8a89358baf0edd130ed03709927ab16787965794296ba91f43abd,no_explicit_terminal_engine_result,14,EpisodeState.COMPLETED,-1,14,55556008,loss,True,29,0,True,loss,/private/tmp/kaggle_eps/55565424/replays/episode-96458917-replay.json,-1,394cfac44a5807ed7d7db3ece5e584b53f3526bd7b9669406a510fc3d1366d60,117,28,55565424,ended_before,,,,,,,,,,,,,,,,19,ended_before,,,,,,,,,,,,,,,,29,reached,9,True,False,1,1,24,13,8,3,5,28,6,5,83,True,
0,ok,True,96447148,True,True,DONE,,,0,d6c88fadbe21b51b898b87cc3d8af8034abffbd659963007edc4d7a6b7e419bd,no_explicit_terminal_engine_result,20,EpisodeState.COMPLETED,-1,8,55565462,loss,True,41,0,True,loss,/private/tmp/kaggle_eps/55565424/replays/episode-96447148-replay.json,-1,f5f6966cfe6ce6c379d87d92729b3af793c7d22cce5ecbfac052aaa31aa0174a,226,39,55565424,reached,19,True,False,1,1,8,2,4,2,4,10,3,10,218,True,,ended_before,,,,,,,,,,,,,,,,29,reached,9,True,False,1,1,32,19,7,6,6,33,5,5,95,True,
0,ok,True,96433454,True,True,DONE,,,0,3b793add044e293e09bfde962daf5973b2eee6ffd1b643ca91036e44a72a7036,no_explicit_terminal_engine_result,26,EpisodeState.COMPLETED,1,9,55393088,win,False,45,1,True,win,/private/tmp/kaggle_eps/55565424/replays/episode-96433454-replay.json,1,3cf403037edd071fdb609ac7cdf1ac6ee57f0bc9fa7a96e46863c75f0bd3e3bf,120,41,55565424,reached,20,True,False,1,1,16,9,4,3,4,11,6,10,93,True,,ended_before,,,,,,,,,,,,,,,,30,reached,10,False,False,1,1,36,25,5,6,18,25,6,5,51,False,
0,ok,True,96434862,False,False,DONE,,,0,6f55d470fea08238be526cf8f6ff9d8a55d095ddcad0abccff9d9f9af3257038,no_explicit_terminal_engine_result,14,EpisodeState.COMPLETED,-1,22,55551682,loss,True,32,0,True,loss,/private/tmp/kaggle_eps/55565424/replays/episode-96434862-replay.json,-1,781fbe2af2262462bc929008b9aca88b71eb32034772fbb0e3d9caf47b470758,156,30,55565424,ended_before,,,,,,,,,,,,,,,,19,ended_before,,,,,,,,,,,,,,,,29,reached,9,True,False,1,1,27,16,6,5,7,28,5,5,95,True,
0,ok,True,96430944,True,True,DONE,,,0,fd96b95a8b8421cc92f5a566fbae7c7796785164fff8b5e86fcdcfc617aef805,no_explicit_terminal_engine_result,27,EpisodeState.COMPLETED,1,7,55289610,win,True,50,0,True,win,/private/tmp/kaggle_eps/55565424/replays/episode-96430944-replay.json,1,90eceafc333b8786209783f2651209e66c138379fce071d8433971fa60ebf2d9,144,42,55565424,reached,19,True,False,1,1,30,14,12,4,5,16,6,10,100,True,,ended_before,,,,,,,,,,,,,,,,29,reached,9,True,False,1,1,41,29,6,6,7,28,6,5,62,True,
0,ok,True,96428703,False,False,DONE,,,0,6f701027f28452c46a504139ca94c21e3b17aa061879c33e08041269f9d374c5,no_explicit_terminal_engine_result,18,EpisodeState.COMPLETED,1,15,55421127,win,False,30,1,True,win,/private/tmp/kaggle_eps/55565424/replays/episode-96428703-replay.json,1,f0ed01cb8c9903fcb700c30b12af85ae96035534c288d1ae9dc98f8fda8bf5a2,119,27,55565424,ended_before,,,,,,,,,,,,,,,,20,ended_before,,,,,,,,,,,,,,,,30,reached,10,False,False,1,1,32,17,11,4,13,24,6,5,72,False,
0,ok,True,96416393,True,True,DONE,,,1,f0a82191064c1b7816c431ffdf10af02299a92cd4e70ae8a36c65ed55b9d4097,no_explicit_terminal_engine_result,23,EpisodeState.COMPLETED,1,13,55151437,win,True,36,1,True,win,/private/tmp/kaggle_eps/55565424/replays/episode-96416393-replay.json,1,b04e75af4e47c9b4a090e8e485930d6951f2e42df1e156a351b8d078f46f6ea4,98,34,55565424,reached,19,True,False,1,1,18,4,8,6,8,27,6,10,84,True,,ended_before,,,,,,,,,,,,,,,,29,reached,9,True,False,1,1,27,17,4,6,6,32,6,5,59,True,
0,ok,True,96407272,False,False,DONE,,,0,f2fd01985db785cb1220c7908c5689fb6144edef5e5bdd4c67ac28e60915e2ff,no_explicit_terminal_engine_result,33,EpisodeState.COMPLETED,-1,30,55153394,loss,False,39,1,True,loss,/private/tmp/kaggle_eps/55565424/replays/episode-96407272-replay.json,-1,329d5869d0fbb5545949857a54050b321e591cc2bb33bf7a84e3d21c50184a81,114,39,55565424,reached,20,True,False,1,1,32,19,8,5,8,19,6,10,81,True,,reached,30,True,False,1,1,30,14,15,1,5,14,6,15,106,True,,reached,10,True,False,1,1,42,31,5,6,5,26,6,5,57,True,
0,ok,True,96397348,False,False,DONE,,,0,d92d810e9c7ddc95efb6397cb13bf7fcc39548f4f1502e49a873d9157e3c6986,no_explicit_terminal_engine_result,3,EpisodeState.COMPLETED,1,58,54295545,win,False,7,1,True,win,/private/tmp/kaggle_eps/55565424/replays/episode-96397348-replay.json,1,a3bfcb278ddd20f4e48b812da087d368eb0d2c41c94767774f5da5b4de297ee2,23,7,55565424,ended_before,,,,,,,,,,,,,,,,20,ended_before,,,,,,,,,,,,,,,,30,ended_before,,,,,,,,,,,,,,,,10
0,ok,True,96385593,True,True,DONE,,,1,226a3f40d4e3917d806f0decb2a67a26b11dbc103e565544f31e7a92a987254a,no_explicit_terminal_engine_result,17,EpisodeState.COMPLETED,1,9,55564978,win,True,35,1,True,win,/private/tmp/kaggle_eps/55565424/replays/episode-96385593-replay.json,1,ed632014a3e16caa7e780874349e388038fb3bbc889debec21c491e32c35f744,120,34,55565424,ended_before,,,,,,,,,,,,,,,,19,ended_before,,,,,,,,,,,,,,,,29,reached,9,True,False,1,1,27,10,11,6,9,25,6,5,91,True,
0,ok,True,96373258,True,True,DONE,,,0,9792f0e34290acdc7f333b840beb9c9f094c09182249465ca97f17be0c8966c7,no_explicit_terminal_engine_result,39,EpisodeState.COMPLETED,1,14,54843324,win,True,62,0,True,win,/private/tmp/kaggle_eps/55565424/replays/episode-96373258-replay.json,1,e6ad10c23e72198e9ac8ecd6541d39b7ce820b9fd9a905966db3a9a6286f07a1,154,59,55565424,reached,19,True,False,1,1,22,15,2,5,9,12,6,10,104,True,,reached,29,True,False,1,1,22,10,7,5,9,7,4,15,127,True,,reached,9,True,False,1,1,33,20,8,5,6,34,6,5,60,True,
0,ok,True,96365402,False,False,DONE,,,1,78f2d24941cb890081b865abf8da9efed8d1603948f29a065b24a8121a84996d,no_explicit_terminal_engine_result,13,EpisodeState.COMPLETED,1,20,55555508,win,True,25,1,True,win,/private/tmp/kaggle_eps/55565424/replays/episode-96365402-replay.json,1,771a823bbb11bcaffd934c24d370be6e1bd45e27ca7213b04674f8fdc74698b6,108,22,55565424,ended_before,,,,,,,,,,,,,,,,19,ended_before,,,,,,,,,,,,,,,,29,reached,9,True,False,1,1,29,10,15,4,4,36,6,5,74,True,
0,ok,True,96353616,False,False,DONE,,,0,32ae246d14e990e020e2b07743bdd2bd5e05fbeba6a5d218e2a5842226c7888d,no_explicit_terminal_engine_result,30,EpisodeState.COMPLETED,1,16,55093606,win,False,48,1,True,win,/private/tmp/kaggle_eps/55565424/replays/episode-96353616-replay.json,1,dc34c1ffb3f3fd0d2318b9f35ef31b72e6ca1487a9336fb626c541cc1e18754a,131,46,55565424,reached,20,True,False,1,1,21,7,9,5,4,35,6,10,84,True,,reached,30,True,False,1,1,16,0,14,2,10,16,6,15,127,True,,reached,10,True,False,1,1,36,27,3,6,7,40,6,5,46,True,
0,ok,True,96350068,False,False,DONE,,,0,2ccbb6d9a4eca6222da2085b7d6317422a9299ab2c7cf3e8c9fd808f16694f52,no_explicit_terminal_engine_result,38,EpisodeState.COMPLETED,1,19,55289616,win,False,51,1,True,win,/private/tmp/kaggle_eps/55565424/replays/episode-96350068-replay.json,1,c2d9c317429e53c3f1205896ee3c3eaaf9280467d137eac6d264daa97cdb1aad,138,43,55565424,reached,20,True,False,1,1,34,24,4,6,4,15,6,10,86,True,,reached,30,True,False,1,1,29,19,4,6,7,10,5,15,109,True,,reached,10,False,False,1,1,43,31,6,6,15,23,6,5,54,False,
0,ok,True,96338254,True,True,DONE,,,0,2c7cd664a5f1ddeebf03e31b34162a9701a1c324f115f5d1215ece13005d00f6,no_explicit_terminal_engine_result,10,EpisodeState.COMPLETED,1,14,53841070,win,False,15,1,True,win,/private/tmp/kaggle_eps/55565424/replays/episode-96338254-replay.json,1,6a2dbc6936a3c2ab6bba9dccfd573cefe30d4e8a586511468801171e632e737e,91,15,55565424,ended_before,,,,,,,,,,,,,,,,20,ended_before,,,,,,,,,,,,,,,,30,reached,10,True,False,1,1,14,0,8,6,10,38,6,5,88,True,
0,ok,True,96326448,True,True,DONE,,,1,4b6f263923009c3b9741f9ce26b43c0ad883b4fb6d85e8cee500e2a7178b20a0,no_explicit_terminal_engine_result,23,EpisodeState.COMPLETED,1,13,55092310,win,True,36,1,True,win,/private/tmp/kaggle_eps/55565424/replays/episode-96326448-replay.json,1,a309049b8a882629395a5c6274b42b964fc7cd17957dc1f9e9ac10615716fd78,108,28,55565424,reached,19,False,False,1,1,15,5,6,4,15,19,6,10,100,False,,ended_before,,,,,,,,,,,,,,,,29,reached,9,False,False,1,1,36,25,6,5,14,24,6,5,62,False,
0,ok,True,96314654,False,False,DONE,,,1,bf3bd56f12c610691412fe2aa72302e10d6a7b1814ec2f1946917341633446dd,no_explicit_terminal_engine_result,14,EpisodeState.COMPLETED,-1,24,55559463,loss,True,23,1,True,loss,/private/tmp/kaggle_eps/55565424/replays/episode-96314654-replay.json,-1,26b192b367a4d70a4cca6a1750f3917d87c759604b740345caeea33fcbaedb3a,111,23,55565424,ended_before,,,,,,,,,,,,,,,,19,ended_before,,,,,,,,,,,,,,,,29,reached,9,True,False,1,1,29,14,11,4,7,34,5,5,83,True,
0,ok,True,96309492,False,False,DONE,,,0,ca6f46d0c09fd865cd587089e9c216741f1d83d15140c06c5de15483462e1908,no_explicit_terminal_engine_result,17,EpisodeState.COMPLETED,1,19,55532991,win,True,33,0,True,win,/private/tmp/kaggle_eps/55565424/replays/episode-96309492-replay.json,1,d834ec4a3d9a8080bd9df0d67a0f6a93c545f959eff22e98931d7279f200fdb8,110,30,55565424,ended_before,,,,,,,,,,,,,,,,19,ended_before,,,,,,,,,,,,,,,,29,reached,9,False,False,1,1,24,10,9,5,16,23,6,5,87,False,
0,ok,True,96296468,True,True,DONE,,,1,816e377b808e5aa517ec10b5500af2f1e51474cf0f2d37e6654277c37caa0f8d,no_explicit_terminal_engine_result,22,EpisodeState.COMPLETED,-1,14,55462705,loss,True,39,1,True,loss,/private/tmp/kaggle_eps/55565424/replays/episode-96296468-replay.json,-1,d6b0d714e17cc918a0b6ce7ffd4c24455c02be57715b4f8cff8245afb84ac47a,152,38,55565424,reached,19,True,False,1,1,14,3,9,2,5,10,6,10,140,True,,ended_before,,,,,,,,,,,,,,,,29,reached,9,True,False,1,1,36,19,13,4,9,23,6,5,74,True,
0,ok,True,96297691,True,True,DONE,,,0,76baf289c441b4cfe8caf3f370025b5604dd9650be911c8d1dd87b953830c6fe,no_explicit_terminal_engine_result,24,EpisodeState.COMPLETED,1,8,54369500,win,False,43,1,True,win,/private/tmp/kaggle_eps/55565424/replays/episode-96297691-replay.json,1,a29beb131fb4c6c8c0761eb9924f89d62514fc0e8dd91c4887c17e22ebcd3d0a,239,40,55565424,reached,20,True,False,1,1,10,2,6,2,12,25,1,10,214,True,,ended_before,,,,,,,,,,,,,,,,30,reached,10,True,False,1,1,30,20,5,5,6,35,6,5,94,True,
0,ok,True,96285869,False,False,DONE,,,0,29b97447b5a91451b39b479e5cdc8a0b148b8dd0ce13171ede28033390517197,no_explicit_terminal_engine_result,23,EpisodeState.COMPLETED,-1,23,55564898,loss,False,28,1,True,loss,/private/tmp/kaggle_eps/55565424/replays/episode-96285869-replay.json,-1,b649a6b21a20fe994a6cb2c55366a251fce1bc7091c01525d76d6e6d850ea9e8,159,28,55565424,reached,20,True,False,1,1,23,10,10,3,9,23,4,10,142,True,,ended_before,,,,,,,,,,,,,,,,30,reached,10,True,False,1,1,30,19,6,5,5,34,6,5,85,True,
0,ok,True,96274045,False,False,DONE,,,0,9b47fca88455dda47c6f1443695ecd4cc5b8cc347b612e025e9e0267eacd0fab,no_explicit_terminal_engine_result,9,EpisodeState.COMPLETED,-1,25,55271211,loss,False,10,1,True,loss,/private/tmp/kaggle_eps/55565424/replays/episode-96274045-replay.json,-1,e7ad7e261e1bd5f690b074da937186e3164ad3e2d02641302f4d55ebbe876ba0,123,8,55565424,ended_before,,,,,,,,,,,,,,,,20,ended_before,,,,,,,,,,,,,,,,30,ended_before,,,,,,,,,,,,,,,,10
0,ok,True,96263820,False,False,DONE,,,0,de264b980191b653c53fac229ecb5effb94eb73b4c09b682949f9a87253157ec,no_explicit_terminal_engine_result,15,EpisodeState.COMPLETED,-1,19,55535112,loss,False,32,1,True,loss,/private/tmp/kaggle_eps/55565424/replays/episode-96263820-replay.json,-1,c0e907b4f6eff62989eac0672af98c083fd7ad0e4f91ac21e2b6698109a80b86,131,28,55565424,ended_before,,,,,,,,,,,,,,,,20,ended_before,,,,,,,,,,,,,,,,30,reached,10,False,False,1,1,22,8,11,3,14,29,6,5,97,False,
0,ok,True,96254358,True,True,DONE,,,0,8d9f7d2bf601380a6bafebb85b09881aa7d8ba1e83e2169d0a16e1432ac54f0a,no_explicit_terminal_engine_result,16,EpisodeState.COMPLETED,1,9,54882160,win,False,34,1,True,win,/private/tmp/kaggle_eps/55565424/replays/episode-96254358-replay.json,1,6ab03ef9ce5a646c431836e071bc524971159c529a543bd3aea6eea6183f347c,131,33,55565424,ended_before,,,,,,,,,,,,,,,,20,ended_before,,,,,,,,,,,,,,,,30,reached,10,True,False,1,1,17,9,4,4,8,28,6,5,87,True,
